id,dataset_id,dataset_version,edition,series_id,scope,geography,ecosystem,taxon,metric,unit,baseline_year,start_year,end_year,value,uncertainty_kind,lower,upper,uncertainty_level,uncertainty_gap,missing_reason,source_date,accessed_date,research_verified_on,original_unit,original_value,original_uncertainty_json,license_id,license_url,attribution,research_export_sha256,provenance_json
lpi-2024-owid-africa-1970-1970,lpi-2024-owid,OWID indicator 990513; updated 2024-09-30; snapshot 2026-10-08,LPR 2024,lpi-2024-owid-africa,region,Africa,All,Monitored vertebrates,relative-index,index-1970-1,1970,1970,1970,1,source-bounds,1,1,,Interval confidence level not verified in chart metadata,,2024-09-30,2026-10-08,2026-10-08,index-1970-100,100,"{""ci_high"":""100"",""ci_low"":""100"",""confidenceLevel"":null}",CC-BY-SA-4.0,https://creativecommons.org/licenses/by-sa/4.0/,"ZSL/WWF, Living Planet Index; source edition and retrieval date; Our World in Data processing where applicable.",36b87bf96cf579f6bcf5e9b97157573e897de62e65c7829bb9b3b460017d670c,"[{""datasetId"":""lpi-2024-owid"",""datasetVersion"":""OWID indicator 990513; updated 2024-09-30; snapshot 2026-10-08"",""sourceId"":""owid-lpi-2024"",""sourceUrl"":""https://ourworldindata.org/grapher/global-living-planet-index"",""sourceDate"":""2024-09-30"",""sourceEdition"":""LPR 2024"",""accessedDate"":""2026-10-08"",""inputPath"":""data/raw/public/owid-lpi-2024.csv"",""inputSha256"":""9764f5f4f9c9ff855090a34ba218b02d7878922eec485e7b42d497ce5b8b3f25"",""rowNumber"":1,""jsonPointer"":null,""locator"":""OWID lpi_final, ci_low, ci_high; conversionFactor=100; 2024 source edition"",""originalUnit"":""index-1970-100"",""originalValue"":""100"",""originalUncertainty"":{""ci_high"":""100"",""ci_low"":""100"",""confidenceLevel"":null},""rawRecord"":{""ci_high"":""100"",""ci_low"":""100"",""code"":""OWID_AFR"",""entity"":""Africa"",""lpi_final"":""100"",""year"":""1970""},""transformations"":[""Whitespace/NFC normalization; original row retained"",""Divide published 1970=100 index and bounds by 100; explicit metadata scale, not interpolation""]}]"
lpi-2024-owid-africa-1971-1971,lpi-2024-owid,OWID indicator 990513; updated 2024-09-30; snapshot 2026-10-08,LPR 2024,lpi-2024-owid-africa,region,Africa,All,Monitored vertebrates,relative-index,index-1970-1,1970,1971,1971,0.94004613,source-bounds,0.8647847000000001,1.0367786,,Interval confidence level not verified in chart metadata,,2024-09-30,2026-10-08,2026-10-08,index-1970-100,94.004613,"{""ci_high"":""103.67786000000001"",""ci_low"":""86.47847"",""confidenceLevel"":null}",CC-BY-SA-4.0,https://creativecommons.org/licenses/by-sa/4.0/,"ZSL/WWF, Living Planet Index; source edition and retrieval date; Our World in Data processing where applicable.",36b87bf96cf579f6bcf5e9b97157573e897de62e65c7829bb9b3b460017d670c,"[{""datasetId"":""lpi-2024-owid"",""datasetVersion"":""OWID indicator 990513; updated 2024-09-30; snapshot 2026-10-08"",""sourceId"":""owid-lpi-2024"",""sourceUrl"":""https://ourworldindata.org/grapher/global-living-planet-index"",""sourceDate"":""2024-09-30"",""sourceEdition"":""LPR 2024"",""accessedDate"":""2026-10-08"",""inputPath"":""data/raw/public/owid-lpi-2024.csv"",""inputSha256"":""9764f5f4f9c9ff855090a34ba218b02d7878922eec485e7b42d497ce5b8b3f25"",""rowNumber"":2,""jsonPointer"":null,""locator"":""OWID lpi_final, ci_low, ci_high; conversionFactor=100; 2024 source edition"",""originalUnit"":""index-1970-100"",""originalValue"":""94.004613"",""originalUncertainty"":{""ci_high"":""103.67786000000001"",""ci_low"":""86.47847"",""confidenceLevel"":null},""rawRecord"":{""ci_high"":""103.67786000000001"",""ci_low"":""86.47847"",""code"":""OWID_AFR"",""entity"":""Africa"",""lpi_final"":""94.004613"",""year"":""1971""},""transformations"":[""Whitespace/NFC normalization; original row retained"",""Divide published 1970=100 index and bounds by 100; explicit metadata scale, not interpolation""]}]"
lpi-2024-owid-africa-1972-1972,lpi-2024-owid,OWID indicator 990513; updated 2024-09-30; snapshot 2026-10-08,LPR 2024,lpi-2024-owid-africa,region,Africa,All,Monitored vertebrates,relative-index,index-1970-1,1970,1972,1972,0.8999699400000001,source-bounds,0.77636576,1.0599841,,Interval confidence level not verified in chart metadata,,2024-09-30,2026-10-08,2026-10-08,index-1970-100,89.996994,"{""ci_high"":""105.99841"",""ci_low"":""77.636576"",""confidenceLevel"":null}",CC-BY-SA-4.0,https://creativecommons.org/licenses/by-sa/4.0/,"ZSL/WWF, Living Planet Index; source edition and retrieval date; Our World in Data processing where applicable.",36b87bf96cf579f6bcf5e9b97157573e897de62e65c7829bb9b3b460017d670c,"[{""datasetId"":""lpi-2024-owid"",""datasetVersion"":""OWID indicator 990513; updated 2024-09-30; snapshot 2026-10-08"",""sourceId"":""owid-lpi-2024"",""sourceUrl"":""https://ourworldindata.org/grapher/global-living-planet-index"",""sourceDate"":""2024-09-30"",""sourceEdition"":""LPR 2024"",""accessedDate"":""2026-10-08"",""inputPath"":""data/raw/public/owid-lpi-2024.csv"",""inputSha256"":""9764f5f4f9c9ff855090a34ba218b02d7878922eec485e7b42d497ce5b8b3f25"",""rowNumber"":3,""jsonPointer"":null,""locator"":""OWID lpi_final, ci_low, ci_high; conversionFactor=100; 2024 source edition"",""originalUnit"":""index-1970-100"",""originalValue"":""89.996994"",""originalUncertainty"":{""ci_high"":""105.99841"",""ci_low"":""77.636576"",""confidenceLevel"":null},""rawRecord"":{""ci_high"":""105.99841"",""ci_low"":""77.636576"",""code"":""OWID_AFR"",""entity"":""Africa"",""lpi_final"":""89.996994"",""year"":""1972""},""transformations"":[""Whitespace/NFC normalization; original row retained"",""Divide published 1970=100 index and bounds by 100; explicit metadata scale, not interpolation""]}]"
lpi-2024-owid-africa-1973-1973,lpi-2024-owid,OWID indicator 990513; updated 2024-09-30; snapshot 2026-10-08,LPR 2024,lpi-2024-owid-africa,region,Africa,All,Monitored vertebrates,relative-index,index-1970-1,1970,1973,1973,0.89674807,source-bounds,0.74525344,1.0967456,,Interval confidence level not verified in chart metadata,,2024-09-30,2026-10-08,2026-10-08,index-1970-100,89.674807,"{""ci_high"":""109.67456"",""ci_low"":""74.525344"",""confidenceLevel"":null}",CC-BY-SA-4.0,https://creativecommons.org/licenses/by-sa/4.0/,"ZSL/WWF, Living Planet Index; source edition and retrieval date; Our World in Data processing where applicable.",36b87bf96cf579f6bcf5e9b97157573e897de62e65c7829bb9b3b460017d670c,"[{""datasetId"":""lpi-2024-owid"",""datasetVersion"":""OWID indicator 990513; updated 2024-09-30; snapshot 2026-10-08"",""sourceId"":""owid-lpi-2024"",""sourceUrl"":""https://ourworldindata.org/grapher/global-living-planet-index"",""sourceDate"":""2024-09-30"",""sourceEdition"":""LPR 2024"",""accessedDate"":""2026-10-08"",""inputPath"":""data/raw/public/owid-lpi-2024.csv"",""inputSha256"":""9764f5f4f9c9ff855090a34ba218b02d7878922eec485e7b42d497ce5b8b3f25"",""rowNumber"":4,""jsonPointer"":null,""locator"":""OWID lpi_final, ci_low, ci_high; conversionFactor=100; 2024 source edition"",""originalUnit"":""index-1970-100"",""originalValue"":""89.674807"",""originalUncertainty"":{""ci_high"":""109.67456"",""ci_low"":""74.525344"",""confidenceLevel"":null},""rawRecord"":{""ci_high"":""109.67456"",""ci_low"":""74.525344"",""code"":""OWID_AFR"",""entity"":""Africa"",""lpi_final"":""89.674807"",""year"":""1973""},""transformations"":[""Whitespace/NFC normalization; original row retained"",""Divide published 1970=100 index and bounds by 100; explicit metadata scale, not interpolation""]}]"
lpi-2024-owid-africa-1974-1974,lpi-2024-owid,OWID indicator 990513; updated 2024-09-30; snapshot 2026-10-08,LPR 2024,lpi-2024-owid-africa,region,Africa,All,Monitored vertebrates,relative-index,index-1970-1,1970,1974,1974,0.8561314,source-bounds,0.6787215500000001,1.0910656,,Interval confidence level not verified in chart metadata,,2024-09-30,2026-10-08,2026-10-08,index-1970-100,85.61314,"{""ci_high"":""109.10656"",""ci_low"":""67.872155"",""confidenceLevel"":null}",CC-BY-SA-4.0,https://creativecommons.org/licenses/by-sa/4.0/,"ZSL/WWF, Living Planet Index; source edition and retrieval date; Our World in Data processing where applicable.",36b87bf96cf579f6bcf5e9b97157573e897de62e65c7829bb9b3b460017d670c,"[{""datasetId"":""lpi-2024-owid"",""datasetVersion"":""OWID indicator 990513; updated 2024-09-30; snapshot 2026-10-08"",""sourceId"":""owid-lpi-2024"",""sourceUrl"":""https://ourworldindata.org/grapher/global-living-planet-index"",""sourceDate"":""2024-09-30"",""sourceEdition"":""LPR 2024"",""accessedDate"":""2026-10-08"",""inputPath"":""data/raw/public/owid-lpi-2024.csv"",""inputSha256"":""9764f5f4f9c9ff855090a34ba218b02d7878922eec485e7b42d497ce5b8b3f25"",""rowNumber"":5,""jsonPointer"":null,""locator"":""OWID lpi_final, ci_low, ci_high; conversionFactor=100; 2024 source edition"",""originalUnit"":""index-1970-100"",""originalValue"":""85.61314"",""originalUncertainty"":{""ci_high"":""109.10656"",""ci_low"":""67.872155"",""confidenceLevel"":null},""rawRecord"":{""ci_high"":""109.10656"",""ci_low"":""67.872155"",""code"":""OWID_AFR"",""entity"":""Africa"",""lpi_final"":""85.61314"",""year"":""1974""},""transformations"":[""Whitespace/NFC normalization; original row retained"",""Divide published 1970=100 index and bounds by 100; explicit metadata scale, not interpolation""]}]"
lpi-2024-owid-africa-1975-1975,lpi-2024-owid,OWID indicator 990513; updated 2024-09-30; snapshot 2026-10-08,LPR 2024,lpi-2024-owid-africa,region,Africa,All,Monitored vertebrates,relative-index,index-1970-1,1970,1975,1975,0.7987522,source-bounds,0.59519064,1.0755627,,Interval confidence level not verified in chart metadata,,2024-09-30,2026-10-08,2026-10-08,index-1970-100,79.87522,"{""ci_high"":""107.55627000000001"",""ci_low"":""59.519064"",""confidenceLevel"":null}",CC-BY-SA-4.0,https://creativecommons.org/licenses/by-sa/4.0/,"ZSL/WWF, Living Planet Index; source edition and retrieval date; Our World in Data processing where applicable.",36b87bf96cf579f6bcf5e9b97157573e897de62e65c7829bb9b3b460017d670c,"[{""datasetId"":""lpi-2024-owid"",""datasetVersion"":""OWID indicator 990513; updated 2024-09-30; snapshot 2026-10-08"",""sourceId"":""owid-lpi-2024"",""sourceUrl"":""https://ourworldindata.org/grapher/global-living-planet-index"",""sourceDate"":""2024-09-30"",""sourceEdition"":""LPR 2024"",""accessedDate"":""2026-10-08"",""inputPath"":""data/raw/public/owid-lpi-2024.csv"",""inputSha256"":""9764f5f4f9c9ff855090a34ba218b02d7878922eec485e7b42d497ce5b8b3f25"",""rowNumber"":6,""jsonPointer"":null,""locator"":""OWID lpi_final, ci_low, ci_high; conversionFactor=100; 2024 source edition"",""originalUnit"":""index-1970-100"",""originalValue"":""79.87522"",""originalUncertainty"":{""ci_high"":""107.55627000000001"",""ci_low"":""59.519064"",""confidenceLevel"":null},""rawRecord"":{""ci_high"":""107.55627000000001"",""ci_low"":""59.519064"",""code"":""OWID_AFR"",""entity"":""Africa"",""lpi_final"":""79.87522"",""year"":""1975""},""transformations"":[""Whitespace/NFC normalization; original row retained"",""Divide published 1970=100 index and bounds by 100; explicit metadata scale, not interpolation""]}]"
lpi-2024-owid-africa-1976-1976,lpi-2024-owid,OWID indicator 990513; updated 2024-09-30; snapshot 2026-10-08,LPR 2024,lpi-2024-owid-africa,region,Africa,All,Monitored vertebrates,relative-index,index-1970-1,1970,1976,1976,0.73681283,source-bounds,0.5121531,1.0557765,,Interval confidence level not verified in chart metadata,,2024-09-30,2026-10-08,2026-10-08,index-1970-100,73.681283,"{""ci_high"":""105.57764999999999"",""ci_low"":""51.21531"",""confidenceLevel"":null}",CC-BY-SA-4.0,https://creativecommons.org/licenses/by-sa/4.0/,"ZSL/WWF, Living Planet Index; source edition and retrieval date; Our World in Data processing where applicable.",36b87bf96cf579f6bcf5e9b97157573e897de62e65c7829bb9b3b460017d670c,"[{""datasetId"":""lpi-2024-owid"",""datasetVersion"":""OWID indicator 990513; updated 2024-09-30; snapshot 2026-10-08"",""sourceId"":""owid-lpi-2024"",""sourceUrl"":""https://ourworldindata.org/grapher/global-living-planet-index"",""sourceDate"":""2024-09-30"",""sourceEdition"":""LPR 2024"",""accessedDate"":""2026-10-08"",""inputPath"":""data/raw/public/owid-lpi-2024.csv"",""inputSha256"":""9764f5f4f9c9ff855090a34ba218b02d7878922eec485e7b42d497ce5b8b3f25"",""rowNumber"":7,""jsonPointer"":null,""locator"":""OWID lpi_final, ci_low, ci_high; conversionFactor=100; 2024 source edition"",""originalUnit"":""index-1970-100"",""originalValue"":""73.681283"",""originalUncertainty"":{""ci_high"":""105.57764999999999"",""ci_low"":""51.21531"",""confidenceLevel"":null},""rawRecord"":{""ci_high"":""105.57764999999999"",""ci_low"":""51.21531"",""code"":""OWID_AFR"",""entity"":""Africa"",""lpi_final"":""73.681283"",""year"":""1976""},""transformations"":[""Whitespace/NFC normalization; original row retained"",""Divide published 1970=100 index and bounds by 100; explicit metadata scale, not interpolation""]}]"
lpi-2024-owid-africa-1977-1977,lpi-2024-owid,OWID indicator 990513; updated 2024-09-30; snapshot 2026-10-08,LPR 2024,lpi-2024-owid-africa,region,Africa,All,Monitored vertebrates,relative-index,index-1970-1,1970,1977,1977,0.68556696,source-bounds,0.45856735000000004,1.0230387,,Interval confidence level not verified in chart metadata,,2024-09-30,2026-10-08,2026-10-08,index-1970-100,68.55669599999999,"{""ci_high"":""102.30387"",""ci_low"":""45.856735"",""confidenceLevel"":null}",CC-BY-SA-4.0,https://creativecommons.org/licenses/by-sa/4.0/,"ZSL/WWF, Living Planet Index; source edition and retrieval date; Our World in Data processing where applicable.",36b87bf96cf579f6bcf5e9b97157573e897de62e65c7829bb9b3b460017d670c,"[{""datasetId"":""lpi-2024-owid"",""datasetVersion"":""OWID indicator 990513; updated 2024-09-30; snapshot 2026-10-08"",""sourceId"":""owid-lpi-2024"",""sourceUrl"":""https://ourworldindata.org/grapher/global-living-planet-index"",""sourceDate"":""2024-09-30"",""sourceEdition"":""LPR 2024"",""accessedDate"":""2026-10-08"",""inputPath"":""data/raw/public/owid-lpi-2024.csv"",""inputSha256"":""9764f5f4f9c9ff855090a34ba218b02d7878922eec485e7b42d497ce5b8b3f25"",""rowNumber"":8,""jsonPointer"":null,""locator"":""OWID lpi_final, ci_low, ci_high; conversionFactor=100; 2024 source edition"",""originalUnit"":""index-1970-100"",""originalValue"":""68.55669599999999"",""originalUncertainty"":{""ci_high"":""102.30387"",""ci_low"":""45.856735"",""confidenceLevel"":null},""rawRecord"":{""ci_high"":""102.30387"",""ci_low"":""45.856735"",""code"":""OWID_AFR"",""entity"":""Africa"",""lpi_final"":""68.55669599999999"",""year"":""1977""},""transformations"":[""Whitespace/NFC normalization; original row retained"",""Divide published 1970=100 index and bounds by 100; explicit metadata scale, not interpolation""]}]"
lpi-2024-owid-africa-1978-1978,lpi-2024-owid,OWID indicator 990513; updated 2024-09-30; snapshot 2026-10-08,LPR 2024,lpi-2024-owid-africa,region,Africa,All,Monitored vertebrates,relative-index,index-1970-1,1970,1978,1978,0.6346199,source-bounds,0.41300282,0.97801065,,Interval confidence level not verified in chart metadata,,2024-09-30,2026-10-08,2026-10-08,index-1970-100,63.46199,"{""ci_high"":""97.801065"",""ci_low"":""41.300281999999996"",""confidenceLevel"":null}",CC-BY-SA-4.0,https://creativecommons.org/licenses/by-sa/4.0/,"ZSL/WWF, Living Planet Index; source edition and retrieval date; Our World in Data processing where applicable.",36b87bf96cf579f6bcf5e9b97157573e897de62e65c7829bb9b3b460017d670c,"[{""datasetId"":""lpi-2024-owid"",""datasetVersion"":""OWID indicator 990513; updated 2024-09-30; snapshot 2026-10-08"",""sourceId"":""owid-lpi-2024"",""sourceUrl"":""https://ourworldindata.org/grapher/global-living-planet-index"",""sourceDate"":""2024-09-30"",""sourceEdition"":""LPR 2024"",""accessedDate"":""2026-10-08"",""inputPath"":""data/raw/public/owid-lpi-2024.csv"",""inputSha256"":""9764f5f4f9c9ff855090a34ba218b02d7878922eec485e7b42d497ce5b8b3f25"",""rowNumber"":9,""jsonPointer"":null,""locator"":""OWID lpi_final, ci_low, ci_high; conversionFactor=100; 2024 source edition"",""originalUnit"":""index-1970-100"",""originalValue"":""63.46199"",""originalUncertainty"":{""ci_high"":""97.801065"",""ci_low"":""41.300281999999996"",""confidenceLevel"":null},""rawRecord"":{""ci_high"":""97.801065"",""ci_low"":""41.300281999999996"",""code"":""OWID_AFR"",""entity"":""Africa"",""lpi_final"":""63.46199"",""year"":""1978""},""transformations"":[""Whitespace/NFC normalization; original row retained"",""Divide published 1970=100 index and bounds by 100; explicit metadata scale, not interpolation""]}]"
lpi-2024-owid-africa-1979-1979,lpi-2024-owid,OWID indicator 990513; updated 2024-09-30; snapshot 2026-10-08,LPR 2024,lpi-2024-owid-africa,region,Africa,All,Monitored vertebrates,relative-index,index-1970-1,1970,1979,1979,0.61046195,source-bounds,0.3795998400000001,0.9852561000000001,,Interval confidence level not verified in chart metadata,,2024-09-30,2026-10-08,2026-10-08,index-1970-100,61.046195000000004,"{""ci_high"":""98.52561"",""ci_low"":""37.959984000000006"",""confidenceLevel"":null}",CC-BY-SA-4.0,https://creativecommons.org/licenses/by-sa/4.0/,"ZSL/WWF, Living Planet Index; source edition and retrieval date; Our World in Data processing where applicable.",36b87bf96cf579f6bcf5e9b97157573e897de62e65c7829bb9b3b460017d670c,"[{""datasetId"":""lpi-2024-owid"",""datasetVersion"":""OWID indicator 990513; updated 2024-09-30; snapshot 2026-10-08"",""sourceId"":""owid-lpi-2024"",""sourceUrl"":""https://ourworldindata.org/grapher/global-living-planet-index"",""sourceDate"":""2024-09-30"",""sourceEdition"":""LPR 2024"",""accessedDate"":""2026-10-08"",""inputPath"":""data/raw/public/owid-lpi-2024.csv"",""inputSha256"":""9764f5f4f9c9ff855090a34ba218b02d7878922eec485e7b42d497ce5b8b3f25"",""rowNumber"":10,""jsonPointer"":null,""locator"":""OWID lpi_final, ci_low, ci_high; conversionFactor=100; 2024 source edition"",""originalUnit"":""index-1970-100"",""originalValue"":""61.046195000000004"",""originalUncertainty"":{""ci_high"":""98.52561"",""ci_low"":""37.959984000000006"",""confidenceLevel"":null},""rawRecord"":{""ci_high"":""98.52561"",""ci_low"":""37.959984000000006"",""code"":""OWID_AFR"",""entity"":""Africa"",""lpi_final"":""61.046195000000004"",""year"":""1979""},""transformations"":[""Whitespace/NFC normalization; original row retained"",""Divide published 1970=100 index and bounds by 100; explicit metadata scale, not interpolation""]}]"
lpi-2024-owid-africa-1980-1980,lpi-2024-owid,OWID indicator 990513; updated 2024-09-30; snapshot 2026-10-08,LPR 2024,lpi-2024-owid-africa,region,Africa,All,Monitored vertebrates,relative-index,index-1970-1,1970,1980,1980,0.61535764,source-bounds,0.36123600000000006,1.0541127,,Interval confidence level not verified in chart metadata,,2024-09-30,2026-10-08,2026-10-08,index-1970-100,61.535764,"{""ci_high"":""105.41126999999999"",""ci_low"":""36.1236"",""confidenceLevel"":null}",CC-BY-SA-4.0,https://creativecommons.org/licenses/by-sa/4.0/,"ZSL/WWF, Living Planet Index; source edition and retrieval date; Our World in Data processing where applicable.",36b87bf96cf579f6bcf5e9b97157573e897de62e65c7829bb9b3b460017d670c,"[{""datasetId"":""lpi-2024-owid"",""datasetVersion"":""OWID indicator 990513; updated 2024-09-30; snapshot 2026-10-08"",""sourceId"":""owid-lpi-2024"",""sourceUrl"":""https://ourworldindata.org/grapher/global-living-planet-index"",""sourceDate"":""2024-09-30"",""sourceEdition"":""LPR 2024"",""accessedDate"":""2026-10-08"",""inputPath"":""data/raw/public/owid-lpi-2024.csv"",""inputSha256"":""9764f5f4f9c9ff855090a34ba218b02d7878922eec485e7b42d497ce5b8b3f25"",""rowNumber"":11,""jsonPointer"":null,""locator"":""OWID lpi_final, ci_low, ci_high; conversionFactor=100; 2024 source edition"",""originalUnit"":""index-1970-100"",""originalValue"":""61.535764"",""originalUncertainty"":{""ci_high"":""105.41126999999999"",""ci_low"":""36.1236"",""confidenceLevel"":null},""rawRecord"":{""ci_high"":""105.41126999999999"",""ci_low"":""36.1236"",""code"":""OWID_AFR"",""entity"":""Africa"",""lpi_final"":""61.535764"",""year"":""1980""},""transformations"":[""Whitespace/NFC normalization; original row retained"",""Divide published 1970=100 index and bounds by 100; explicit metadata scale, not interpolation""]}]"
lpi-2024-owid-africa-1981-1981,lpi-2024-owid,OWID indicator 990513; updated 2024-09-30; snapshot 2026-10-08,LPR 2024,lpi-2024-owid-africa,region,Africa,All,Monitored vertebrates,relative-index,index-1970-1,1970,1981,1981,0.6433878000000001,source-bounds,0.36375925,1.148395,,Interval confidence level not verified in chart metadata,,2024-09-30,2026-10-08,2026-10-08,index-1970-100,64.33878,"{""ci_high"":""114.8395"",""ci_low"":""36.375924999999995"",""confidenceLevel"":null}",CC-BY-SA-4.0,https://creativecommons.org/licenses/by-sa/4.0/,"ZSL/WWF, Living Planet Index; source edition and retrieval date; Our World in Data processing where applicable.",36b87bf96cf579f6bcf5e9b97157573e897de62e65c7829bb9b3b460017d670c,"[{""datasetId"":""lpi-2024-owid"",""datasetVersion"":""OWID indicator 990513; updated 2024-09-30; snapshot 2026-10-08"",""sourceId"":""owid-lpi-2024"",""sourceUrl"":""https://ourworldindata.org/grapher/global-living-planet-index"",""sourceDate"":""2024-09-30"",""sourceEdition"":""LPR 2024"",""accessedDate"":""2026-10-08"",""inputPath"":""data/raw/public/owid-lpi-2024.csv"",""inputSha256"":""9764f5f4f9c9ff855090a34ba218b02d7878922eec485e7b42d497ce5b8b3f25"",""rowNumber"":12,""jsonPointer"":null,""locator"":""OWID lpi_final, ci_low, ci_high; conversionFactor=100; 2024 source edition"",""originalUnit"":""index-1970-100"",""originalValue"":""64.33878"",""originalUncertainty"":{""ci_high"":""114.8395"",""ci_low"":""36.375924999999995"",""confidenceLevel"":null},""rawRecord"":{""ci_high"":""114.8395"",""ci_low"":""36.375924999999995"",""code"":""OWID_AFR"",""entity"":""Africa"",""lpi_final"":""64.33878"",""year"":""1981""},""transformations"":[""Whitespace/NFC normalization; original row retained"",""Divide published 1970=100 index and bounds by 100; explicit metadata scale, not interpolation""]}]"
lpi-2024-owid-africa-1982-1982,lpi-2024-owid,OWID indicator 990513; updated 2024-09-30; snapshot 2026-10-08,LPR 2024,lpi-2024-owid-africa,region,Africa,All,Monitored vertebrates,relative-index,index-1970-1,1970,1982,1982,0.6254752,source-bounds,0.34717086,1.1423649,,Interval confidence level not verified in chart metadata,,2024-09-30,2026-10-08,2026-10-08,index-1970-100,62.54752,"{""ci_high"":""114.23649"",""ci_low"":""34.717086"",""confidenceLevel"":null}",CC-BY-SA-4.0,https://creativecommons.org/licenses/by-sa/4.0/,"ZSL/WWF, Living Planet Index; source edition and retrieval date; Our World in Data processing where applicable.",36b87bf96cf579f6bcf5e9b97157573e897de62e65c7829bb9b3b460017d670c,"[{""datasetId"":""lpi-2024-owid"",""datasetVersion"":""OWID indicator 990513; updated 2024-09-30; snapshot 2026-10-08"",""sourceId"":""owid-lpi-2024"",""sourceUrl"":""https://ourworldindata.org/grapher/global-living-planet-index"",""sourceDate"":""2024-09-30"",""sourceEdition"":""LPR 2024"",""accessedDate"":""2026-10-08"",""inputPath"":""data/raw/public/owid-lpi-2024.csv"",""inputSha256"":""9764f5f4f9c9ff855090a34ba218b02d7878922eec485e7b42d497ce5b8b3f25"",""rowNumber"":13,""jsonPointer"":null,""locator"":""OWID lpi_final, ci_low, ci_high; conversionFactor=100; 2024 source edition"",""originalUnit"":""index-1970-100"",""originalValue"":""62.54752"",""originalUncertainty"":{""ci_high"":""114.23649"",""ci_low"":""34.717086"",""confidenceLevel"":null},""rawRecord"":{""ci_high"":""114.23649"",""ci_low"":""34.717086"",""code"":""OWID_AFR"",""entity"":""Africa"",""lpi_final"":""62.54752"",""year"":""1982""},""transformations"":[""Whitespace/NFC normalization; original row retained"",""Divide published 1970=100 index and bounds by 100; explicit metadata scale, not interpolation""]}]"
lpi-2024-owid-africa-1983-1983,lpi-2024-owid,OWID indicator 990513; updated 2024-09-30; snapshot 2026-10-08,LPR 2024,lpi-2024-owid-africa,region,Africa,All,Monitored vertebrates,relative-index,index-1970-1,1970,1983,1983,0.6094884,source-bounds,0.33728993,1.1178066,,Interval confidence level not verified in chart metadata,,2024-09-30,2026-10-08,2026-10-08,index-1970-100,60.948840000000004,"{""ci_high"":""111.78066"",""ci_low"":""33.728993"",""confidenceLevel"":null}",CC-BY-SA-4.0,https://creativecommons.org/licenses/by-sa/4.0/,"ZSL/WWF, Living Planet Index; source edition and retrieval date; Our World in Data processing where applicable.",36b87bf96cf579f6bcf5e9b97157573e897de62e65c7829bb9b3b460017d670c,"[{""datasetId"":""lpi-2024-owid"",""datasetVersion"":""OWID indicator 990513; updated 2024-09-30; snapshot 2026-10-08"",""sourceId"":""owid-lpi-2024"",""sourceUrl"":""https://ourworldindata.org/grapher/global-living-planet-index"",""sourceDate"":""2024-09-30"",""sourceEdition"":""LPR 2024"",""accessedDate"":""2026-10-08"",""inputPath"":""data/raw/public/owid-lpi-2024.csv"",""inputSha256"":""9764f5f4f9c9ff855090a34ba218b02d7878922eec485e7b42d497ce5b8b3f25"",""rowNumber"":14,""jsonPointer"":null,""locator"":""OWID lpi_final, ci_low, ci_high; conversionFactor=100; 2024 source edition"",""originalUnit"":""index-1970-100"",""originalValue"":""60.948840000000004"",""originalUncertainty"":{""ci_high"":""111.78066"",""ci_low"":""33.728993"",""confidenceLevel"":null},""rawRecord"":{""ci_high"":""111.78066"",""ci_low"":""33.728993"",""code"":""OWID_AFR"",""entity"":""Africa"",""lpi_final"":""60.948840000000004"",""year"":""1983""},""transformations"":[""Whitespace/NFC normalization; original row retained"",""Divide published 1970=100 index and bounds by 100; explicit metadata scale, not interpolation""]}]"
lpi-2024-owid-africa-1984-1984,lpi-2024-owid,OWID indicator 990513; updated 2024-09-30; snapshot 2026-10-08,LPR 2024,lpi-2024-owid-africa,region,Africa,All,Monitored vertebrates,relative-index,index-1970-1,1970,1984,1984,0.57786286,source-bounds,0.3187623,1.062509,,Interval confidence level not verified in chart metadata,,2024-09-30,2026-10-08,2026-10-08,index-1970-100,57.786286,"{""ci_high"":""106.25089999999999"",""ci_low"":""31.87623"",""confidenceLevel"":null}",CC-BY-SA-4.0,https://creativecommons.org/licenses/by-sa/4.0/,"ZSL/WWF, Living Planet Index; source edition and retrieval date; Our World in Data processing where applicable.",36b87bf96cf579f6bcf5e9b97157573e897de62e65c7829bb9b3b460017d670c,"[{""datasetId"":""lpi-2024-owid"",""datasetVersion"":""OWID indicator 990513; updated 2024-09-30; snapshot 2026-10-08"",""sourceId"":""owid-lpi-2024"",""sourceUrl"":""https://ourworldindata.org/grapher/global-living-planet-index"",""sourceDate"":""2024-09-30"",""sourceEdition"":""LPR 2024"",""accessedDate"":""2026-10-08"",""inputPath"":""data/raw/public/owid-lpi-2024.csv"",""inputSha256"":""9764f5f4f9c9ff855090a34ba218b02d7878922eec485e7b42d497ce5b8b3f25"",""rowNumber"":15,""jsonPointer"":null,""locator"":""OWID lpi_final, ci_low, ci_high; conversionFactor=100; 2024 source edition"",""originalUnit"":""index-1970-100"",""originalValue"":""57.786286"",""originalUncertainty"":{""ci_high"":""106.25089999999999"",""ci_low"":""31.87623"",""confidenceLevel"":null},""rawRecord"":{""ci_high"":""106.25089999999999"",""ci_low"":""31.87623"",""code"":""OWID_AFR"",""entity"":""Africa"",""lpi_final"":""57.786286"",""year"":""1984""},""transformations"":[""Whitespace/NFC normalization; original row retained"",""Divide published 1970=100 index and bounds by 100; explicit metadata scale, not interpolation""]}]"
lpi-2024-owid-africa-1985-1985,lpi-2024-owid,OWID indicator 990513; updated 2024-09-30; snapshot 2026-10-08,LPR 2024,lpi-2024-owid-africa,region,Africa,All,Monitored vertebrates,relative-index,index-1970-1,1970,1985,1985,0.5421002,source-bounds,0.29702437,1.0020068,,Interval confidence level not verified in chart metadata,,2024-09-30,2026-10-08,2026-10-08,index-1970-100,54.21002,"{""ci_high"":""100.20067999999999"",""ci_low"":""29.702437"",""confidenceLevel"":null}",CC-BY-SA-4.0,https://creativecommons.org/licenses/by-sa/4.0/,"ZSL/WWF, Living Planet Index; source edition and retrieval date; Our World in Data processing where applicable.",36b87bf96cf579f6bcf5e9b97157573e897de62e65c7829bb9b3b460017d670c,"[{""datasetId"":""lpi-2024-owid"",""datasetVersion"":""OWID indicator 990513; updated 2024-09-30; snapshot 2026-10-08"",""sourceId"":""owid-lpi-2024"",""sourceUrl"":""https://ourworldindata.org/grapher/global-living-planet-index"",""sourceDate"":""2024-09-30"",""sourceEdition"":""LPR 2024"",""accessedDate"":""2026-10-08"",""inputPath"":""data/raw/public/owid-lpi-2024.csv"",""inputSha256"":""9764f5f4f9c9ff855090a34ba218b02d7878922eec485e7b42d497ce5b8b3f25"",""rowNumber"":16,""jsonPointer"":null,""locator"":""OWID lpi_final, ci_low, ci_high; conversionFactor=100; 2024 source edition"",""originalUnit"":""index-1970-100"",""originalValue"":""54.21002"",""originalUncertainty"":{""ci_high"":""100.20067999999999"",""ci_low"":""29.702437"",""confidenceLevel"":null},""rawRecord"":{""ci_high"":""100.20067999999999"",""ci_low"":""29.702437"",""code"":""OWID_AFR"",""entity"":""Africa"",""lpi_final"":""54.21002"",""year"":""1985""},""transformations"":[""Whitespace/NFC normalization; original row retained"",""Divide published 1970=100 index and bounds by 100; explicit metadata scale, not interpolation""]}]"
lpi-2024-owid-africa-1986-1986,lpi-2024-owid,OWID indicator 990513; updated 2024-09-30; snapshot 2026-10-08,LPR 2024,lpi-2024-owid-africa,region,Africa,All,Monitored vertebrates,relative-index,index-1970-1,1970,1986,1986,0.509055,source-bounds,0.2764417,0.94659775,,Interval confidence level not verified in chart metadata,,2024-09-30,2026-10-08,2026-10-08,index-1970-100,50.9055,"{""ci_high"":""94.659775"",""ci_low"":""27.644170000000003"",""confidenceLevel"":null}",CC-BY-SA-4.0,https://creativecommons.org/licenses/by-sa/4.0/,"ZSL/WWF, Living Planet Index; source edition and retrieval date; Our World in Data processing where applicable.",36b87bf96cf579f6bcf5e9b97157573e897de62e65c7829bb9b3b460017d670c,"[{""datasetId"":""lpi-2024-owid"",""datasetVersion"":""OWID indicator 990513; updated 2024-09-30; snapshot 2026-10-08"",""sourceId"":""owid-lpi-2024"",""sourceUrl"":""https://ourworldindata.org/grapher/global-living-planet-index"",""sourceDate"":""2024-09-30"",""sourceEdition"":""LPR 2024"",""accessedDate"":""2026-10-08"",""inputPath"":""data/raw/public/owid-lpi-2024.csv"",""inputSha256"":""9764f5f4f9c9ff855090a34ba218b02d7878922eec485e7b42d497ce5b8b3f25"",""rowNumber"":17,""jsonPointer"":null,""locator"":""OWID lpi_final, ci_low, ci_high; conversionFactor=100; 2024 source edition"",""originalUnit"":""index-1970-100"",""originalValue"":""50.9055"",""originalUncertainty"":{""ci_high"":""94.659775"",""ci_low"":""27.644170000000003"",""confidenceLevel"":null},""rawRecord"":{""ci_high"":""94.659775"",""ci_low"":""27.644170000000003"",""code"":""OWID_AFR"",""entity"":""Africa"",""lpi_final"":""50.9055"",""year"":""1986""},""transformations"":[""Whitespace/NFC normalization; original row retained"",""Divide published 1970=100 index and bounds by 100; explicit metadata scale, not interpolation""]}]"
lpi-2024-owid-africa-1987-1987,lpi-2024-owid,OWID indicator 990513; updated 2024-09-30; snapshot 2026-10-08,LPR 2024,lpi-2024-owid-africa,region,Africa,All,Monitored vertebrates,relative-index,index-1970-1,1970,1987,1987,0.48512694000000006,source-bounds,0.2607593,0.9078437000000001,,Interval confidence level not verified in chart metadata,,2024-09-30,2026-10-08,2026-10-08,index-1970-100,48.512694,"{""ci_high"":""90.78437000000001"",""ci_low"":""26.075930000000003"",""confidenceLevel"":null}",CC-BY-SA-4.0,https://creativecommons.org/licenses/by-sa/4.0/,"ZSL/WWF, Living Planet Index; source edition and retrieval date; Our World in Data processing where applicable.",36b87bf96cf579f6bcf5e9b97157573e897de62e65c7829bb9b3b460017d670c,"[{""datasetId"":""lpi-2024-owid"",""datasetVersion"":""OWID indicator 990513; updated 2024-09-30; snapshot 2026-10-08"",""sourceId"":""owid-lpi-2024"",""sourceUrl"":""https://ourworldindata.org/grapher/global-living-planet-index"",""sourceDate"":""2024-09-30"",""sourceEdition"":""LPR 2024"",""accessedDate"":""2026-10-08"",""inputPath"":""data/raw/public/owid-lpi-2024.csv"",""inputSha256"":""9764f5f4f9c9ff855090a34ba218b02d7878922eec485e7b42d497ce5b8b3f25"",""rowNumber"":18,""jsonPointer"":null,""locator"":""OWID lpi_final, ci_low, ci_high; conversionFactor=100; 2024 source edition"",""originalUnit"":""index-1970-100"",""originalValue"":""48.512694"",""originalUncertainty"":{""ci_high"":""90.78437000000001"",""ci_low"":""26.075930000000003"",""confidenceLevel"":null},""rawRecord"":{""ci_high"":""90.78437000000001"",""ci_low"":""26.075930000000003"",""code"":""OWID_AFR"",""entity"":""Africa"",""lpi_final"":""48.512694"",""year"":""1987""},""transformations"":[""Whitespace/NFC normalization; original row retained"",""Divide published 1970=100 index and bounds by 100; explicit metadata scale, not interpolation""]}]"
lpi-2024-owid-africa-1988-1988,lpi-2024-owid,OWID indicator 990513; updated 2024-09-30; snapshot 2026-10-08,LPR 2024,lpi-2024-owid-africa,region,Africa,All,Monitored vertebrates,relative-index,index-1970-1,1970,1988,1988,0.46974334,source-bounds,0.25146198,0.8848914000000001,,Interval confidence level not verified in chart metadata,,2024-09-30,2026-10-08,2026-10-08,index-1970-100,46.974334,"{""ci_high"":""88.48914"",""ci_low"":""25.146198"",""confidenceLevel"":null}",CC-BY-SA-4.0,https://creativecommons.org/licenses/by-sa/4.0/,"ZSL/WWF, Living Planet Index; source edition and retrieval date; Our World in Data processing where applicable.",36b87bf96cf579f6bcf5e9b97157573e897de62e65c7829bb9b3b460017d670c,"[{""datasetId"":""lpi-2024-owid"",""datasetVersion"":""OWID indicator 990513; updated 2024-09-30; snapshot 2026-10-08"",""sourceId"":""owid-lpi-2024"",""sourceUrl"":""https://ourworldindata.org/grapher/global-living-planet-index"",""sourceDate"":""2024-09-30"",""sourceEdition"":""LPR 2024"",""accessedDate"":""2026-10-08"",""inputPath"":""data/raw/public/owid-lpi-2024.csv"",""inputSha256"":""9764f5f4f9c9ff855090a34ba218b02d7878922eec485e7b42d497ce5b8b3f25"",""rowNumber"":19,""jsonPointer"":null,""locator"":""OWID lpi_final, ci_low, ci_high; conversionFactor=100; 2024 source edition"",""originalUnit"":""index-1970-100"",""originalValue"":""46.974334"",""originalUncertainty"":{""ci_high"":""88.48914"",""ci_low"":""25.146198"",""confidenceLevel"":null},""rawRecord"":{""ci_high"":""88.48914"",""ci_low"":""25.146198"",""code"":""OWID_AFR"",""entity"":""Africa"",""lpi_final"":""46.974334"",""year"":""1988""},""transformations"":[""Whitespace/NFC normalization; original row retained"",""Divide published 1970=100 index and bounds by 100; explicit metadata scale, not interpolation""]}]"
lpi-2024-owid-africa-1989-1989,lpi-2024-owid,OWID indicator 990513; updated 2024-09-30; snapshot 2026-10-08,LPR 2024,lpi-2024-owid-africa,region,Africa,All,Monitored vertebrates,relative-index,index-1970-1,1970,1989,1989,0.45379722,source-bounds,0.24232860000000003,0.8604856,,Interval confidence level not verified in chart metadata,,2024-09-30,2026-10-08,2026-10-08,index-1970-100,45.379722,"{""ci_high"":""86.04856"",""ci_low"":""24.232860000000002"",""confidenceLevel"":null}",CC-BY-SA-4.0,https://creativecommons.org/licenses/by-sa/4.0/,"ZSL/WWF, Living Planet Index; source edition and retrieval date; Our World in Data processing where applicable.",36b87bf96cf579f6bcf5e9b97157573e897de62e65c7829bb9b3b460017d670c,"[{""datasetId"":""lpi-2024-owid"",""datasetVersion"":""OWID indicator 990513; updated 2024-09-30; snapshot 2026-10-08"",""sourceId"":""owid-lpi-2024"",""sourceUrl"":""https://ourworldindata.org/grapher/global-living-planet-index"",""sourceDate"":""2024-09-30"",""sourceEdition"":""LPR 2024"",""accessedDate"":""2026-10-08"",""inputPath"":""data/raw/public/owid-lpi-2024.csv"",""inputSha256"":""9764f5f4f9c9ff855090a34ba218b02d7878922eec485e7b42d497ce5b8b3f25"",""rowNumber"":20,""jsonPointer"":null,""locator"":""OWID lpi_final, ci_low, ci_high; conversionFactor=100; 2024 source edition"",""originalUnit"":""index-1970-100"",""originalValue"":""45.379722"",""originalUncertainty"":{""ci_high"":""86.04856"",""ci_low"":""24.232860000000002"",""confidenceLevel"":null},""rawRecord"":{""ci_high"":""86.04856"",""ci_low"":""24.232860000000002"",""code"":""OWID_AFR"",""entity"":""Africa"",""lpi_final"":""45.379722"",""year"":""1989""},""transformations"":[""Whitespace/NFC normalization; original row retained"",""Divide published 1970=100 index and bounds by 100; explicit metadata scale, not interpolation""]}]"
lpi-2024-owid-africa-1990-1990,lpi-2024-owid,OWID indicator 990513; updated 2024-09-30; snapshot 2026-10-08,LPR 2024,lpi-2024-owid-africa,region,Africa,All,Monitored vertebrates,relative-index,index-1970-1,1970,1990,1990,0.43616715,source-bounds,0.23154394,0.8313535000000001,,Interval confidence level not verified in chart metadata,,2024-09-30,2026-10-08,2026-10-08,index-1970-100,43.616715,"{""ci_high"":""83.13535"",""ci_low"":""23.154394"",""confidenceLevel"":null}",CC-BY-SA-4.0,https://creativecommons.org/licenses/by-sa/4.0/,"ZSL/WWF, Living Planet Index; source edition and retrieval date; Our World in Data processing where applicable.",36b87bf96cf579f6bcf5e9b97157573e897de62e65c7829bb9b3b460017d670c,"[{""datasetId"":""lpi-2024-owid"",""datasetVersion"":""OWID indicator 990513; updated 2024-09-30; snapshot 2026-10-08"",""sourceId"":""owid-lpi-2024"",""sourceUrl"":""https://ourworldindata.org/grapher/global-living-planet-index"",""sourceDate"":""2024-09-30"",""sourceEdition"":""LPR 2024"",""accessedDate"":""2026-10-08"",""inputPath"":""data/raw/public/owid-lpi-2024.csv"",""inputSha256"":""9764f5f4f9c9ff855090a34ba218b02d7878922eec485e7b42d497ce5b8b3f25"",""rowNumber"":21,""jsonPointer"":null,""locator"":""OWID lpi_final, ci_low, ci_high; conversionFactor=100; 2024 source edition"",""originalUnit"":""index-1970-100"",""originalValue"":""43.616715"",""originalUncertainty"":{""ci_high"":""83.13535"",""ci_low"":""23.154394"",""confidenceLevel"":null},""rawRecord"":{""ci_high"":""83.13535"",""ci_low"":""23.154394"",""code"":""OWID_AFR"",""entity"":""Africa"",""lpi_final"":""43.616715"",""year"":""1990""},""transformations"":[""Whitespace/NFC normalization; original row retained"",""Divide published 1970=100 index and bounds by 100; explicit metadata scale, not interpolation""]}]"
lpi-2024-owid-africa-1991-1991,lpi-2024-owid,OWID indicator 990513; updated 2024-09-30; snapshot 2026-10-08,LPR 2024,lpi-2024-owid-africa,region,Africa,All,Monitored vertebrates,relative-index,index-1970-1,1970,1991,1991,0.4295254,source-bounds,0.22641376,0.82305026,,Interval confidence level not verified in chart metadata,,2024-09-30,2026-10-08,2026-10-08,index-1970-100,42.95254,"{""ci_high"":""82.305026"",""ci_low"":""22.641375999999998"",""confidenceLevel"":null}",CC-BY-SA-4.0,https://creativecommons.org/licenses/by-sa/4.0/,"ZSL/WWF, Living Planet Index; source edition and retrieval date; Our World in Data processing where applicable.",36b87bf96cf579f6bcf5e9b97157573e897de62e65c7829bb9b3b460017d670c,"[{""datasetId"":""lpi-2024-owid"",""datasetVersion"":""OWID indicator 990513; updated 2024-09-30; snapshot 2026-10-08"",""sourceId"":""owid-lpi-2024"",""sourceUrl"":""https://ourworldindata.org/grapher/global-living-planet-index"",""sourceDate"":""2024-09-30"",""sourceEdition"":""LPR 2024"",""accessedDate"":""2026-10-08"",""inputPath"":""data/raw/public/owid-lpi-2024.csv"",""inputSha256"":""9764f5f4f9c9ff855090a34ba218b02d7878922eec485e7b42d497ce5b8b3f25"",""rowNumber"":22,""jsonPointer"":null,""locator"":""OWID lpi_final, ci_low, ci_high; conversionFactor=100; 2024 source edition"",""originalUnit"":""index-1970-100"",""originalValue"":""42.95254"",""originalUncertainty"":{""ci_high"":""82.305026"",""ci_low"":""22.641375999999998"",""confidenceLevel"":null},""rawRecord"":{""ci_high"":""82.305026"",""ci_low"":""22.641375999999998"",""code"":""OWID_AFR"",""entity"":""Africa"",""lpi_final"":""42.95254"",""year"":""1991""},""transformations"":[""Whitespace/NFC normalization; original row retained"",""Divide published 1970=100 index and bounds by 100; explicit metadata scale, not interpolation""]}]"
lpi-2024-owid-africa-1992-1992,lpi-2024-owid,OWID indicator 990513; updated 2024-09-30; snapshot 2026-10-08,LPR 2024,lpi-2024-owid-africa,region,Africa,All,Monitored vertebrates,relative-index,index-1970-1,1970,1992,1992,0.43475807000000005,source-bounds,0.22714485,0.83721936,,Interval confidence level not verified in chart metadata,,2024-09-30,2026-10-08,2026-10-08,index-1970-100,43.475807,"{""ci_high"":""83.721936"",""ci_low"":""22.714485"",""confidenceLevel"":null}",CC-BY-SA-4.0,https://creativecommons.org/licenses/by-sa/4.0/,"ZSL/WWF, Living Planet Index; source edition and retrieval date; Our World in Data processing where applicable.",36b87bf96cf579f6bcf5e9b97157573e897de62e65c7829bb9b3b460017d670c,"[{""datasetId"":""lpi-2024-owid"",""datasetVersion"":""OWID indicator 990513; updated 2024-09-30; snapshot 2026-10-08"",""sourceId"":""owid-lpi-2024"",""sourceUrl"":""https://ourworldindata.org/grapher/global-living-planet-index"",""sourceDate"":""2024-09-30"",""sourceEdition"":""LPR 2024"",""accessedDate"":""2026-10-08"",""inputPath"":""data/raw/public/owid-lpi-2024.csv"",""inputSha256"":""9764f5f4f9c9ff855090a34ba218b02d7878922eec485e7b42d497ce5b8b3f25"",""rowNumber"":23,""jsonPointer"":null,""locator"":""OWID lpi_final, ci_low, ci_high; conversionFactor=100; 2024 source edition"",""originalUnit"":""index-1970-100"",""originalValue"":""43.475807"",""originalUncertainty"":{""ci_high"":""83.721936"",""ci_low"":""22.714485"",""confidenceLevel"":null},""rawRecord"":{""ci_high"":""83.721936"",""ci_low"":""22.714485"",""code"":""OWID_AFR"",""entity"":""Africa"",""lpi_final"":""43.475807"",""year"":""1992""},""transformations"":[""Whitespace/NFC normalization; original row retained"",""Divide published 1970=100 index and bounds by 100; explicit metadata scale, not interpolation""]}]"
lpi-2024-owid-africa-1993-1993,lpi-2024-owid,OWID indicator 990513; updated 2024-09-30; snapshot 2026-10-08,LPR 2024,lpi-2024-owid-africa,region,Africa,All,Monitored vertebrates,relative-index,index-1970-1,1970,1993,1993,0.43948746,source-bounds,0.22794339000000002,0.8525987,,Interval confidence level not verified in chart metadata,,2024-09-30,2026-10-08,2026-10-08,index-1970-100,43.948746,"{""ci_high"":""85.25987"",""ci_low"":""22.794339"",""confidenceLevel"":null}",CC-BY-SA-4.0,https://creativecommons.org/licenses/by-sa/4.0/,"ZSL/WWF, Living Planet Index; source edition and retrieval date; Our World in Data processing where applicable.",36b87bf96cf579f6bcf5e9b97157573e897de62e65c7829bb9b3b460017d670c,"[{""datasetId"":""lpi-2024-owid"",""datasetVersion"":""OWID indicator 990513; updated 2024-09-30; snapshot 2026-10-08"",""sourceId"":""owid-lpi-2024"",""sourceUrl"":""https://ourworldindata.org/grapher/global-living-planet-index"",""sourceDate"":""2024-09-30"",""sourceEdition"":""LPR 2024"",""accessedDate"":""2026-10-08"",""inputPath"":""data/raw/public/owid-lpi-2024.csv"",""inputSha256"":""9764f5f4f9c9ff855090a34ba218b02d7878922eec485e7b42d497ce5b8b3f25"",""rowNumber"":24,""jsonPointer"":null,""locator"":""OWID lpi_final, ci_low, ci_high; conversionFactor=100; 2024 source edition"",""originalUnit"":""index-1970-100"",""originalValue"":""43.948746"",""originalUncertainty"":{""ci_high"":""85.25987"",""ci_low"":""22.794339"",""confidenceLevel"":null},""rawRecord"":{""ci_high"":""85.25987"",""ci_low"":""22.794339"",""code"":""OWID_AFR"",""entity"":""Africa"",""lpi_final"":""43.948746"",""year"":""1993""},""transformations"":[""Whitespace/NFC normalization; original row retained"",""Divide published 1970=100 index and bounds by 100; explicit metadata scale, not interpolation""]}]"
lpi-2024-owid-africa-1994-1994,lpi-2024-owid,OWID indicator 990513; updated 2024-09-30; snapshot 2026-10-08,LPR 2024,lpi-2024-owid-africa,region,Africa,All,Monitored vertebrates,relative-index,index-1970-1,1970,1994,1994,0.44490870000000005,source-bounds,0.2281294,0.87306833,,Interval confidence level not verified in chart metadata,,2024-09-30,2026-10-08,2026-10-08,index-1970-100,44.49087,"{""ci_high"":""87.306833"",""ci_low"":""22.81294"",""confidenceLevel"":null}",CC-BY-SA-4.0,https://creativecommons.org/licenses/by-sa/4.0/,"ZSL/WWF, Living Planet Index; source edition and retrieval date; Our World in Data processing where applicable.",36b87bf96cf579f6bcf5e9b97157573e897de62e65c7829bb9b3b460017d670c,"[{""datasetId"":""lpi-2024-owid"",""datasetVersion"":""OWID indicator 990513; updated 2024-09-30; snapshot 2026-10-08"",""sourceId"":""owid-lpi-2024"",""sourceUrl"":""https://ourworldindata.org/grapher/global-living-planet-index"",""sourceDate"":""2024-09-30"",""sourceEdition"":""LPR 2024"",""accessedDate"":""2026-10-08"",""inputPath"":""data/raw/public/owid-lpi-2024.csv"",""inputSha256"":""9764f5f4f9c9ff855090a34ba218b02d7878922eec485e7b42d497ce5b8b3f25"",""rowNumber"":25,""jsonPointer"":null,""locator"":""OWID lpi_final, ci_low, ci_high; conversionFactor=100; 2024 source edition"",""originalUnit"":""index-1970-100"",""originalValue"":""44.49087"",""originalUncertainty"":{""ci_high"":""87.306833"",""ci_low"":""22.81294"",""confidenceLevel"":null},""rawRecord"":{""ci_high"":""87.306833"",""ci_low"":""22.81294"",""code"":""OWID_AFR"",""entity"":""Africa"",""lpi_final"":""44.49087"",""year"":""1994""},""transformations"":[""Whitespace/NFC normalization; original row retained"",""Divide published 1970=100 index and bounds by 100; explicit metadata scale, not interpolation""]}]"
lpi-2024-owid-africa-1995-1995,lpi-2024-owid,OWID indicator 990513; updated 2024-09-30; snapshot 2026-10-08,LPR 2024,lpi-2024-owid-africa,region,Africa,All,Monitored vertebrates,relative-index,index-1970-1,1970,1995,1995,0.44059843000000004,source-bounds,0.22427095000000002,0.87331957,,Interval confidence level not verified in chart metadata,,2024-09-30,2026-10-08,2026-10-08,index-1970-100,44.059843,"{""ci_high"":""87.331957"",""ci_low"":""22.427095"",""confidenceLevel"":null}",CC-BY-SA-4.0,https://creativecommons.org/licenses/by-sa/4.0/,"ZSL/WWF, Living Planet Index; source edition and retrieval date; Our World in Data processing where applicable.",36b87bf96cf579f6bcf5e9b97157573e897de62e65c7829bb9b3b460017d670c,"[{""datasetId"":""lpi-2024-owid"",""datasetVersion"":""OWID indicator 990513; updated 2024-09-30; snapshot 2026-10-08"",""sourceId"":""owid-lpi-2024"",""sourceUrl"":""https://ourworldindata.org/grapher/global-living-planet-index"",""sourceDate"":""2024-09-30"",""sourceEdition"":""LPR 2024"",""accessedDate"":""2026-10-08"",""inputPath"":""data/raw/public/owid-lpi-2024.csv"",""inputSha256"":""9764f5f4f9c9ff855090a34ba218b02d7878922eec485e7b42d497ce5b8b3f25"",""rowNumber"":26,""jsonPointer"":null,""locator"":""OWID lpi_final, ci_low, ci_high; conversionFactor=100; 2024 source edition"",""originalUnit"":""index-1970-100"",""originalValue"":""44.059843"",""originalUncertainty"":{""ci_high"":""87.331957"",""ci_low"":""22.427095"",""confidenceLevel"":null},""rawRecord"":{""ci_high"":""87.331957"",""ci_low"":""22.427095"",""code"":""OWID_AFR"",""entity"":""Africa"",""lpi_final"":""44.059843"",""year"":""1995""},""transformations"":[""Whitespace/NFC normalization; original row retained"",""Divide published 1970=100 index and bounds by 100; explicit metadata scale, not interpolation""]}]"
lpi-2024-owid-africa-1996-1996,lpi-2024-owid,OWID indicator 990513; updated 2024-09-30; snapshot 2026-10-08,LPR 2024,lpi-2024-owid-africa,region,Africa,All,Monitored vertebrates,relative-index,index-1970-1,1970,1996,1996,0.43973678,source-bounds,0.22282863,0.8773531,,Interval confidence level not verified in chart metadata,,2024-09-30,2026-10-08,2026-10-08,index-1970-100,43.973678,"{""ci_high"":""87.73531"",""ci_low"":""22.282863"",""confidenceLevel"":null}",CC-BY-SA-4.0,https://creativecommons.org/licenses/by-sa/4.0/,"ZSL/WWF, Living Planet Index; source edition and retrieval date; Our World in Data processing where applicable.",36b87bf96cf579f6bcf5e9b97157573e897de62e65c7829bb9b3b460017d670c,"[{""datasetId"":""lpi-2024-owid"",""datasetVersion"":""OWID indicator 990513; updated 2024-09-30; snapshot 2026-10-08"",""sourceId"":""owid-lpi-2024"",""sourceUrl"":""https://ourworldindata.org/grapher/global-living-planet-index"",""sourceDate"":""2024-09-30"",""sourceEdition"":""LPR 2024"",""accessedDate"":""2026-10-08"",""inputPath"":""data/raw/public/owid-lpi-2024.csv"",""inputSha256"":""9764f5f4f9c9ff855090a34ba218b02d7878922eec485e7b42d497ce5b8b3f25"",""rowNumber"":27,""jsonPointer"":null,""locator"":""OWID lpi_final, ci_low, ci_high; conversionFactor=100; 2024 source edition"",""originalUnit"":""index-1970-100"",""originalValue"":""43.973678"",""originalUncertainty"":{""ci_high"":""87.73531"",""ci_low"":""22.282863"",""confidenceLevel"":null},""rawRecord"":{""ci_high"":""87.73531"",""ci_low"":""22.282863"",""code"":""OWID_AFR"",""entity"":""Africa"",""lpi_final"":""43.973678"",""year"":""1996""},""transformations"":[""Whitespace/NFC normalization; original row retained"",""Divide published 1970=100 index and bounds by 100; explicit metadata scale, not interpolation""]}]"
lpi-2024-owid-africa-1997-1997,lpi-2024-owid,OWID indicator 990513; updated 2024-09-30; snapshot 2026-10-08,LPR 2024,lpi-2024-owid-africa,region,Africa,All,Monitored vertebrates,relative-index,index-1970-1,1970,1997,1997,0.43074483,source-bounds,0.21814700000000004,0.8601516000000001,,Interval confidence level not verified in chart metadata,,2024-09-30,2026-10-08,2026-10-08,index-1970-100,43.074483,"{""ci_high"":""86.01516000000001"",""ci_low"":""21.814700000000002"",""confidenceLevel"":null}",CC-BY-SA-4.0,https://creativecommons.org/licenses/by-sa/4.0/,"ZSL/WWF, Living Planet Index; source edition and retrieval date; Our World in Data processing where applicable.",36b87bf96cf579f6bcf5e9b97157573e897de62e65c7829bb9b3b460017d670c,"[{""datasetId"":""lpi-2024-owid"",""datasetVersion"":""OWID indicator 990513; updated 2024-09-30; snapshot 2026-10-08"",""sourceId"":""owid-lpi-2024"",""sourceUrl"":""https://ourworldindata.org/grapher/global-living-planet-index"",""sourceDate"":""2024-09-30"",""sourceEdition"":""LPR 2024"",""accessedDate"":""2026-10-08"",""inputPath"":""data/raw/public/owid-lpi-2024.csv"",""inputSha256"":""9764f5f4f9c9ff855090a34ba218b02d7878922eec485e7b42d497ce5b8b3f25"",""rowNumber"":28,""jsonPointer"":null,""locator"":""OWID lpi_final, ci_low, ci_high; conversionFactor=100; 2024 source edition"",""originalUnit"":""index-1970-100"",""originalValue"":""43.074483"",""originalUncertainty"":{""ci_high"":""86.01516000000001"",""ci_low"":""21.814700000000002"",""confidenceLevel"":null},""rawRecord"":{""ci_high"":""86.01516000000001"",""ci_low"":""21.814700000000002"",""code"":""OWID_AFR"",""entity"":""Africa"",""lpi_final"":""43.074483"",""year"":""1997""},""transformations"":[""Whitespace/NFC normalization; original row retained"",""Divide published 1970=100 index and bounds by 100; explicit metadata scale, not interpolation""]}]"
lpi-2024-owid-africa-1998-1998,lpi-2024-owid,OWID indicator 990513; updated 2024-09-30; snapshot 2026-10-08,LPR 2024,lpi-2024-owid-africa,region,Africa,All,Monitored vertebrates,relative-index,index-1970-1,1970,1998,1998,0.42116538,source-bounds,0.21278445,0.8401783,,Interval confidence level not verified in chart metadata,,2024-09-30,2026-10-08,2026-10-08,index-1970-100,42.116538,"{""ci_high"":""84.01783"",""ci_low"":""21.278445"",""confidenceLevel"":null}",CC-BY-SA-4.0,https://creativecommons.org/licenses/by-sa/4.0/,"ZSL/WWF, Living Planet Index; source edition and retrieval date; Our World in Data processing where applicable.",36b87bf96cf579f6bcf5e9b97157573e897de62e65c7829bb9b3b460017d670c,"[{""datasetId"":""lpi-2024-owid"",""datasetVersion"":""OWID indicator 990513; updated 2024-09-30; snapshot 2026-10-08"",""sourceId"":""owid-lpi-2024"",""sourceUrl"":""https://ourworldindata.org/grapher/global-living-planet-index"",""sourceDate"":""2024-09-30"",""sourceEdition"":""LPR 2024"",""accessedDate"":""2026-10-08"",""inputPath"":""data/raw/public/owid-lpi-2024.csv"",""inputSha256"":""9764f5f4f9c9ff855090a34ba218b02d7878922eec485e7b42d497ce5b8b3f25"",""rowNumber"":29,""jsonPointer"":null,""locator"":""OWID lpi_final, ci_low, ci_high; conversionFactor=100; 2024 source edition"",""originalUnit"":""index-1970-100"",""originalValue"":""42.116538"",""originalUncertainty"":{""ci_high"":""84.01783"",""ci_low"":""21.278445"",""confidenceLevel"":null},""rawRecord"":{""ci_high"":""84.01783"",""ci_low"":""21.278445"",""code"":""OWID_AFR"",""entity"":""Africa"",""lpi_final"":""42.116538"",""year"":""1998""},""transformations"":[""Whitespace/NFC normalization; original row retained"",""Divide published 1970=100 index and bounds by 100; explicit metadata scale, not interpolation""]}]"
lpi-2024-owid-africa-1999-1999,lpi-2024-owid,OWID indicator 990513; updated 2024-09-30; snapshot 2026-10-08,LPR 2024,lpi-2024-owid-africa,region,Africa,All,Monitored vertebrates,relative-index,index-1970-1,1970,1999,1999,0.41479552,source-bounds,0.20922288000000003,0.8284506,,Interval confidence level not verified in chart metadata,,2024-09-30,2026-10-08,2026-10-08,index-1970-100,41.479552,"{""ci_high"":""82.84506"",""ci_low"":""20.922288"",""confidenceLevel"":null}",CC-BY-SA-4.0,https://creativecommons.org/licenses/by-sa/4.0/,"ZSL/WWF, Living Planet Index; source edition and retrieval date; Our World in Data processing where applicable.",36b87bf96cf579f6bcf5e9b97157573e897de62e65c7829bb9b3b460017d670c,"[{""datasetId"":""lpi-2024-owid"",""datasetVersion"":""OWID indicator 990513; updated 2024-09-30; snapshot 2026-10-08"",""sourceId"":""owid-lpi-2024"",""sourceUrl"":""https://ourworldindata.org/grapher/global-living-planet-index"",""sourceDate"":""2024-09-30"",""sourceEdition"":""LPR 2024"",""accessedDate"":""2026-10-08"",""inputPath"":""data/raw/public/owid-lpi-2024.csv"",""inputSha256"":""9764f5f4f9c9ff855090a34ba218b02d7878922eec485e7b42d497ce5b8b3f25"",""rowNumber"":30,""jsonPointer"":null,""locator"":""OWID lpi_final, ci_low, ci_high; conversionFactor=100; 2024 source edition"",""originalUnit"":""index-1970-100"",""originalValue"":""41.479552"",""originalUncertainty"":{""ci_high"":""82.84506"",""ci_low"":""20.922288"",""confidenceLevel"":null},""rawRecord"":{""ci_high"":""82.84506"",""ci_low"":""20.922288"",""code"":""OWID_AFR"",""entity"":""Africa"",""lpi_final"":""41.479552"",""year"":""1999""},""transformations"":[""Whitespace/NFC normalization; original row retained"",""Divide published 1970=100 index and bounds by 100; explicit metadata scale, not interpolation""]}]"
lpi-2024-owid-africa-2000-2000,lpi-2024-owid,OWID indicator 990513; updated 2024-09-30; snapshot 2026-10-08,LPR 2024,lpi-2024-owid-africa,region,Africa,All,Monitored vertebrates,relative-index,index-1970-1,1970,2000,2000,0.40746465000000004,source-bounds,0.20531979,0.81522363,,Interval confidence level not verified in chart metadata,,2024-09-30,2026-10-08,2026-10-08,index-1970-100,40.746465,"{""ci_high"":""81.522363"",""ci_low"":""20.531979"",""confidenceLevel"":null}",CC-BY-SA-4.0,https://creativecommons.org/licenses/by-sa/4.0/,"ZSL/WWF, Living Planet Index; source edition and retrieval date; Our World in Data processing where applicable.",36b87bf96cf579f6bcf5e9b97157573e897de62e65c7829bb9b3b460017d670c,"[{""datasetId"":""lpi-2024-owid"",""datasetVersion"":""OWID indicator 990513; updated 2024-09-30; snapshot 2026-10-08"",""sourceId"":""owid-lpi-2024"",""sourceUrl"":""https://ourworldindata.org/grapher/global-living-planet-index"",""sourceDate"":""2024-09-30"",""sourceEdition"":""LPR 2024"",""accessedDate"":""2026-10-08"",""inputPath"":""data/raw/public/owid-lpi-2024.csv"",""inputSha256"":""9764f5f4f9c9ff855090a34ba218b02d7878922eec485e7b42d497ce5b8b3f25"",""rowNumber"":31,""jsonPointer"":null,""locator"":""OWID lpi_final, ci_low, ci_high; conversionFactor=100; 2024 source edition"",""originalUnit"":""index-1970-100"",""originalValue"":""40.746465"",""originalUncertainty"":{""ci_high"":""81.522363"",""ci_low"":""20.531979"",""confidenceLevel"":null},""rawRecord"":{""ci_high"":""81.522363"",""ci_low"":""20.531979"",""code"":""OWID_AFR"",""entity"":""Africa"",""lpi_final"":""40.746465"",""year"":""2000""},""transformations"":[""Whitespace/NFC normalization; original row retained"",""Divide published 1970=100 index and bounds by 100; explicit metadata scale, not interpolation""]}]"
lpi-2024-owid-africa-2001-2001,lpi-2024-owid,OWID indicator 990513; updated 2024-09-30; snapshot 2026-10-08,LPR 2024,lpi-2024-owid-africa,region,Africa,All,Monitored vertebrates,relative-index,index-1970-1,1970,2001,2001,0.39108196,source-bounds,0.19589019000000002,0.7884755,,Interval confidence level not verified in chart metadata,,2024-09-30,2026-10-08,2026-10-08,index-1970-100,39.108196,"{""ci_high"":""78.84755"",""ci_low"":""19.589019"",""confidenceLevel"":null}",CC-BY-SA-4.0,https://creativecommons.org/licenses/by-sa/4.0/,"ZSL/WWF, Living Planet Index; source edition and retrieval date; Our World in Data processing where applicable.",36b87bf96cf579f6bcf5e9b97157573e897de62e65c7829bb9b3b460017d670c,"[{""datasetId"":""lpi-2024-owid"",""datasetVersion"":""OWID indicator 990513; updated 2024-09-30; snapshot 2026-10-08"",""sourceId"":""owid-lpi-2024"",""sourceUrl"":""https://ourworldindata.org/grapher/global-living-planet-index"",""sourceDate"":""2024-09-30"",""sourceEdition"":""LPR 2024"",""accessedDate"":""2026-10-08"",""inputPath"":""data/raw/public/owid-lpi-2024.csv"",""inputSha256"":""9764f5f4f9c9ff855090a34ba218b02d7878922eec485e7b42d497ce5b8b3f25"",""rowNumber"":32,""jsonPointer"":null,""locator"":""OWID lpi_final, ci_low, ci_high; conversionFactor=100; 2024 source edition"",""originalUnit"":""index-1970-100"",""originalValue"":""39.108196"",""originalUncertainty"":{""ci_high"":""78.84755"",""ci_low"":""19.589019"",""confidenceLevel"":null},""rawRecord"":{""ci_high"":""78.84755"",""ci_low"":""19.589019"",""code"":""OWID_AFR"",""entity"":""Africa"",""lpi_final"":""39.108196"",""year"":""2001""},""transformations"":[""Whitespace/NFC normalization; original row retained"",""Divide published 1970=100 index and bounds by 100; explicit metadata scale, not interpolation""]}]"
lpi-2024-owid-africa-2002-2002,lpi-2024-owid,OWID indicator 990513; updated 2024-09-30; snapshot 2026-10-08,LPR 2024,lpi-2024-owid-africa,region,Africa,All,Monitored vertebrates,relative-index,index-1970-1,1970,2002,2002,0.37214458,source-bounds,0.1852329,0.7562148,,Interval confidence level not verified in chart metadata,,2024-09-30,2026-10-08,2026-10-08,index-1970-100,37.214458,"{""ci_high"":""75.62147999999999"",""ci_low"":""18.52329"",""confidenceLevel"":null}",CC-BY-SA-4.0,https://creativecommons.org/licenses/by-sa/4.0/,"ZSL/WWF, Living Planet Index; source edition and retrieval date; Our World in Data processing where applicable.",36b87bf96cf579f6bcf5e9b97157573e897de62e65c7829bb9b3b460017d670c,"[{""datasetId"":""lpi-2024-owid"",""datasetVersion"":""OWID indicator 990513; updated 2024-09-30; snapshot 2026-10-08"",""sourceId"":""owid-lpi-2024"",""sourceUrl"":""https://ourworldindata.org/grapher/global-living-planet-index"",""sourceDate"":""2024-09-30"",""sourceEdition"":""LPR 2024"",""accessedDate"":""2026-10-08"",""inputPath"":""data/raw/public/owid-lpi-2024.csv"",""inputSha256"":""9764f5f4f9c9ff855090a34ba218b02d7878922eec485e7b42d497ce5b8b3f25"",""rowNumber"":33,""jsonPointer"":null,""locator"":""OWID lpi_final, ci_low, ci_high; conversionFactor=100; 2024 source edition"",""originalUnit"":""index-1970-100"",""originalValue"":""37.214458"",""originalUncertainty"":{""ci_high"":""75.62147999999999"",""ci_low"":""18.52329"",""confidenceLevel"":null},""rawRecord"":{""ci_high"":""75.62147999999999"",""ci_low"":""18.52329"",""code"":""OWID_AFR"",""entity"":""Africa"",""lpi_final"":""37.214458"",""year"":""2002""},""transformations"":[""Whitespace/NFC normalization; original row retained"",""Divide published 1970=100 index and bounds by 100; explicit metadata scale, not interpolation""]}]"
lpi-2024-owid-africa-2003-2003,lpi-2024-owid,OWID indicator 990513; updated 2024-09-30; snapshot 2026-10-08,LPR 2024,lpi-2024-owid-africa,region,Africa,All,Monitored vertebrates,relative-index,index-1970-1,1970,2003,2003,0.35666746,source-bounds,0.17585754,0.73148537,,Interval confidence level not verified in chart metadata,,2024-09-30,2026-10-08,2026-10-08,index-1970-100,35.666745999999996,"{""ci_high"":""73.148537"",""ci_low"":""17.585754"",""confidenceLevel"":null}",CC-BY-SA-4.0,https://creativecommons.org/licenses/by-sa/4.0/,"ZSL/WWF, Living Planet Index; source edition and retrieval date; Our World in Data processing where applicable.",36b87bf96cf579f6bcf5e9b97157573e897de62e65c7829bb9b3b460017d670c,"[{""datasetId"":""lpi-2024-owid"",""datasetVersion"":""OWID indicator 990513; updated 2024-09-30; snapshot 2026-10-08"",""sourceId"":""owid-lpi-2024"",""sourceUrl"":""https://ourworldindata.org/grapher/global-living-planet-index"",""sourceDate"":""2024-09-30"",""sourceEdition"":""LPR 2024"",""accessedDate"":""2026-10-08"",""inputPath"":""data/raw/public/owid-lpi-2024.csv"",""inputSha256"":""9764f5f4f9c9ff855090a34ba218b02d7878922eec485e7b42d497ce5b8b3f25"",""rowNumber"":34,""jsonPointer"":null,""locator"":""OWID lpi_final, ci_low, ci_high; conversionFactor=100; 2024 source edition"",""originalUnit"":""index-1970-100"",""originalValue"":""35.666745999999996"",""originalUncertainty"":{""ci_high"":""73.148537"",""ci_low"":""17.585754"",""confidenceLevel"":null},""rawRecord"":{""ci_high"":""73.148537"",""ci_low"":""17.585754"",""code"":""OWID_AFR"",""entity"":""Africa"",""lpi_final"":""35.666745999999996"",""year"":""2003""},""transformations"":[""Whitespace/NFC normalization; original row retained"",""Divide published 1970=100 index and bounds by 100; explicit metadata scale, not interpolation""]}]"
lpi-2024-owid-africa-2004-2004,lpi-2024-owid,OWID indicator 990513; updated 2024-09-30; snapshot 2026-10-08,LPR 2024,lpi-2024-owid-africa,region,Africa,All,Monitored vertebrates,relative-index,index-1970-1,1970,2004,2004,0.34566408,source-bounds,0.16924919,0.7124281000000001,,Interval confidence level not verified in chart metadata,,2024-09-30,2026-10-08,2026-10-08,index-1970-100,34.566407999999996,"{""ci_high"":""71.24281"",""ci_low"":""16.924919"",""confidenceLevel"":null}",CC-BY-SA-4.0,https://creativecommons.org/licenses/by-sa/4.0/,"ZSL/WWF, Living Planet Index; source edition and retrieval date; Our World in Data processing where applicable.",36b87bf96cf579f6bcf5e9b97157573e897de62e65c7829bb9b3b460017d670c,"[{""datasetId"":""lpi-2024-owid"",""datasetVersion"":""OWID indicator 990513; updated 2024-09-30; snapshot 2026-10-08"",""sourceId"":""owid-lpi-2024"",""sourceUrl"":""https://ourworldindata.org/grapher/global-living-planet-index"",""sourceDate"":""2024-09-30"",""sourceEdition"":""LPR 2024"",""accessedDate"":""2026-10-08"",""inputPath"":""data/raw/public/owid-lpi-2024.csv"",""inputSha256"":""9764f5f4f9c9ff855090a34ba218b02d7878922eec485e7b42d497ce5b8b3f25"",""rowNumber"":35,""jsonPointer"":null,""locator"":""OWID lpi_final, ci_low, ci_high; conversionFactor=100; 2024 source edition"",""originalUnit"":""index-1970-100"",""originalValue"":""34.566407999999996"",""originalUncertainty"":{""ci_high"":""71.24281"",""ci_low"":""16.924919"",""confidenceLevel"":null},""rawRecord"":{""ci_high"":""71.24281"",""ci_low"":""16.924919"",""code"":""OWID_AFR"",""entity"":""Africa"",""lpi_final"":""34.566407999999996"",""year"":""2004""},""transformations"":[""Whitespace/NFC normalization; original row retained"",""Divide published 1970=100 index and bounds by 100; explicit metadata scale, not interpolation""]}]"
lpi-2024-owid-africa-2005-2005,lpi-2024-owid,OWID indicator 990513; updated 2024-09-30; snapshot 2026-10-08,LPR 2024,lpi-2024-owid-africa,region,Africa,All,Monitored vertebrates,relative-index,index-1970-1,1970,2005,2005,0.33269107,source-bounds,0.16122182,0.6908186,,Interval confidence level not verified in chart metadata,,2024-09-30,2026-10-08,2026-10-08,index-1970-100,33.269107,"{""ci_high"":""69.08185999999999"",""ci_low"":""16.122182"",""confidenceLevel"":null}",CC-BY-SA-4.0,https://creativecommons.org/licenses/by-sa/4.0/,"ZSL/WWF, Living Planet Index; source edition and retrieval date; Our World in Data processing where applicable.",36b87bf96cf579f6bcf5e9b97157573e897de62e65c7829bb9b3b460017d670c,"[{""datasetId"":""lpi-2024-owid"",""datasetVersion"":""OWID indicator 990513; updated 2024-09-30; snapshot 2026-10-08"",""sourceId"":""owid-lpi-2024"",""sourceUrl"":""https://ourworldindata.org/grapher/global-living-planet-index"",""sourceDate"":""2024-09-30"",""sourceEdition"":""LPR 2024"",""accessedDate"":""2026-10-08"",""inputPath"":""data/raw/public/owid-lpi-2024.csv"",""inputSha256"":""9764f5f4f9c9ff855090a34ba218b02d7878922eec485e7b42d497ce5b8b3f25"",""rowNumber"":36,""jsonPointer"":null,""locator"":""OWID lpi_final, ci_low, ci_high; conversionFactor=100; 2024 source edition"",""originalUnit"":""index-1970-100"",""originalValue"":""33.269107"",""originalUncertainty"":{""ci_high"":""69.08185999999999"",""ci_low"":""16.122182"",""confidenceLevel"":null},""rawRecord"":{""ci_high"":""69.08185999999999"",""ci_low"":""16.122182"",""code"":""OWID_AFR"",""entity"":""Africa"",""lpi_final"":""33.269107"",""year"":""2005""},""transformations"":[""Whitespace/NFC normalization; original row retained"",""Divide published 1970=100 index and bounds by 100; explicit metadata scale, not interpolation""]}]"
lpi-2024-owid-africa-2006-2006,lpi-2024-owid,OWID indicator 990513; updated 2024-09-30; snapshot 2026-10-08,LPR 2024,lpi-2024-owid-africa,region,Africa,All,Monitored vertebrates,relative-index,index-1970-1,1970,2006,2006,0.32031770000000004,source-bounds,0.15417819,0.6688021400000002,,Interval confidence level not verified in chart metadata,,2024-09-30,2026-10-08,2026-10-08,index-1970-100,32.03177,"{""ci_high"":""66.88021400000001"",""ci_low"":""15.417819"",""confidenceLevel"":null}",CC-BY-SA-4.0,https://creativecommons.org/licenses/by-sa/4.0/,"ZSL/WWF, Living Planet Index; source edition and retrieval date; Our World in Data processing where applicable.",36b87bf96cf579f6bcf5e9b97157573e897de62e65c7829bb9b3b460017d670c,"[{""datasetId"":""lpi-2024-owid"",""datasetVersion"":""OWID indicator 990513; updated 2024-09-30; snapshot 2026-10-08"",""sourceId"":""owid-lpi-2024"",""sourceUrl"":""https://ourworldindata.org/grapher/global-living-planet-index"",""sourceDate"":""2024-09-30"",""sourceEdition"":""LPR 2024"",""accessedDate"":""2026-10-08"",""inputPath"":""data/raw/public/owid-lpi-2024.csv"",""inputSha256"":""9764f5f4f9c9ff855090a34ba218b02d7878922eec485e7b42d497ce5b8b3f25"",""rowNumber"":37,""jsonPointer"":null,""locator"":""OWID lpi_final, ci_low, ci_high; conversionFactor=100; 2024 source edition"",""originalUnit"":""index-1970-100"",""originalValue"":""32.03177"",""originalUncertainty"":{""ci_high"":""66.88021400000001"",""ci_low"":""15.417819"",""confidenceLevel"":null},""rawRecord"":{""ci_high"":""66.88021400000001"",""ci_low"":""15.417819"",""code"":""OWID_AFR"",""entity"":""Africa"",""lpi_final"":""32.03177"",""year"":""2006""},""transformations"":[""Whitespace/NFC normalization; original row retained"",""Divide published 1970=100 index and bounds by 100; explicit metadata scale, not interpolation""]}]"
lpi-2024-owid-africa-2007-2007,lpi-2024-owid,OWID indicator 990513; updated 2024-09-30; snapshot 2026-10-08,LPR 2024,lpi-2024-owid-africa,region,Africa,All,Monitored vertebrates,relative-index,index-1970-1,1970,2007,2007,0.32009086,source-bounds,0.15344945,0.6716938,,Interval confidence level not verified in chart metadata,,2024-09-30,2026-10-08,2026-10-08,index-1970-100,32.009085999999996,"{""ci_high"":""67.16938"",""ci_low"":""15.344945"",""confidenceLevel"":null}",CC-BY-SA-4.0,https://creativecommons.org/licenses/by-sa/4.0/,"ZSL/WWF, Living Planet Index; source edition and retrieval date; Our World in Data processing where applicable.",36b87bf96cf579f6bcf5e9b97157573e897de62e65c7829bb9b3b460017d670c,"[{""datasetId"":""lpi-2024-owid"",""datasetVersion"":""OWID indicator 990513; updated 2024-09-30; snapshot 2026-10-08"",""sourceId"":""owid-lpi-2024"",""sourceUrl"":""https://ourworldindata.org/grapher/global-living-planet-index"",""sourceDate"":""2024-09-30"",""sourceEdition"":""LPR 2024"",""accessedDate"":""2026-10-08"",""inputPath"":""data/raw/public/owid-lpi-2024.csv"",""inputSha256"":""9764f5f4f9c9ff855090a34ba218b02d7878922eec485e7b42d497ce5b8b3f25"",""rowNumber"":38,""jsonPointer"":null,""locator"":""OWID lpi_final, ci_low, ci_high; conversionFactor=100; 2024 source edition"",""originalUnit"":""index-1970-100"",""originalValue"":""32.009085999999996"",""originalUncertainty"":{""ci_high"":""67.16938"",""ci_low"":""15.344945"",""confidenceLevel"":null},""rawRecord"":{""ci_high"":""67.16938"",""ci_low"":""15.344945"",""code"":""OWID_AFR"",""entity"":""Africa"",""lpi_final"":""32.009085999999996"",""year"":""2007""},""transformations"":[""Whitespace/NFC normalization; original row retained"",""Divide published 1970=100 index and bounds by 100; explicit metadata scale, not interpolation""]}]"
lpi-2024-owid-africa-2008-2008,lpi-2024-owid,OWID indicator 990513; updated 2024-09-30; snapshot 2026-10-08,LPR 2024,lpi-2024-owid-africa,region,Africa,All,Monitored vertebrates,relative-index,index-1970-1,1970,2008,2008,0.32298052,source-bounds,0.15464692,0.6771928,,Interval confidence level not verified in chart metadata,,2024-09-30,2026-10-08,2026-10-08,index-1970-100,32.298052,"{""ci_high"":""67.71928"",""ci_low"":""15.464692"",""confidenceLevel"":null}",CC-BY-SA-4.0,https://creativecommons.org/licenses/by-sa/4.0/,"ZSL/WWF, Living Planet Index; source edition and retrieval date; Our World in Data processing where applicable.",36b87bf96cf579f6bcf5e9b97157573e897de62e65c7829bb9b3b460017d670c,"[{""datasetId"":""lpi-2024-owid"",""datasetVersion"":""OWID indicator 990513; updated 2024-09-30; snapshot 2026-10-08"",""sourceId"":""owid-lpi-2024"",""sourceUrl"":""https://ourworldindata.org/grapher/global-living-planet-index"",""sourceDate"":""2024-09-30"",""sourceEdition"":""LPR 2024"",""accessedDate"":""2026-10-08"",""inputPath"":""data/raw/public/owid-lpi-2024.csv"",""inputSha256"":""9764f5f4f9c9ff855090a34ba218b02d7878922eec485e7b42d497ce5b8b3f25"",""rowNumber"":39,""jsonPointer"":null,""locator"":""OWID lpi_final, ci_low, ci_high; conversionFactor=100; 2024 source edition"",""originalUnit"":""index-1970-100"",""originalValue"":""32.298052"",""originalUncertainty"":{""ci_high"":""67.71928"",""ci_low"":""15.464692"",""confidenceLevel"":null},""rawRecord"":{""ci_high"":""67.71928"",""ci_low"":""15.464692"",""code"":""OWID_AFR"",""entity"":""Africa"",""lpi_final"":""32.298052"",""year"":""2008""},""transformations"":[""Whitespace/NFC normalization; original row retained"",""Divide published 1970=100 index and bounds by 100; explicit metadata scale, not interpolation""]}]"
lpi-2024-owid-africa-2009-2009,lpi-2024-owid,OWID indicator 990513; updated 2024-09-30; snapshot 2026-10-08,LPR 2024,lpi-2024-owid-africa,region,Africa,All,Monitored vertebrates,relative-index,index-1970-1,1970,2009,2009,0.3246792600000001,source-bounds,0.15528198,0.6822785,,Interval confidence level not verified in chart metadata,,2024-09-30,2026-10-08,2026-10-08,index-1970-100,32.467926000000006,"{""ci_high"":""68.22785"",""ci_low"":""15.528197999999998"",""confidenceLevel"":null}",CC-BY-SA-4.0,https://creativecommons.org/licenses/by-sa/4.0/,"ZSL/WWF, Living Planet Index; source edition and retrieval date; Our World in Data processing where applicable.",36b87bf96cf579f6bcf5e9b97157573e897de62e65c7829bb9b3b460017d670c,"[{""datasetId"":""lpi-2024-owid"",""datasetVersion"":""OWID indicator 990513; updated 2024-09-30; snapshot 2026-10-08"",""sourceId"":""owid-lpi-2024"",""sourceUrl"":""https://ourworldindata.org/grapher/global-living-planet-index"",""sourceDate"":""2024-09-30"",""sourceEdition"":""LPR 2024"",""accessedDate"":""2026-10-08"",""inputPath"":""data/raw/public/owid-lpi-2024.csv"",""inputSha256"":""9764f5f4f9c9ff855090a34ba218b02d7878922eec485e7b42d497ce5b8b3f25"",""rowNumber"":40,""jsonPointer"":null,""locator"":""OWID lpi_final, ci_low, ci_high; conversionFactor=100; 2024 source edition"",""originalUnit"":""index-1970-100"",""originalValue"":""32.467926000000006"",""originalUncertainty"":{""ci_high"":""68.22785"",""ci_low"":""15.528197999999998"",""confidenceLevel"":null},""rawRecord"":{""ci_high"":""68.22785"",""ci_low"":""15.528197999999998"",""code"":""OWID_AFR"",""entity"":""Africa"",""lpi_final"":""32.467926000000006"",""year"":""2009""},""transformations"":[""Whitespace/NFC normalization; original row retained"",""Divide published 1970=100 index and bounds by 100; explicit metadata scale, not interpolation""]}]"
lpi-2024-owid-africa-2010-2010,lpi-2024-owid,OWID indicator 990513; updated 2024-09-30; snapshot 2026-10-08,LPR 2024,lpi-2024-owid-africa,region,Africa,All,Monitored vertebrates,relative-index,index-1970-1,1970,2010,2010,0.31544983,source-bounds,0.15069509,0.66406804,,Interval confidence level not verified in chart metadata,,2024-09-30,2026-10-08,2026-10-08,index-1970-100,31.544983,"{""ci_high"":""66.406804"",""ci_low"":""15.069509"",""confidenceLevel"":null}",CC-BY-SA-4.0,https://creativecommons.org/licenses/by-sa/4.0/,"ZSL/WWF, Living Planet Index; source edition and retrieval date; Our World in Data processing where applicable.",36b87bf96cf579f6bcf5e9b97157573e897de62e65c7829bb9b3b460017d670c,"[{""datasetId"":""lpi-2024-owid"",""datasetVersion"":""OWID indicator 990513; updated 2024-09-30; snapshot 2026-10-08"",""sourceId"":""owid-lpi-2024"",""sourceUrl"":""https://ourworldindata.org/grapher/global-living-planet-index"",""sourceDate"":""2024-09-30"",""sourceEdition"":""LPR 2024"",""accessedDate"":""2026-10-08"",""inputPath"":""data/raw/public/owid-lpi-2024.csv"",""inputSha256"":""9764f5f4f9c9ff855090a34ba218b02d7878922eec485e7b42d497ce5b8b3f25"",""rowNumber"":41,""jsonPointer"":null,""locator"":""OWID lpi_final, ci_low, ci_high; conversionFactor=100; 2024 source edition"",""originalUnit"":""index-1970-100"",""originalValue"":""31.544983"",""originalUncertainty"":{""ci_high"":""66.406804"",""ci_low"":""15.069509"",""confidenceLevel"":null},""rawRecord"":{""ci_high"":""66.406804"",""ci_low"":""15.069509"",""code"":""OWID_AFR"",""entity"":""Africa"",""lpi_final"":""31.544983"",""year"":""2010""},""transformations"":[""Whitespace/NFC normalization; original row retained"",""Divide published 1970=100 index and bounds by 100; explicit metadata scale, not interpolation""]}]"
lpi-2024-owid-africa-2011-2011,lpi-2024-owid,OWID indicator 990513; updated 2024-09-30; snapshot 2026-10-08,LPR 2024,lpi-2024-owid-africa,region,Africa,All,Monitored vertebrates,relative-index,index-1970-1,1970,2011,2011,0.30375797,source-bounds,0.14504717,0.64143234,,Interval confidence level not verified in chart metadata,,2024-09-30,2026-10-08,2026-10-08,index-1970-100,30.375797,"{""ci_high"":""64.143234"",""ci_low"":""14.504717"",""confidenceLevel"":null}",CC-BY-SA-4.0,https://creativecommons.org/licenses/by-sa/4.0/,"ZSL/WWF, Living Planet Index; source edition and retrieval date; Our World in Data processing where applicable.",36b87bf96cf579f6bcf5e9b97157573e897de62e65c7829bb9b3b460017d670c,"[{""datasetId"":""lpi-2024-owid"",""datasetVersion"":""OWID indicator 990513; updated 2024-09-30; snapshot 2026-10-08"",""sourceId"":""owid-lpi-2024"",""sourceUrl"":""https://ourworldindata.org/grapher/global-living-planet-index"",""sourceDate"":""2024-09-30"",""sourceEdition"":""LPR 2024"",""accessedDate"":""2026-10-08"",""inputPath"":""data/raw/public/owid-lpi-2024.csv"",""inputSha256"":""9764f5f4f9c9ff855090a34ba218b02d7878922eec485e7b42d497ce5b8b3f25"",""rowNumber"":42,""jsonPointer"":null,""locator"":""OWID lpi_final, ci_low, ci_high; conversionFactor=100; 2024 source edition"",""originalUnit"":""index-1970-100"",""originalValue"":""30.375797"",""originalUncertainty"":{""ci_high"":""64.143234"",""ci_low"":""14.504717"",""confidenceLevel"":null},""rawRecord"":{""ci_high"":""64.143234"",""ci_low"":""14.504717"",""code"":""OWID_AFR"",""entity"":""Africa"",""lpi_final"":""30.375797"",""year"":""2011""},""transformations"":[""Whitespace/NFC normalization; original row retained"",""Divide published 1970=100 index and bounds by 100; explicit metadata scale, not interpolation""]}]"
lpi-2024-owid-africa-2012-2012,lpi-2024-owid,OWID indicator 990513; updated 2024-09-30; snapshot 2026-10-08,LPR 2024,lpi-2024-owid-africa,region,Africa,All,Monitored vertebrates,relative-index,index-1970-1,1970,2012,2012,0.29082093,source-bounds,0.13882273,0.6141772,,Interval confidence level not verified in chart metadata,,2024-09-30,2026-10-08,2026-10-08,index-1970-100,29.082092999999997,"{""ci_high"":""61.417719999999996"",""ci_low"":""13.882273000000001"",""confidenceLevel"":null}",CC-BY-SA-4.0,https://creativecommons.org/licenses/by-sa/4.0/,"ZSL/WWF, Living Planet Index; source edition and retrieval date; Our World in Data processing where applicable.",36b87bf96cf579f6bcf5e9b97157573e897de62e65c7829bb9b3b460017d670c,"[{""datasetId"":""lpi-2024-owid"",""datasetVersion"":""OWID indicator 990513; updated 2024-09-30; snapshot 2026-10-08"",""sourceId"":""owid-lpi-2024"",""sourceUrl"":""https://ourworldindata.org/grapher/global-living-planet-index"",""sourceDate"":""2024-09-30"",""sourceEdition"":""LPR 2024"",""accessedDate"":""2026-10-08"",""inputPath"":""data/raw/public/owid-lpi-2024.csv"",""inputSha256"":""9764f5f4f9c9ff855090a34ba218b02d7878922eec485e7b42d497ce5b8b3f25"",""rowNumber"":43,""jsonPointer"":null,""locator"":""OWID lpi_final, ci_low, ci_high; conversionFactor=100; 2024 source edition"",""originalUnit"":""index-1970-100"",""originalValue"":""29.082092999999997"",""originalUncertainty"":{""ci_high"":""61.417719999999996"",""ci_low"":""13.882273000000001"",""confidenceLevel"":null},""rawRecord"":{""ci_high"":""61.417719999999996"",""ci_low"":""13.882273000000001"",""code"":""OWID_AFR"",""entity"":""Africa"",""lpi_final"":""29.082092999999997"",""year"":""2012""},""transformations"":[""Whitespace/NFC normalization; original row retained"",""Divide published 1970=100 index and bounds by 100; explicit metadata scale, not interpolation""]}]"
lpi-2024-owid-africa-2013-2013,lpi-2024-owid,OWID indicator 990513; updated 2024-09-30; snapshot 2026-10-08,LPR 2024,lpi-2024-owid-africa,region,Africa,All,Monitored vertebrates,relative-index,index-1970-1,1970,2013,2013,0.28170413,source-bounds,0.13459119,0.5951395,,Interval confidence level not verified in chart metadata,,2024-09-30,2026-10-08,2026-10-08,index-1970-100,28.170413,"{""ci_high"":""59.51395"",""ci_low"":""13.459119"",""confidenceLevel"":null}",CC-BY-SA-4.0,https://creativecommons.org/licenses/by-sa/4.0/,"ZSL/WWF, Living Planet Index; source edition and retrieval date; Our World in Data processing where applicable.",36b87bf96cf579f6bcf5e9b97157573e897de62e65c7829bb9b3b460017d670c,"[{""datasetId"":""lpi-2024-owid"",""datasetVersion"":""OWID indicator 990513; updated 2024-09-30; snapshot 2026-10-08"",""sourceId"":""owid-lpi-2024"",""sourceUrl"":""https://ourworldindata.org/grapher/global-living-planet-index"",""sourceDate"":""2024-09-30"",""sourceEdition"":""LPR 2024"",""accessedDate"":""2026-10-08"",""inputPath"":""data/raw/public/owid-lpi-2024.csv"",""inputSha256"":""9764f5f4f9c9ff855090a34ba218b02d7878922eec485e7b42d497ce5b8b3f25"",""rowNumber"":44,""jsonPointer"":null,""locator"":""OWID lpi_final, ci_low, ci_high; conversionFactor=100; 2024 source edition"",""originalUnit"":""index-1970-100"",""originalValue"":""28.170413"",""originalUncertainty"":{""ci_high"":""59.51395"",""ci_low"":""13.459119"",""confidenceLevel"":null},""rawRecord"":{""ci_high"":""59.51395"",""ci_low"":""13.459119"",""code"":""OWID_AFR"",""entity"":""Africa"",""lpi_final"":""28.170413"",""year"":""2013""},""transformations"":[""Whitespace/NFC normalization; original row retained"",""Divide published 1970=100 index and bounds by 100; explicit metadata scale, not interpolation""]}]"
lpi-2024-owid-africa-2014-2014,lpi-2024-owid,OWID indicator 990513; updated 2024-09-30; snapshot 2026-10-08,LPR 2024,lpi-2024-owid-africa,region,Africa,All,Monitored vertebrates,relative-index,index-1970-1,1970,2014,2014,0.26960373,source-bounds,0.128907,0.5708385,,Interval confidence level not verified in chart metadata,,2024-09-30,2026-10-08,2026-10-08,index-1970-100,26.960372999999997,"{""ci_high"":""57.083850000000005"",""ci_low"":""12.890699999999999"",""confidenceLevel"":null}",CC-BY-SA-4.0,https://creativecommons.org/licenses/by-sa/4.0/,"ZSL/WWF, Living Planet Index; source edition and retrieval date; Our World in Data processing where applicable.",36b87bf96cf579f6bcf5e9b97157573e897de62e65c7829bb9b3b460017d670c,"[{""datasetId"":""lpi-2024-owid"",""datasetVersion"":""OWID indicator 990513; updated 2024-09-30; snapshot 2026-10-08"",""sourceId"":""owid-lpi-2024"",""sourceUrl"":""https://ourworldindata.org/grapher/global-living-planet-index"",""sourceDate"":""2024-09-30"",""sourceEdition"":""LPR 2024"",""accessedDate"":""2026-10-08"",""inputPath"":""data/raw/public/owid-lpi-2024.csv"",""inputSha256"":""9764f5f4f9c9ff855090a34ba218b02d7878922eec485e7b42d497ce5b8b3f25"",""rowNumber"":45,""jsonPointer"":null,""locator"":""OWID lpi_final, ci_low, ci_high; conversionFactor=100; 2024 source edition"",""originalUnit"":""index-1970-100"",""originalValue"":""26.960372999999997"",""originalUncertainty"":{""ci_high"":""57.083850000000005"",""ci_low"":""12.890699999999999"",""confidenceLevel"":null},""rawRecord"":{""ci_high"":""57.083850000000005"",""ci_low"":""12.890699999999999"",""code"":""OWID_AFR"",""entity"":""Africa"",""lpi_final"":""26.960372999999997"",""year"":""2014""},""transformations"":[""Whitespace/NFC normalization; original row retained"",""Divide published 1970=100 index and bounds by 100; explicit metadata scale, not interpolation""]}]"
lpi-2024-owid-africa-2015-2015,lpi-2024-owid,OWID indicator 990513; updated 2024-09-30; snapshot 2026-10-08,LPR 2024,lpi-2024-owid-africa,region,Africa,All,Monitored vertebrates,relative-index,index-1970-1,1970,2015,2015,0.2604717,source-bounds,0.12404774,0.55269647,,Interval confidence level not verified in chart metadata,,2024-09-30,2026-10-08,2026-10-08,index-1970-100,26.047169999999998,"{""ci_high"":""55.269647"",""ci_low"":""12.404774"",""confidenceLevel"":null}",CC-BY-SA-4.0,https://creativecommons.org/licenses/by-sa/4.0/,"ZSL/WWF, Living Planet Index; source edition and retrieval date; Our World in Data processing where applicable.",36b87bf96cf579f6bcf5e9b97157573e897de62e65c7829bb9b3b460017d670c,"[{""datasetId"":""lpi-2024-owid"",""datasetVersion"":""OWID indicator 990513; updated 2024-09-30; snapshot 2026-10-08"",""sourceId"":""owid-lpi-2024"",""sourceUrl"":""https://ourworldindata.org/grapher/global-living-planet-index"",""sourceDate"":""2024-09-30"",""sourceEdition"":""LPR 2024"",""accessedDate"":""2026-10-08"",""inputPath"":""data/raw/public/owid-lpi-2024.csv"",""inputSha256"":""9764f5f4f9c9ff855090a34ba218b02d7878922eec485e7b42d497ce5b8b3f25"",""rowNumber"":46,""jsonPointer"":null,""locator"":""OWID lpi_final, ci_low, ci_high; conversionFactor=100; 2024 source edition"",""originalUnit"":""index-1970-100"",""originalValue"":""26.047169999999998"",""originalUncertainty"":{""ci_high"":""55.269647"",""ci_low"":""12.404774"",""confidenceLevel"":null},""rawRecord"":{""ci_high"":""55.269647"",""ci_low"":""12.404774"",""code"":""OWID_AFR"",""entity"":""Africa"",""lpi_final"":""26.047169999999998"",""year"":""2015""},""transformations"":[""Whitespace/NFC normalization; original row retained"",""Divide published 1970=100 index and bounds by 100; explicit metadata scale, not interpolation""]}]"
lpi-2024-owid-africa-2016-2016,lpi-2024-owid,OWID indicator 990513; updated 2024-09-30; snapshot 2026-10-08,LPR 2024,lpi-2024-owid-africa,region,Africa,All,Monitored vertebrates,relative-index,index-1970-1,1970,2016,2016,0.25596067,source-bounds,0.12148656,0.54444873,,Interval confidence level not verified in chart metadata,,2024-09-30,2026-10-08,2026-10-08,index-1970-100,25.596067,"{""ci_high"":""54.444873"",""ci_low"":""12.148655999999999"",""confidenceLevel"":null}",CC-BY-SA-4.0,https://creativecommons.org/licenses/by-sa/4.0/,"ZSL/WWF, Living Planet Index; source edition and retrieval date; Our World in Data processing where applicable.",36b87bf96cf579f6bcf5e9b97157573e897de62e65c7829bb9b3b460017d670c,"[{""datasetId"":""lpi-2024-owid"",""datasetVersion"":""OWID indicator 990513; updated 2024-09-30; snapshot 2026-10-08"",""sourceId"":""owid-lpi-2024"",""sourceUrl"":""https://ourworldindata.org/grapher/global-living-planet-index"",""sourceDate"":""2024-09-30"",""sourceEdition"":""LPR 2024"",""accessedDate"":""2026-10-08"",""inputPath"":""data/raw/public/owid-lpi-2024.csv"",""inputSha256"":""9764f5f4f9c9ff855090a34ba218b02d7878922eec485e7b42d497ce5b8b3f25"",""rowNumber"":47,""jsonPointer"":null,""locator"":""OWID lpi_final, ci_low, ci_high; conversionFactor=100; 2024 source edition"",""originalUnit"":""index-1970-100"",""originalValue"":""25.596067"",""originalUncertainty"":{""ci_high"":""54.444873"",""ci_low"":""12.148655999999999"",""confidenceLevel"":null},""rawRecord"":{""ci_high"":""54.444873"",""ci_low"":""12.148655999999999"",""code"":""OWID_AFR"",""entity"":""Africa"",""lpi_final"":""25.596067"",""year"":""2016""},""transformations"":[""Whitespace/NFC normalization; original row retained"",""Divide published 1970=100 index and bounds by 100; explicit metadata scale, not interpolation""]}]"
lpi-2024-owid-africa-2017-2017,lpi-2024-owid,OWID indicator 990513; updated 2024-09-30; snapshot 2026-10-08,LPR 2024,lpi-2024-owid-africa,region,Africa,All,Monitored vertebrates,relative-index,index-1970-1,1970,2017,2017,0.25551108,source-bounds,0.12073449,0.5449539,,Interval confidence level not verified in chart metadata,,2024-09-30,2026-10-08,2026-10-08,index-1970-100,25.551108,"{""ci_high"":""54.49539"",""ci_low"":""12.073449"",""confidenceLevel"":null}",CC-BY-SA-4.0,https://creativecommons.org/licenses/by-sa/4.0/,"ZSL/WWF, Living Planet Index; source edition and retrieval date; Our World in Data processing where applicable.",36b87bf96cf579f6bcf5e9b97157573e897de62e65c7829bb9b3b460017d670c,"[{""datasetId"":""lpi-2024-owid"",""datasetVersion"":""OWID indicator 990513; updated 2024-09-30; snapshot 2026-10-08"",""sourceId"":""owid-lpi-2024"",""sourceUrl"":""https://ourworldindata.org/grapher/global-living-planet-index"",""sourceDate"":""2024-09-30"",""sourceEdition"":""LPR 2024"",""accessedDate"":""2026-10-08"",""inputPath"":""data/raw/public/owid-lpi-2024.csv"",""inputSha256"":""9764f5f4f9c9ff855090a34ba218b02d7878922eec485e7b42d497ce5b8b3f25"",""rowNumber"":48,""jsonPointer"":null,""locator"":""OWID lpi_final, ci_low, ci_high; conversionFactor=100; 2024 source edition"",""originalUnit"":""index-1970-100"",""originalValue"":""25.551108"",""originalUncertainty"":{""ci_high"":""54.49539"",""ci_low"":""12.073449"",""confidenceLevel"":null},""rawRecord"":{""ci_high"":""54.49539"",""ci_low"":""12.073449"",""code"":""OWID_AFR"",""entity"":""Africa"",""lpi_final"":""25.551108"",""year"":""2017""},""transformations"":[""Whitespace/NFC normalization; original row retained"",""Divide published 1970=100 index and bounds by 100; explicit metadata scale, not interpolation""]}]"
lpi-2024-owid-africa-2018-2018,lpi-2024-owid,OWID indicator 990513; updated 2024-09-30; snapshot 2026-10-08,LPR 2024,lpi-2024-owid-africa,region,Africa,All,Monitored vertebrates,relative-index,index-1970-1,1970,2018,2018,0.25256574,source-bounds,0.11910944,0.53997785,,Interval confidence level not verified in chart metadata,,2024-09-30,2026-10-08,2026-10-08,index-1970-100,25.256573999999997,"{""ci_high"":""53.997785"",""ci_low"":""11.910943999999999"",""confidenceLevel"":null}",CC-BY-SA-4.0,https://creativecommons.org/licenses/by-sa/4.0/,"ZSL/WWF, Living Planet Index; source edition and retrieval date; Our World in Data processing where applicable.",36b87bf96cf579f6bcf5e9b97157573e897de62e65c7829bb9b3b460017d670c,"[{""datasetId"":""lpi-2024-owid"",""datasetVersion"":""OWID indicator 990513; updated 2024-09-30; snapshot 2026-10-08"",""sourceId"":""owid-lpi-2024"",""sourceUrl"":""https://ourworldindata.org/grapher/global-living-planet-index"",""sourceDate"":""2024-09-30"",""sourceEdition"":""LPR 2024"",""accessedDate"":""2026-10-08"",""inputPath"":""data/raw/public/owid-lpi-2024.csv"",""inputSha256"":""9764f5f4f9c9ff855090a34ba218b02d7878922eec485e7b42d497ce5b8b3f25"",""rowNumber"":49,""jsonPointer"":null,""locator"":""OWID lpi_final, ci_low, ci_high; conversionFactor=100; 2024 source edition"",""originalUnit"":""index-1970-100"",""originalValue"":""25.256573999999997"",""originalUncertainty"":{""ci_high"":""53.997785"",""ci_low"":""11.910943999999999"",""confidenceLevel"":null},""rawRecord"":{""ci_high"":""53.997785"",""ci_low"":""11.910943999999999"",""code"":""OWID_AFR"",""entity"":""Africa"",""lpi_final"":""25.256573999999997"",""year"":""2018""},""transformations"":[""Whitespace/NFC normalization; original row retained"",""Divide published 1970=100 index and bounds by 100; explicit metadata scale, not interpolation""]}]"
lpi-2024-owid-africa-2019-2019,lpi-2024-owid,OWID indicator 990513; updated 2024-09-30; snapshot 2026-10-08,LPR 2024,lpi-2024-owid-africa,region,Africa,All,Monitored vertebrates,relative-index,index-1970-1,1970,2019,2019,0.24632017,source-bounds,0.11588701000000001,0.52640414,,Interval confidence level not verified in chart metadata,,2024-09-30,2026-10-08,2026-10-08,index-1970-100,24.632017,"{""ci_high"":""52.640414"",""ci_low"":""11.588701"",""confidenceLevel"":null}",CC-BY-SA-4.0,https://creativecommons.org/licenses/by-sa/4.0/,"ZSL/WWF, Living Planet Index; source edition and retrieval date; Our World in Data processing where applicable.",36b87bf96cf579f6bcf5e9b97157573e897de62e65c7829bb9b3b460017d670c,"[{""datasetId"":""lpi-2024-owid"",""datasetVersion"":""OWID indicator 990513; updated 2024-09-30; snapshot 2026-10-08"",""sourceId"":""owid-lpi-2024"",""sourceUrl"":""https://ourworldindata.org/grapher/global-living-planet-index"",""sourceDate"":""2024-09-30"",""sourceEdition"":""LPR 2024"",""accessedDate"":""2026-10-08"",""inputPath"":""data/raw/public/owid-lpi-2024.csv"",""inputSha256"":""9764f5f4f9c9ff855090a34ba218b02d7878922eec485e7b42d497ce5b8b3f25"",""rowNumber"":50,""jsonPointer"":null,""locator"":""OWID lpi_final, ci_low, ci_high; conversionFactor=100; 2024 source edition"",""originalUnit"":""index-1970-100"",""originalValue"":""24.632017"",""originalUncertainty"":{""ci_high"":""52.640414"",""ci_low"":""11.588701"",""confidenceLevel"":null},""rawRecord"":{""ci_high"":""52.640414"",""ci_low"":""11.588701"",""code"":""OWID_AFR"",""entity"":""Africa"",""lpi_final"":""24.632017"",""year"":""2019""},""transformations"":[""Whitespace/NFC normalization; original row retained"",""Divide published 1970=100 index and bounds by 100; explicit metadata scale, not interpolation""]}]"
lpi-2024-owid-africa-2020-2020,lpi-2024-owid,OWID indicator 990513; updated 2024-09-30; snapshot 2026-10-08,LPR 2024,lpi-2024-owid-africa,region,Africa,All,Monitored vertebrates,relative-index,index-1970-1,1970,2020,2020,0.2396703,source-bounds,0.112514675,0.51069075,,Interval confidence level not verified in chart metadata,,2024-09-30,2026-10-08,2026-10-08,index-1970-100,23.96703,"{""ci_high"":""51.069075"",""ci_low"":""11.251467499999999"",""confidenceLevel"":null}",CC-BY-SA-4.0,https://creativecommons.org/licenses/by-sa/4.0/,"ZSL/WWF, Living Planet Index; source edition and retrieval date; Our World in Data processing where applicable.",36b87bf96cf579f6bcf5e9b97157573e897de62e65c7829bb9b3b460017d670c,"[{""datasetId"":""lpi-2024-owid"",""datasetVersion"":""OWID indicator 990513; updated 2024-09-30; snapshot 2026-10-08"",""sourceId"":""owid-lpi-2024"",""sourceUrl"":""https://ourworldindata.org/grapher/global-living-planet-index"",""sourceDate"":""2024-09-30"",""sourceEdition"":""LPR 2024"",""accessedDate"":""2026-10-08"",""inputPath"":""data/raw/public/owid-lpi-2024.csv"",""inputSha256"":""9764f5f4f9c9ff855090a34ba218b02d7878922eec485e7b42d497ce5b8b3f25"",""rowNumber"":51,""jsonPointer"":null,""locator"":""OWID lpi_final, ci_low, ci_high; conversionFactor=100; 2024 source edition"",""originalUnit"":""index-1970-100"",""originalValue"":""23.96703"",""originalUncertainty"":{""ci_high"":""51.069075"",""ci_low"":""11.251467499999999"",""confidenceLevel"":null},""rawRecord"":{""ci_high"":""51.069075"",""ci_low"":""11.251467499999999"",""code"":""OWID_AFR"",""entity"":""Africa"",""lpi_final"":""23.96703"",""year"":""2020""},""transformations"":[""Whitespace/NFC normalization; original row retained"",""Divide published 1970=100 index and bounds by 100; explicit metadata scale, not interpolation""]}]"
lpi-2024-owid-asia-and-pacific-1970-1970,lpi-2024-owid,OWID indicator 990513; updated 2024-09-30; snapshot 2026-10-08,LPR 2024,lpi-2024-owid-asia-and-pacific,region,Asia–Pacific,All,Monitored vertebrates,relative-index,index-1970-1,1970,1970,1970,1,source-bounds,1,1,,Interval confidence level not verified in chart metadata,,2024-09-30,2026-10-08,2026-10-08,index-1970-100,100,"{""ci_high"":""100"",""ci_low"":""100"",""confidenceLevel"":null}",CC-BY-SA-4.0,https://creativecommons.org/licenses/by-sa/4.0/,"ZSL/WWF, Living Planet Index; source edition and retrieval date; Our World in Data processing where applicable.",36b87bf96cf579f6bcf5e9b97157573e897de62e65c7829bb9b3b460017d670c,"[{""datasetId"":""lpi-2024-owid"",""datasetVersion"":""OWID indicator 990513; updated 2024-09-30; snapshot 2026-10-08"",""sourceId"":""owid-lpi-2024"",""sourceUrl"":""https://ourworldindata.org/grapher/global-living-planet-index"",""sourceDate"":""2024-09-30"",""sourceEdition"":""LPR 2024"",""accessedDate"":""2026-10-08"",""inputPath"":""data/raw/public/owid-lpi-2024.csv"",""inputSha256"":""9764f5f4f9c9ff855090a34ba218b02d7878922eec485e7b42d497ce5b8b3f25"",""rowNumber"":52,""jsonPointer"":null,""locator"":""OWID lpi_final, ci_low, ci_high; conversionFactor=100; 2024 source edition"",""originalUnit"":""index-1970-100"",""originalValue"":""100"",""originalUncertainty"":{""ci_high"":""100"",""ci_low"":""100"",""confidenceLevel"":null},""rawRecord"":{""ci_high"":""100"",""ci_low"":""100"",""code"":"""",""entity"":""Asia and Pacific"",""lpi_final"":""100"",""year"":""1970""},""transformations"":[""Whitespace/NFC normalization; original row retained"",""Divide published 1970=100 index and bounds by 100; explicit metadata scale, not interpolation""]}]"
lpi-2024-owid-asia-and-pacific-1971-1971,lpi-2024-owid,OWID indicator 990513; updated 2024-09-30; snapshot 2026-10-08,LPR 2024,lpi-2024-owid-asia-and-pacific,region,Asia–Pacific,All,Monitored vertebrates,relative-index,index-1970-1,1970,1971,1971,1.0367014,source-bounds,0.99857605,1.0947583,,Interval confidence level not verified in chart metadata,,2024-09-30,2026-10-08,2026-10-08,index-1970-100,103.67014,"{""ci_high"":""109.47583"",""ci_low"":""99.857605"",""confidenceLevel"":null}",CC-BY-SA-4.0,https://creativecommons.org/licenses/by-sa/4.0/,"ZSL/WWF, Living Planet Index; source edition and retrieval date; Our World in Data processing where applicable.",36b87bf96cf579f6bcf5e9b97157573e897de62e65c7829bb9b3b460017d670c,"[{""datasetId"":""lpi-2024-owid"",""datasetVersion"":""OWID indicator 990513; updated 2024-09-30; snapshot 2026-10-08"",""sourceId"":""owid-lpi-2024"",""sourceUrl"":""https://ourworldindata.org/grapher/global-living-planet-index"",""sourceDate"":""2024-09-30"",""sourceEdition"":""LPR 2024"",""accessedDate"":""2026-10-08"",""inputPath"":""data/raw/public/owid-lpi-2024.csv"",""inputSha256"":""9764f5f4f9c9ff855090a34ba218b02d7878922eec485e7b42d497ce5b8b3f25"",""rowNumber"":53,""jsonPointer"":null,""locator"":""OWID lpi_final, ci_low, ci_high; conversionFactor=100; 2024 source edition"",""originalUnit"":""index-1970-100"",""originalValue"":""103.67014"",""originalUncertainty"":{""ci_high"":""109.47583"",""ci_low"":""99.857605"",""confidenceLevel"":null},""rawRecord"":{""ci_high"":""109.47583"",""ci_low"":""99.857605"",""code"":"""",""entity"":""Asia and Pacific"",""lpi_final"":""103.67014"",""year"":""1971""},""transformations"":[""Whitespace/NFC normalization; original row retained"",""Divide published 1970=100 index and bounds by 100; explicit metadata scale, not interpolation""]}]"
lpi-2024-owid-asia-and-pacific-1972-1972,lpi-2024-owid,OWID indicator 990513; updated 2024-09-30; snapshot 2026-10-08,LPR 2024,lpi-2024-owid-asia-and-pacific,region,Asia–Pacific,All,Monitored vertebrates,relative-index,index-1970-1,1970,1972,1972,1.0545609,source-bounds,0.992284,1.1456958,,Interval confidence level not verified in chart metadata,,2024-09-30,2026-10-08,2026-10-08,index-1970-100,105.45609,"{""ci_high"":""114.56957999999999"",""ci_low"":""99.22840000000001"",""confidenceLevel"":null}",CC-BY-SA-4.0,https://creativecommons.org/licenses/by-sa/4.0/,"ZSL/WWF, Living Planet Index; source edition and retrieval date; Our World in Data processing where applicable.",36b87bf96cf579f6bcf5e9b97157573e897de62e65c7829bb9b3b460017d670c,"[{""datasetId"":""lpi-2024-owid"",""datasetVersion"":""OWID indicator 990513; updated 2024-09-30; snapshot 2026-10-08"",""sourceId"":""owid-lpi-2024"",""sourceUrl"":""https://ourworldindata.org/grapher/global-living-planet-index"",""sourceDate"":""2024-09-30"",""sourceEdition"":""LPR 2024"",""accessedDate"":""2026-10-08"",""inputPath"":""data/raw/public/owid-lpi-2024.csv"",""inputSha256"":""9764f5f4f9c9ff855090a34ba218b02d7878922eec485e7b42d497ce5b8b3f25"",""rowNumber"":54,""jsonPointer"":null,""locator"":""OWID lpi_final, ci_low, ci_high; conversionFactor=100; 2024 source edition"",""originalUnit"":""index-1970-100"",""originalValue"":""105.45609"",""originalUncertainty"":{""ci_high"":""114.56957999999999"",""ci_low"":""99.22840000000001"",""confidenceLevel"":null},""rawRecord"":{""ci_high"":""114.56957999999999"",""ci_low"":""99.22840000000001"",""code"":"""",""entity"":""Asia and Pacific"",""lpi_final"":""105.45609"",""year"":""1972""},""transformations"":[""Whitespace/NFC normalization; original row retained"",""Divide published 1970=100 index and bounds by 100; explicit metadata scale, not interpolation""]}]"
lpi-2024-owid-asia-and-pacific-1973-1973,lpi-2024-owid,OWID indicator 990513; updated 2024-09-30; snapshot 2026-10-08,LPR 2024,lpi-2024-owid-asia-and-pacific,region,Asia–Pacific,All,Monitored vertebrates,relative-index,index-1970-1,1970,1973,1973,1.0637546,source-bounds,0.99042416,1.1635312,,Interval confidence level not verified in chart metadata,,2024-09-30,2026-10-08,2026-10-08,index-1970-100,106.37546,"{""ci_high"":""116.35312"",""ci_low"":""99.042416"",""confidenceLevel"":null}",CC-BY-SA-4.0,https://creativecommons.org/licenses/by-sa/4.0/,"ZSL/WWF, Living Planet Index; source edition and retrieval date; Our World in Data processing where applicable.",36b87bf96cf579f6bcf5e9b97157573e897de62e65c7829bb9b3b460017d670c,"[{""datasetId"":""lpi-2024-owid"",""datasetVersion"":""OWID indicator 990513; updated 2024-09-30; snapshot 2026-10-08"",""sourceId"":""owid-lpi-2024"",""sourceUrl"":""https://ourworldindata.org/grapher/global-living-planet-index"",""sourceDate"":""2024-09-30"",""sourceEdition"":""LPR 2024"",""accessedDate"":""2026-10-08"",""inputPath"":""data/raw/public/owid-lpi-2024.csv"",""inputSha256"":""9764f5f4f9c9ff855090a34ba218b02d7878922eec485e7b42d497ce5b8b3f25"",""rowNumber"":55,""jsonPointer"":null,""locator"":""OWID lpi_final, ci_low, ci_high; conversionFactor=100; 2024 source edition"",""originalUnit"":""index-1970-100"",""originalValue"":""106.37546"",""originalUncertainty"":{""ci_high"":""116.35312"",""ci_low"":""99.042416"",""confidenceLevel"":null},""rawRecord"":{""ci_high"":""116.35312"",""ci_low"":""99.042416"",""code"":"""",""entity"":""Asia and Pacific"",""lpi_final"":""106.37546"",""year"":""1973""},""transformations"":[""Whitespace/NFC normalization; original row retained"",""Divide published 1970=100 index and bounds by 100; explicit metadata scale, not interpolation""]}]"
lpi-2024-owid-asia-and-pacific-1974-1974,lpi-2024-owid,OWID indicator 990513; updated 2024-09-30; snapshot 2026-10-08,LPR 2024,lpi-2024-owid-asia-and-pacific,region,Asia–Pacific,All,Monitored vertebrates,relative-index,index-1970-1,1970,1974,1974,1.0730608,source-bounds,0.9929126000000001,1.1788788,,Interval confidence level not verified in chart metadata,,2024-09-30,2026-10-08,2026-10-08,index-1970-100,107.30608,"{""ci_high"":""117.88788"",""ci_low"":""99.29126000000001"",""confidenceLevel"":null}",CC-BY-SA-4.0,https://creativecommons.org/licenses/by-sa/4.0/,"ZSL/WWF, Living Planet Index; source edition and retrieval date; Our World in Data processing where applicable.",36b87bf96cf579f6bcf5e9b97157573e897de62e65c7829bb9b3b460017d670c,"[{""datasetId"":""lpi-2024-owid"",""datasetVersion"":""OWID indicator 990513; updated 2024-09-30; snapshot 2026-10-08"",""sourceId"":""owid-lpi-2024"",""sourceUrl"":""https://ourworldindata.org/grapher/global-living-planet-index"",""sourceDate"":""2024-09-30"",""sourceEdition"":""LPR 2024"",""accessedDate"":""2026-10-08"",""inputPath"":""data/raw/public/owid-lpi-2024.csv"",""inputSha256"":""9764f5f4f9c9ff855090a34ba218b02d7878922eec485e7b42d497ce5b8b3f25"",""rowNumber"":56,""jsonPointer"":null,""locator"":""OWID lpi_final, ci_low, ci_high; conversionFactor=100; 2024 source edition"",""originalUnit"":""index-1970-100"",""originalValue"":""107.30608"",""originalUncertainty"":{""ci_high"":""117.88788"",""ci_low"":""99.29126000000001"",""confidenceLevel"":null},""rawRecord"":{""ci_high"":""117.88788"",""ci_low"":""99.29126000000001"",""code"":"""",""entity"":""Asia and Pacific"",""lpi_final"":""107.30608"",""year"":""1974""},""transformations"":[""Whitespace/NFC normalization; original row retained"",""Divide published 1970=100 index and bounds by 100; explicit metadata scale, not interpolation""]}]"
lpi-2024-owid-asia-and-pacific-1975-1975,lpi-2024-owid,OWID indicator 990513; updated 2024-09-30; snapshot 2026-10-08,LPR 2024,lpi-2024-owid-asia-and-pacific,region,Asia–Pacific,All,Monitored vertebrates,relative-index,index-1970-1,1970,1975,1975,1.0842007,source-bounds,0.9985553,1.1952136,,Interval confidence level not verified in chart metadata,,2024-09-30,2026-10-08,2026-10-08,index-1970-100,108.42007,"{""ci_high"":""119.52136"",""ci_low"":""99.85553"",""confidenceLevel"":null}",CC-BY-SA-4.0,https://creativecommons.org/licenses/by-sa/4.0/,"ZSL/WWF, Living Planet Index; source edition and retrieval date; Our World in Data processing where applicable.",36b87bf96cf579f6bcf5e9b97157573e897de62e65c7829bb9b3b460017d670c,"[{""datasetId"":""lpi-2024-owid"",""datasetVersion"":""OWID indicator 990513; updated 2024-09-30; snapshot 2026-10-08"",""sourceId"":""owid-lpi-2024"",""sourceUrl"":""https://ourworldindata.org/grapher/global-living-planet-index"",""sourceDate"":""2024-09-30"",""sourceEdition"":""LPR 2024"",""accessedDate"":""2026-10-08"",""inputPath"":""data/raw/public/owid-lpi-2024.csv"",""inputSha256"":""9764f5f4f9c9ff855090a34ba218b02d7878922eec485e7b42d497ce5b8b3f25"",""rowNumber"":57,""jsonPointer"":null,""locator"":""OWID lpi_final, ci_low, ci_high; conversionFactor=100; 2024 source edition"",""originalUnit"":""index-1970-100"",""originalValue"":""108.42007"",""originalUncertainty"":{""ci_high"":""119.52136"",""ci_low"":""99.85553"",""confidenceLevel"":null},""rawRecord"":{""ci_high"":""119.52136"",""ci_low"":""99.85553"",""code"":"""",""entity"":""Asia and Pacific"",""lpi_final"":""108.42007"",""year"":""1975""},""transformations"":[""Whitespace/NFC normalization; original row retained"",""Divide published 1970=100 index and bounds by 100; explicit metadata scale, not interpolation""]}]"
lpi-2024-owid-asia-and-pacific-1976-1976,lpi-2024-owid,OWID indicator 990513; updated 2024-09-30; snapshot 2026-10-08,LPR 2024,lpi-2024-owid-asia-and-pacific,region,Asia–Pacific,All,Monitored vertebrates,relative-index,index-1970-1,1970,1976,1976,1.0795983,source-bounds,0.9906394,1.1940916,,Interval confidence level not verified in chart metadata,,2024-09-30,2026-10-08,2026-10-08,index-1970-100,107.95983,"{""ci_high"":""119.40915999999999"",""ci_low"":""99.06393999999999"",""confidenceLevel"":null}",CC-BY-SA-4.0,https://creativecommons.org/licenses/by-sa/4.0/,"ZSL/WWF, Living Planet Index; source edition and retrieval date; Our World in Data processing where applicable.",36b87bf96cf579f6bcf5e9b97157573e897de62e65c7829bb9b3b460017d670c,"[{""datasetId"":""lpi-2024-owid"",""datasetVersion"":""OWID indicator 990513; updated 2024-09-30; snapshot 2026-10-08"",""sourceId"":""owid-lpi-2024"",""sourceUrl"":""https://ourworldindata.org/grapher/global-living-planet-index"",""sourceDate"":""2024-09-30"",""sourceEdition"":""LPR 2024"",""accessedDate"":""2026-10-08"",""inputPath"":""data/raw/public/owid-lpi-2024.csv"",""inputSha256"":""9764f5f4f9c9ff855090a34ba218b02d7878922eec485e7b42d497ce5b8b3f25"",""rowNumber"":58,""jsonPointer"":null,""locator"":""OWID lpi_final, ci_low, ci_high; conversionFactor=100; 2024 source edition"",""originalUnit"":""index-1970-100"",""originalValue"":""107.95983"",""originalUncertainty"":{""ci_high"":""119.40915999999999"",""ci_low"":""99.06393999999999"",""confidenceLevel"":null},""rawRecord"":{""ci_high"":""119.40915999999999"",""ci_low"":""99.06393999999999"",""code"":"""",""entity"":""Asia and Pacific"",""lpi_final"":""107.95983"",""year"":""1976""},""transformations"":[""Whitespace/NFC normalization; original row retained"",""Divide published 1970=100 index and bounds by 100; explicit metadata scale, not interpolation""]}]"
lpi-2024-owid-asia-and-pacific-1977-1977,lpi-2024-owid,OWID indicator 990513; updated 2024-09-30; snapshot 2026-10-08,LPR 2024,lpi-2024-owid-asia-and-pacific,region,Asia–Pacific,All,Monitored vertebrates,relative-index,index-1970-1,1970,1977,1977,1.0600847,source-bounds,0.9693238,1.1761703,,Interval confidence level not verified in chart metadata,,2024-09-30,2026-10-08,2026-10-08,index-1970-100,106.00847,"{""ci_high"":""117.61702999999999"",""ci_low"":""96.93238"",""confidenceLevel"":null}",CC-BY-SA-4.0,https://creativecommons.org/licenses/by-sa/4.0/,"ZSL/WWF, Living Planet Index; source edition and retrieval date; Our World in Data processing where applicable.",36b87bf96cf579f6bcf5e9b97157573e897de62e65c7829bb9b3b460017d670c,"[{""datasetId"":""lpi-2024-owid"",""datasetVersion"":""OWID indicator 990513; updated 2024-09-30; snapshot 2026-10-08"",""sourceId"":""owid-lpi-2024"",""sourceUrl"":""https://ourworldindata.org/grapher/global-living-planet-index"",""sourceDate"":""2024-09-30"",""sourceEdition"":""LPR 2024"",""accessedDate"":""2026-10-08"",""inputPath"":""data/raw/public/owid-lpi-2024.csv"",""inputSha256"":""9764f5f4f9c9ff855090a34ba218b02d7878922eec485e7b42d497ce5b8b3f25"",""rowNumber"":59,""jsonPointer"":null,""locator"":""OWID lpi_final, ci_low, ci_high; conversionFactor=100; 2024 source edition"",""originalUnit"":""index-1970-100"",""originalValue"":""106.00847"",""originalUncertainty"":{""ci_high"":""117.61702999999999"",""ci_low"":""96.93238"",""confidenceLevel"":null},""rawRecord"":{""ci_high"":""117.61702999999999"",""ci_low"":""96.93238"",""code"":"""",""entity"":""Asia and Pacific"",""lpi_final"":""106.00847"",""year"":""1977""},""transformations"":[""Whitespace/NFC normalization; original row retained"",""Divide published 1970=100 index and bounds by 100; explicit metadata scale, not interpolation""]}]"
lpi-2024-owid-asia-and-pacific-1978-1978,lpi-2024-owid,OWID indicator 990513; updated 2024-09-30; snapshot 2026-10-08,LPR 2024,lpi-2024-owid-asia-and-pacific,region,Asia–Pacific,All,Monitored vertebrates,relative-index,index-1970-1,1970,1978,1978,1.038813,source-bounds,0.9464202,1.1562893,,Interval confidence level not verified in chart metadata,,2024-09-30,2026-10-08,2026-10-08,index-1970-100,103.8813,"{""ci_high"":""115.62893000000001"",""ci_low"":""94.64202"",""confidenceLevel"":null}",CC-BY-SA-4.0,https://creativecommons.org/licenses/by-sa/4.0/,"ZSL/WWF, Living Planet Index; source edition and retrieval date; Our World in Data processing where applicable.",36b87bf96cf579f6bcf5e9b97157573e897de62e65c7829bb9b3b460017d670c,"[{""datasetId"":""lpi-2024-owid"",""datasetVersion"":""OWID indicator 990513; updated 2024-09-30; snapshot 2026-10-08"",""sourceId"":""owid-lpi-2024"",""sourceUrl"":""https://ourworldindata.org/grapher/global-living-planet-index"",""sourceDate"":""2024-09-30"",""sourceEdition"":""LPR 2024"",""accessedDate"":""2026-10-08"",""inputPath"":""data/raw/public/owid-lpi-2024.csv"",""inputSha256"":""9764f5f4f9c9ff855090a34ba218b02d7878922eec485e7b42d497ce5b8b3f25"",""rowNumber"":60,""jsonPointer"":null,""locator"":""OWID lpi_final, ci_low, ci_high; conversionFactor=100; 2024 source edition"",""originalUnit"":""index-1970-100"",""originalValue"":""103.8813"",""originalUncertainty"":{""ci_high"":""115.62893000000001"",""ci_low"":""94.64202"",""confidenceLevel"":null},""rawRecord"":{""ci_high"":""115.62893000000001"",""ci_low"":""94.64202"",""code"":"""",""entity"":""Asia and Pacific"",""lpi_final"":""103.8813"",""year"":""1978""},""transformations"":[""Whitespace/NFC normalization; original row retained"",""Divide published 1970=100 index and bounds by 100; explicit metadata scale, not interpolation""]}]"
lpi-2024-owid-asia-and-pacific-1979-1979,lpi-2024-owid,OWID indicator 990513; updated 2024-09-30; snapshot 2026-10-08,LPR 2024,lpi-2024-owid-asia-and-pacific,region,Asia–Pacific,All,Monitored vertebrates,relative-index,index-1970-1,1970,1979,1979,1.0226315,source-bounds,0.92888796,1.141453,,Interval confidence level not verified in chart metadata,,2024-09-30,2026-10-08,2026-10-08,index-1970-100,102.26315,"{""ci_high"":""114.1453"",""ci_low"":""92.888796"",""confidenceLevel"":null}",CC-BY-SA-4.0,https://creativecommons.org/licenses/by-sa/4.0/,"ZSL/WWF, Living Planet Index; source edition and retrieval date; Our World in Data processing where applicable.",36b87bf96cf579f6bcf5e9b97157573e897de62e65c7829bb9b3b460017d670c,"[{""datasetId"":""lpi-2024-owid"",""datasetVersion"":""OWID indicator 990513; updated 2024-09-30; snapshot 2026-10-08"",""sourceId"":""owid-lpi-2024"",""sourceUrl"":""https://ourworldindata.org/grapher/global-living-planet-index"",""sourceDate"":""2024-09-30"",""sourceEdition"":""LPR 2024"",""accessedDate"":""2026-10-08"",""inputPath"":""data/raw/public/owid-lpi-2024.csv"",""inputSha256"":""9764f5f4f9c9ff855090a34ba218b02d7878922eec485e7b42d497ce5b8b3f25"",""rowNumber"":61,""jsonPointer"":null,""locator"":""OWID lpi_final, ci_low, ci_high; conversionFactor=100; 2024 source edition"",""originalUnit"":""index-1970-100"",""originalValue"":""102.26315"",""originalUncertainty"":{""ci_high"":""114.1453"",""ci_low"":""92.888796"",""confidenceLevel"":null},""rawRecord"":{""ci_high"":""114.1453"",""ci_low"":""92.888796"",""code"":"""",""entity"":""Asia and Pacific"",""lpi_final"":""102.26315"",""year"":""1979""},""transformations"":[""Whitespace/NFC normalization; original row retained"",""Divide published 1970=100 index and bounds by 100; explicit metadata scale, not interpolation""]}]"
lpi-2024-owid-asia-and-pacific-1980-1980,lpi-2024-owid,OWID indicator 990513; updated 2024-09-30; snapshot 2026-10-08,LPR 2024,lpi-2024-owid-asia-and-pacific,region,Asia–Pacific,All,Monitored vertebrates,relative-index,index-1970-1,1970,1980,1980,1.0117104,source-bounds,0.9160987,1.1324356,,Interval confidence level not verified in chart metadata,,2024-09-30,2026-10-08,2026-10-08,index-1970-100,101.17103999999999,"{""ci_high"":""113.24356"",""ci_low"":""91.60987"",""confidenceLevel"":null}",CC-BY-SA-4.0,https://creativecommons.org/licenses/by-sa/4.0/,"ZSL/WWF, Living Planet Index; source edition and retrieval date; Our World in Data processing where applicable.",36b87bf96cf579f6bcf5e9b97157573e897de62e65c7829bb9b3b460017d670c,"[{""datasetId"":""lpi-2024-owid"",""datasetVersion"":""OWID indicator 990513; updated 2024-09-30; snapshot 2026-10-08"",""sourceId"":""owid-lpi-2024"",""sourceUrl"":""https://ourworldindata.org/grapher/global-living-planet-index"",""sourceDate"":""2024-09-30"",""sourceEdition"":""LPR 2024"",""accessedDate"":""2026-10-08"",""inputPath"":""data/raw/public/owid-lpi-2024.csv"",""inputSha256"":""9764f5f4f9c9ff855090a34ba218b02d7878922eec485e7b42d497ce5b8b3f25"",""rowNumber"":62,""jsonPointer"":null,""locator"":""OWID lpi_final, ci_low, ci_high; conversionFactor=100; 2024 source edition"",""originalUnit"":""index-1970-100"",""originalValue"":""101.17103999999999"",""originalUncertainty"":{""ci_high"":""113.24356"",""ci_low"":""91.60987"",""confidenceLevel"":null},""rawRecord"":{""ci_high"":""113.24356"",""ci_low"":""91.60987"",""code"":"""",""entity"":""Asia and Pacific"",""lpi_final"":""101.17103999999999"",""year"":""1980""},""transformations"":[""Whitespace/NFC normalization; original row retained"",""Divide published 1970=100 index and bounds by 100; explicit metadata scale, not interpolation""]}]"
lpi-2024-owid-asia-and-pacific-1981-1981,lpi-2024-owid,OWID indicator 990513; updated 2024-09-30; snapshot 2026-10-08,LPR 2024,lpi-2024-owid-asia-and-pacific,region,Asia–Pacific,All,Monitored vertebrates,relative-index,index-1970-1,1970,1981,1981,0.99900275,source-bounds,0.9006607,1.1209414,,Interval confidence level not verified in chart metadata,,2024-09-30,2026-10-08,2026-10-08,index-1970-100,99.90027500000001,"{""ci_high"":""112.09414"",""ci_low"":""90.06607"",""confidenceLevel"":null}",CC-BY-SA-4.0,https://creativecommons.org/licenses/by-sa/4.0/,"ZSL/WWF, Living Planet Index; source edition and retrieval date; Our World in Data processing where applicable.",36b87bf96cf579f6bcf5e9b97157573e897de62e65c7829bb9b3b460017d670c,"[{""datasetId"":""lpi-2024-owid"",""datasetVersion"":""OWID indicator 990513; updated 2024-09-30; snapshot 2026-10-08"",""sourceId"":""owid-lpi-2024"",""sourceUrl"":""https://ourworldindata.org/grapher/global-living-planet-index"",""sourceDate"":""2024-09-30"",""sourceEdition"":""LPR 2024"",""accessedDate"":""2026-10-08"",""inputPath"":""data/raw/public/owid-lpi-2024.csv"",""inputSha256"":""9764f5f4f9c9ff855090a34ba218b02d7878922eec485e7b42d497ce5b8b3f25"",""rowNumber"":63,""jsonPointer"":null,""locator"":""OWID lpi_final, ci_low, ci_high; conversionFactor=100; 2024 source edition"",""originalUnit"":""index-1970-100"",""originalValue"":""99.90027500000001"",""originalUncertainty"":{""ci_high"":""112.09414"",""ci_low"":""90.06607"",""confidenceLevel"":null},""rawRecord"":{""ci_high"":""112.09414"",""ci_low"":""90.06607"",""code"":"""",""entity"":""Asia and Pacific"",""lpi_final"":""99.90027500000001"",""year"":""1981""},""transformations"":[""Whitespace/NFC normalization; original row retained"",""Divide published 1970=100 index and bounds by 100; explicit metadata scale, not interpolation""]}]"
lpi-2024-owid-asia-and-pacific-1982-1982,lpi-2024-owid,OWID indicator 990513; updated 2024-09-30; snapshot 2026-10-08,LPR 2024,lpi-2024-owid-asia-and-pacific,region,Asia–Pacific,All,Monitored vertebrates,relative-index,index-1970-1,1970,1982,1982,0.9806892,source-bounds,0.8805967,1.102777,,Interval confidence level not verified in chart metadata,,2024-09-30,2026-10-08,2026-10-08,index-1970-100,98.06892,"{""ci_high"":""110.2777"",""ci_low"":""88.05967"",""confidenceLevel"":null}",CC-BY-SA-4.0,https://creativecommons.org/licenses/by-sa/4.0/,"ZSL/WWF, Living Planet Index; source edition and retrieval date; Our World in Data processing where applicable.",36b87bf96cf579f6bcf5e9b97157573e897de62e65c7829bb9b3b460017d670c,"[{""datasetId"":""lpi-2024-owid"",""datasetVersion"":""OWID indicator 990513; updated 2024-09-30; snapshot 2026-10-08"",""sourceId"":""owid-lpi-2024"",""sourceUrl"":""https://ourworldindata.org/grapher/global-living-planet-index"",""sourceDate"":""2024-09-30"",""sourceEdition"":""LPR 2024"",""accessedDate"":""2026-10-08"",""inputPath"":""data/raw/public/owid-lpi-2024.csv"",""inputSha256"":""9764f5f4f9c9ff855090a34ba218b02d7878922eec485e7b42d497ce5b8b3f25"",""rowNumber"":64,""jsonPointer"":null,""locator"":""OWID lpi_final, ci_low, ci_high; conversionFactor=100; 2024 source edition"",""originalUnit"":""index-1970-100"",""originalValue"":""98.06892"",""originalUncertainty"":{""ci_high"":""110.2777"",""ci_low"":""88.05967"",""confidenceLevel"":null},""rawRecord"":{""ci_high"":""110.2777"",""ci_low"":""88.05967"",""code"":"""",""entity"":""Asia and Pacific"",""lpi_final"":""98.06892"",""year"":""1982""},""transformations"":[""Whitespace/NFC normalization; original row retained"",""Divide published 1970=100 index and bounds by 100; explicit metadata scale, not interpolation""]}]"
lpi-2024-owid-asia-and-pacific-1983-1983,lpi-2024-owid,OWID indicator 990513; updated 2024-09-30; snapshot 2026-10-08,LPR 2024,lpi-2024-owid-asia-and-pacific,region,Asia–Pacific,All,Monitored vertebrates,relative-index,index-1970-1,1970,1983,1983,0.9540395000000002,source-bounds,0.8537002,1.0756749,,Interval confidence level not verified in chart metadata,,2024-09-30,2026-10-08,2026-10-08,index-1970-100,95.40395000000001,"{""ci_high"":""107.56749"",""ci_low"":""85.37002"",""confidenceLevel"":null}",CC-BY-SA-4.0,https://creativecommons.org/licenses/by-sa/4.0/,"ZSL/WWF, Living Planet Index; source edition and retrieval date; Our World in Data processing where applicable.",36b87bf96cf579f6bcf5e9b97157573e897de62e65c7829bb9b3b460017d670c,"[{""datasetId"":""lpi-2024-owid"",""datasetVersion"":""OWID indicator 990513; updated 2024-09-30; snapshot 2026-10-08"",""sourceId"":""owid-lpi-2024"",""sourceUrl"":""https://ourworldindata.org/grapher/global-living-planet-index"",""sourceDate"":""2024-09-30"",""sourceEdition"":""LPR 2024"",""accessedDate"":""2026-10-08"",""inputPath"":""data/raw/public/owid-lpi-2024.csv"",""inputSha256"":""9764f5f4f9c9ff855090a34ba218b02d7878922eec485e7b42d497ce5b8b3f25"",""rowNumber"":65,""jsonPointer"":null,""locator"":""OWID lpi_final, ci_low, ci_high; conversionFactor=100; 2024 source edition"",""originalUnit"":""index-1970-100"",""originalValue"":""95.40395000000001"",""originalUncertainty"":{""ci_high"":""107.56749"",""ci_low"":""85.37002"",""confidenceLevel"":null},""rawRecord"":{""ci_high"":""107.56749"",""ci_low"":""85.37002"",""code"":"""",""entity"":""Asia and Pacific"",""lpi_final"":""95.40395000000001"",""year"":""1983""},""transformations"":[""Whitespace/NFC normalization; original row retained"",""Divide published 1970=100 index and bounds by 100; explicit metadata scale, not interpolation""]}]"
lpi-2024-owid-asia-and-pacific-1984-1984,lpi-2024-owid,OWID indicator 990513; updated 2024-09-30; snapshot 2026-10-08,LPR 2024,lpi-2024-owid-asia-and-pacific,region,Asia–Pacific,All,Monitored vertebrates,relative-index,index-1970-1,1970,1984,1984,0.93619156,source-bounds,0.82811826,1.0672512,,Interval confidence level not verified in chart metadata,,2024-09-30,2026-10-08,2026-10-08,index-1970-100,93.619156,"{""ci_high"":""106.72512"",""ci_low"":""82.811826"",""confidenceLevel"":null}",CC-BY-SA-4.0,https://creativecommons.org/licenses/by-sa/4.0/,"ZSL/WWF, Living Planet Index; source edition and retrieval date; Our World in Data processing where applicable.",36b87bf96cf579f6bcf5e9b97157573e897de62e65c7829bb9b3b460017d670c,"[{""datasetId"":""lpi-2024-owid"",""datasetVersion"":""OWID indicator 990513; updated 2024-09-30; snapshot 2026-10-08"",""sourceId"":""owid-lpi-2024"",""sourceUrl"":""https://ourworldindata.org/grapher/global-living-planet-index"",""sourceDate"":""2024-09-30"",""sourceEdition"":""LPR 2024"",""accessedDate"":""2026-10-08"",""inputPath"":""data/raw/public/owid-lpi-2024.csv"",""inputSha256"":""9764f5f4f9c9ff855090a34ba218b02d7878922eec485e7b42d497ce5b8b3f25"",""rowNumber"":66,""jsonPointer"":null,""locator"":""OWID lpi_final, ci_low, ci_high; conversionFactor=100; 2024 source edition"",""originalUnit"":""index-1970-100"",""originalValue"":""93.619156"",""originalUncertainty"":{""ci_high"":""106.72512"",""ci_low"":""82.811826"",""confidenceLevel"":null},""rawRecord"":{""ci_high"":""106.72512"",""ci_low"":""82.811826"",""code"":"""",""entity"":""Asia and Pacific"",""lpi_final"":""93.619156"",""year"":""1984""},""transformations"":[""Whitespace/NFC normalization; original row retained"",""Divide published 1970=100 index and bounds by 100; explicit metadata scale, not interpolation""]}]"
lpi-2024-owid-asia-and-pacific-1985-1985,lpi-2024-owid,OWID indicator 990513; updated 2024-09-30; snapshot 2026-10-08,LPR 2024,lpi-2024-owid-asia-and-pacific,region,Asia–Pacific,All,Monitored vertebrates,relative-index,index-1970-1,1970,1985,1985,0.9340339000000001,source-bounds,0.8115851,1.0832638,,Interval confidence level not verified in chart metadata,,2024-09-30,2026-10-08,2026-10-08,index-1970-100,93.40339,"{""ci_high"":""108.32638000000001"",""ci_low"":""81.15850999999999"",""confidenceLevel"":null}",CC-BY-SA-4.0,https://creativecommons.org/licenses/by-sa/4.0/,"ZSL/WWF, Living Planet Index; source edition and retrieval date; Our World in Data processing where applicable.",36b87bf96cf579f6bcf5e9b97157573e897de62e65c7829bb9b3b460017d670c,"[{""datasetId"":""lpi-2024-owid"",""datasetVersion"":""OWID indicator 990513; updated 2024-09-30; snapshot 2026-10-08"",""sourceId"":""owid-lpi-2024"",""sourceUrl"":""https://ourworldindata.org/grapher/global-living-planet-index"",""sourceDate"":""2024-09-30"",""sourceEdition"":""LPR 2024"",""accessedDate"":""2026-10-08"",""inputPath"":""data/raw/public/owid-lpi-2024.csv"",""inputSha256"":""9764f5f4f9c9ff855090a34ba218b02d7878922eec485e7b42d497ce5b8b3f25"",""rowNumber"":67,""jsonPointer"":null,""locator"":""OWID lpi_final, ci_low, ci_high; conversionFactor=100; 2024 source edition"",""originalUnit"":""index-1970-100"",""originalValue"":""93.40339"",""originalUncertainty"":{""ci_high"":""108.32638000000001"",""ci_low"":""81.15850999999999"",""confidenceLevel"":null},""rawRecord"":{""ci_high"":""108.32638000000001"",""ci_low"":""81.15850999999999"",""code"":"""",""entity"":""Asia and Pacific"",""lpi_final"":""93.40339"",""year"":""1985""},""transformations"":[""Whitespace/NFC normalization; original row retained"",""Divide published 1970=100 index and bounds by 100; explicit metadata scale, not interpolation""]}]"
lpi-2024-owid-asia-and-pacific-1986-1986,lpi-2024-owid,OWID indicator 990513; updated 2024-09-30; snapshot 2026-10-08,LPR 2024,lpi-2024-owid-asia-and-pacific,region,Asia–Pacific,All,Monitored vertebrates,relative-index,index-1970-1,1970,1986,1986,0.9481911,source-bounds,0.8031374,1.1322141,,Interval confidence level not verified in chart metadata,,2024-09-30,2026-10-08,2026-10-08,index-1970-100,94.81911,"{""ci_high"":""113.22140999999999"",""ci_low"":""80.31374"",""confidenceLevel"":null}",CC-BY-SA-4.0,https://creativecommons.org/licenses/by-sa/4.0/,"ZSL/WWF, Living Planet Index; source edition and retrieval date; Our World in Data processing where applicable.",36b87bf96cf579f6bcf5e9b97157573e897de62e65c7829bb9b3b460017d670c,"[{""datasetId"":""lpi-2024-owid"",""datasetVersion"":""OWID indicator 990513; updated 2024-09-30; snapshot 2026-10-08"",""sourceId"":""owid-lpi-2024"",""sourceUrl"":""https://ourworldindata.org/grapher/global-living-planet-index"",""sourceDate"":""2024-09-30"",""sourceEdition"":""LPR 2024"",""accessedDate"":""2026-10-08"",""inputPath"":""data/raw/public/owid-lpi-2024.csv"",""inputSha256"":""9764f5f4f9c9ff855090a34ba218b02d7878922eec485e7b42d497ce5b8b3f25"",""rowNumber"":68,""jsonPointer"":null,""locator"":""OWID lpi_final, ci_low, ci_high; conversionFactor=100; 2024 source edition"",""originalUnit"":""index-1970-100"",""originalValue"":""94.81911"",""originalUncertainty"":{""ci_high"":""113.22140999999999"",""ci_low"":""80.31374"",""confidenceLevel"":null},""rawRecord"":{""ci_high"":""113.22140999999999"",""ci_low"":""80.31374"",""code"":"""",""entity"":""Asia and Pacific"",""lpi_final"":""94.81911"",""year"":""1986""},""transformations"":[""Whitespace/NFC normalization; original row retained"",""Divide published 1970=100 index and bounds by 100; explicit metadata scale, not interpolation""]}]"
lpi-2024-owid-asia-and-pacific-1987-1987,lpi-2024-owid,OWID indicator 990513; updated 2024-09-30; snapshot 2026-10-08,LPR 2024,lpi-2024-owid-asia-and-pacific,region,Asia–Pacific,All,Monitored vertebrates,relative-index,index-1970-1,1970,1987,1987,0.9518263,source-bounds,0.79192847,1.1610953,,Interval confidence level not verified in chart metadata,,2024-09-30,2026-10-08,2026-10-08,index-1970-100,95.18263,"{""ci_high"":""116.10952999999999"",""ci_low"":""79.192847"",""confidenceLevel"":null}",CC-BY-SA-4.0,https://creativecommons.org/licenses/by-sa/4.0/,"ZSL/WWF, Living Planet Index; source edition and retrieval date; Our World in Data processing where applicable.",36b87bf96cf579f6bcf5e9b97157573e897de62e65c7829bb9b3b460017d670c,"[{""datasetId"":""lpi-2024-owid"",""datasetVersion"":""OWID indicator 990513; updated 2024-09-30; snapshot 2026-10-08"",""sourceId"":""owid-lpi-2024"",""sourceUrl"":""https://ourworldindata.org/grapher/global-living-planet-index"",""sourceDate"":""2024-09-30"",""sourceEdition"":""LPR 2024"",""accessedDate"":""2026-10-08"",""inputPath"":""data/raw/public/owid-lpi-2024.csv"",""inputSha256"":""9764f5f4f9c9ff855090a34ba218b02d7878922eec485e7b42d497ce5b8b3f25"",""rowNumber"":69,""jsonPointer"":null,""locator"":""OWID lpi_final, ci_low, ci_high; conversionFactor=100; 2024 source edition"",""originalUnit"":""index-1970-100"",""originalValue"":""95.18263"",""originalUncertainty"":{""ci_high"":""116.10952999999999"",""ci_low"":""79.192847"",""confidenceLevel"":null},""rawRecord"":{""ci_high"":""116.10952999999999"",""ci_low"":""79.192847"",""code"":"""",""entity"":""Asia and Pacific"",""lpi_final"":""95.18263"",""year"":""1987""},""transformations"":[""Whitespace/NFC normalization; original row retained"",""Divide published 1970=100 index and bounds by 100; explicit metadata scale, not interpolation""]}]"
lpi-2024-owid-asia-and-pacific-1988-1988,lpi-2024-owid,OWID indicator 990513; updated 2024-09-30; snapshot 2026-10-08,LPR 2024,lpi-2024-owid-asia-and-pacific,region,Asia–Pacific,All,Monitored vertebrates,relative-index,index-1970-1,1970,1988,1988,0.94774324,source-bounds,0.7778521,1.1761899,,Interval confidence level not verified in chart metadata,,2024-09-30,2026-10-08,2026-10-08,index-1970-100,94.774324,"{""ci_high"":""117.61899"",""ci_low"":""77.78521"",""confidenceLevel"":null}",CC-BY-SA-4.0,https://creativecommons.org/licenses/by-sa/4.0/,"ZSL/WWF, Living Planet Index; source edition and retrieval date; Our World in Data processing where applicable.",36b87bf96cf579f6bcf5e9b97157573e897de62e65c7829bb9b3b460017d670c,"[{""datasetId"":""lpi-2024-owid"",""datasetVersion"":""OWID indicator 990513; updated 2024-09-30; snapshot 2026-10-08"",""sourceId"":""owid-lpi-2024"",""sourceUrl"":""https://ourworldindata.org/grapher/global-living-planet-index"",""sourceDate"":""2024-09-30"",""sourceEdition"":""LPR 2024"",""accessedDate"":""2026-10-08"",""inputPath"":""data/raw/public/owid-lpi-2024.csv"",""inputSha256"":""9764f5f4f9c9ff855090a34ba218b02d7878922eec485e7b42d497ce5b8b3f25"",""rowNumber"":70,""jsonPointer"":null,""locator"":""OWID lpi_final, ci_low, ci_high; conversionFactor=100; 2024 source edition"",""originalUnit"":""index-1970-100"",""originalValue"":""94.774324"",""originalUncertainty"":{""ci_high"":""117.61899"",""ci_low"":""77.78521"",""confidenceLevel"":null},""rawRecord"":{""ci_high"":""117.61899"",""ci_low"":""77.78521"",""code"":"""",""entity"":""Asia and Pacific"",""lpi_final"":""94.774324"",""year"":""1988""},""transformations"":[""Whitespace/NFC normalization; original row retained"",""Divide published 1970=100 index and bounds by 100; explicit metadata scale, not interpolation""]}]"
lpi-2024-owid-asia-and-pacific-1989-1989,lpi-2024-owid,OWID indicator 990513; updated 2024-09-30; snapshot 2026-10-08,LPR 2024,lpi-2024-owid-asia-and-pacific,region,Asia–Pacific,All,Monitored vertebrates,relative-index,index-1970-1,1970,1989,1989,0.93577194,source-bounds,0.7632294,1.1684058,,Interval confidence level not verified in chart metadata,,2024-09-30,2026-10-08,2026-10-08,index-1970-100,93.57719399999999,"{""ci_high"":""116.84057999999999"",""ci_low"":""76.32293999999999"",""confidenceLevel"":null}",CC-BY-SA-4.0,https://creativecommons.org/licenses/by-sa/4.0/,"ZSL/WWF, Living Planet Index; source edition and retrieval date; Our World in Data processing where applicable.",36b87bf96cf579f6bcf5e9b97157573e897de62e65c7829bb9b3b460017d670c,"[{""datasetId"":""lpi-2024-owid"",""datasetVersion"":""OWID indicator 990513; updated 2024-09-30; snapshot 2026-10-08"",""sourceId"":""owid-lpi-2024"",""sourceUrl"":""https://ourworldindata.org/grapher/global-living-planet-index"",""sourceDate"":""2024-09-30"",""sourceEdition"":""LPR 2024"",""accessedDate"":""2026-10-08"",""inputPath"":""data/raw/public/owid-lpi-2024.csv"",""inputSha256"":""9764f5f4f9c9ff855090a34ba218b02d7878922eec485e7b42d497ce5b8b3f25"",""rowNumber"":71,""jsonPointer"":null,""locator"":""OWID lpi_final, ci_low, ci_high; conversionFactor=100; 2024 source edition"",""originalUnit"":""index-1970-100"",""originalValue"":""93.57719399999999"",""originalUncertainty"":{""ci_high"":""116.84057999999999"",""ci_low"":""76.32293999999999"",""confidenceLevel"":null},""rawRecord"":{""ci_high"":""116.84057999999999"",""ci_low"":""76.32293999999999"",""code"":"""",""entity"":""Asia and Pacific"",""lpi_final"":""93.57719399999999"",""year"":""1989""},""transformations"":[""Whitespace/NFC normalization; original row retained"",""Divide published 1970=100 index and bounds by 100; explicit metadata scale, not interpolation""]}]"
lpi-2024-owid-asia-and-pacific-1990-1990,lpi-2024-owid,OWID indicator 990513; updated 2024-09-30; snapshot 2026-10-08,LPR 2024,lpi-2024-owid-asia-and-pacific,region,Asia–Pacific,All,Monitored vertebrates,relative-index,index-1970-1,1970,1990,1990,0.9070645,source-bounds,0.73153824,1.145702,,Interval confidence level not verified in chart metadata,,2024-09-30,2026-10-08,2026-10-08,index-1970-100,90.70645,"{""ci_high"":""114.5702"",""ci_low"":""73.153824"",""confidenceLevel"":null}",CC-BY-SA-4.0,https://creativecommons.org/licenses/by-sa/4.0/,"ZSL/WWF, Living Planet Index; source edition and retrieval date; Our World in Data processing where applicable.",36b87bf96cf579f6bcf5e9b97157573e897de62e65c7829bb9b3b460017d670c,"[{""datasetId"":""lpi-2024-owid"",""datasetVersion"":""OWID indicator 990513; updated 2024-09-30; snapshot 2026-10-08"",""sourceId"":""owid-lpi-2024"",""sourceUrl"":""https://ourworldindata.org/grapher/global-living-planet-index"",""sourceDate"":""2024-09-30"",""sourceEdition"":""LPR 2024"",""accessedDate"":""2026-10-08"",""inputPath"":""data/raw/public/owid-lpi-2024.csv"",""inputSha256"":""9764f5f4f9c9ff855090a34ba218b02d7878922eec485e7b42d497ce5b8b3f25"",""rowNumber"":72,""jsonPointer"":null,""locator"":""OWID lpi_final, ci_low, ci_high; conversionFactor=100; 2024 source edition"",""originalUnit"":""index-1970-100"",""originalValue"":""90.70645"",""originalUncertainty"":{""ci_high"":""114.5702"",""ci_low"":""73.153824"",""confidenceLevel"":null},""rawRecord"":{""ci_high"":""114.5702"",""ci_low"":""73.153824"",""code"":"""",""entity"":""Asia and Pacific"",""lpi_final"":""90.70645"",""year"":""1990""},""transformations"":[""Whitespace/NFC normalization; original row retained"",""Divide published 1970=100 index and bounds by 100; explicit metadata scale, not interpolation""]}]"
lpi-2024-owid-asia-and-pacific-1991-1991,lpi-2024-owid,OWID indicator 990513; updated 2024-09-30; snapshot 2026-10-08,LPR 2024,lpi-2024-owid-asia-and-pacific,region,Asia–Pacific,All,Monitored vertebrates,relative-index,index-1970-1,1970,1991,1991,0.8731844400000001,source-bounds,0.6955493,1.118993,,Interval confidence level not verified in chart metadata,,2024-09-30,2026-10-08,2026-10-08,index-1970-100,87.318444,"{""ci_high"":""111.8993"",""ci_low"":""69.55493"",""confidenceLevel"":null}",CC-BY-SA-4.0,https://creativecommons.org/licenses/by-sa/4.0/,"ZSL/WWF, Living Planet Index; source edition and retrieval date; Our World in Data processing where applicable.",36b87bf96cf579f6bcf5e9b97157573e897de62e65c7829bb9b3b460017d670c,"[{""datasetId"":""lpi-2024-owid"",""datasetVersion"":""OWID indicator 990513; updated 2024-09-30; snapshot 2026-10-08"",""sourceId"":""owid-lpi-2024"",""sourceUrl"":""https://ourworldindata.org/grapher/global-living-planet-index"",""sourceDate"":""2024-09-30"",""sourceEdition"":""LPR 2024"",""accessedDate"":""2026-10-08"",""inputPath"":""data/raw/public/owid-lpi-2024.csv"",""inputSha256"":""9764f5f4f9c9ff855090a34ba218b02d7878922eec485e7b42d497ce5b8b3f25"",""rowNumber"":73,""jsonPointer"":null,""locator"":""OWID lpi_final, ci_low, ci_high; conversionFactor=100; 2024 source edition"",""originalUnit"":""index-1970-100"",""originalValue"":""87.318444"",""originalUncertainty"":{""ci_high"":""111.8993"",""ci_low"":""69.55493"",""confidenceLevel"":null},""rawRecord"":{""ci_high"":""111.8993"",""ci_low"":""69.55493"",""code"":"""",""entity"":""Asia and Pacific"",""lpi_final"":""87.318444"",""year"":""1991""},""transformations"":[""Whitespace/NFC normalization; original row retained"",""Divide published 1970=100 index and bounds by 100; explicit metadata scale, not interpolation""]}]"
lpi-2024-owid-asia-and-pacific-1992-1992,lpi-2024-owid,OWID indicator 990513; updated 2024-09-30; snapshot 2026-10-08,LPR 2024,lpi-2024-owid-asia-and-pacific,region,Asia–Pacific,All,Monitored vertebrates,relative-index,index-1970-1,1970,1992,1992,0.83626175,source-bounds,0.65659547,1.0872444,,Interval confidence level not verified in chart metadata,,2024-09-30,2026-10-08,2026-10-08,index-1970-100,83.626175,"{""ci_high"":""108.72444000000002"",""ci_low"":""65.65954699999999"",""confidenceLevel"":null}",CC-BY-SA-4.0,https://creativecommons.org/licenses/by-sa/4.0/,"ZSL/WWF, Living Planet Index; source edition and retrieval date; Our World in Data processing where applicable.",36b87bf96cf579f6bcf5e9b97157573e897de62e65c7829bb9b3b460017d670c,"[{""datasetId"":""lpi-2024-owid"",""datasetVersion"":""OWID indicator 990513; updated 2024-09-30; snapshot 2026-10-08"",""sourceId"":""owid-lpi-2024"",""sourceUrl"":""https://ourworldindata.org/grapher/global-living-planet-index"",""sourceDate"":""2024-09-30"",""sourceEdition"":""LPR 2024"",""accessedDate"":""2026-10-08"",""inputPath"":""data/raw/public/owid-lpi-2024.csv"",""inputSha256"":""9764f5f4f9c9ff855090a34ba218b02d7878922eec485e7b42d497ce5b8b3f25"",""rowNumber"":74,""jsonPointer"":null,""locator"":""OWID lpi_final, ci_low, ci_high; conversionFactor=100; 2024 source edition"",""originalUnit"":""index-1970-100"",""originalValue"":""83.626175"",""originalUncertainty"":{""ci_high"":""108.72444000000002"",""ci_low"":""65.65954699999999"",""confidenceLevel"":null},""rawRecord"":{""ci_high"":""108.72444000000002"",""ci_low"":""65.65954699999999"",""code"":"""",""entity"":""Asia and Pacific"",""lpi_final"":""83.626175"",""year"":""1992""},""transformations"":[""Whitespace/NFC normalization; original row retained"",""Divide published 1970=100 index and bounds by 100; explicit metadata scale, not interpolation""]}]"
lpi-2024-owid-asia-and-pacific-1993-1993,lpi-2024-owid,OWID indicator 990513; updated 2024-09-30; snapshot 2026-10-08,LPR 2024,lpi-2024-owid-asia-and-pacific,region,Asia–Pacific,All,Monitored vertebrates,relative-index,index-1970-1,1970,1993,1993,0.7948206000000001,source-bounds,0.6176587,1.0441961,,Interval confidence level not verified in chart metadata,,2024-09-30,2026-10-08,2026-10-08,index-1970-100,79.48206,"{""ci_high"":""104.41960999999999"",""ci_low"":""61.76587"",""confidenceLevel"":null}",CC-BY-SA-4.0,https://creativecommons.org/licenses/by-sa/4.0/,"ZSL/WWF, Living Planet Index; source edition and retrieval date; Our World in Data processing where applicable.",36b87bf96cf579f6bcf5e9b97157573e897de62e65c7829bb9b3b460017d670c,"[{""datasetId"":""lpi-2024-owid"",""datasetVersion"":""OWID indicator 990513; updated 2024-09-30; snapshot 2026-10-08"",""sourceId"":""owid-lpi-2024"",""sourceUrl"":""https://ourworldindata.org/grapher/global-living-planet-index"",""sourceDate"":""2024-09-30"",""sourceEdition"":""LPR 2024"",""accessedDate"":""2026-10-08"",""inputPath"":""data/raw/public/owid-lpi-2024.csv"",""inputSha256"":""9764f5f4f9c9ff855090a34ba218b02d7878922eec485e7b42d497ce5b8b3f25"",""rowNumber"":75,""jsonPointer"":null,""locator"":""OWID lpi_final, ci_low, ci_high; conversionFactor=100; 2024 source edition"",""originalUnit"":""index-1970-100"",""originalValue"":""79.48206"",""originalUncertainty"":{""ci_high"":""104.41960999999999"",""ci_low"":""61.76587"",""confidenceLevel"":null},""rawRecord"":{""ci_high"":""104.41960999999999"",""ci_low"":""61.76587"",""code"":"""",""entity"":""Asia and Pacific"",""lpi_final"":""79.48206"",""year"":""1993""},""transformations"":[""Whitespace/NFC normalization; original row retained"",""Divide published 1970=100 index and bounds by 100; explicit metadata scale, not interpolation""]}]"
lpi-2024-owid-asia-and-pacific-1994-1994,lpi-2024-owid,OWID indicator 990513; updated 2024-09-30; snapshot 2026-10-08,LPR 2024,lpi-2024-owid-asia-and-pacific,region,Asia–Pacific,All,Monitored vertebrates,relative-index,index-1970-1,1970,1994,1994,0.76156116,source-bounds,0.58486366,1.0103317,,Interval confidence level not verified in chart metadata,,2024-09-30,2026-10-08,2026-10-08,index-1970-100,76.156116,"{""ci_high"":""101.03317000000001"",""ci_low"":""58.486366000000004"",""confidenceLevel"":null}",CC-BY-SA-4.0,https://creativecommons.org/licenses/by-sa/4.0/,"ZSL/WWF, Living Planet Index; source edition and retrieval date; Our World in Data processing where applicable.",36b87bf96cf579f6bcf5e9b97157573e897de62e65c7829bb9b3b460017d670c,"[{""datasetId"":""lpi-2024-owid"",""datasetVersion"":""OWID indicator 990513; updated 2024-09-30; snapshot 2026-10-08"",""sourceId"":""owid-lpi-2024"",""sourceUrl"":""https://ourworldindata.org/grapher/global-living-planet-index"",""sourceDate"":""2024-09-30"",""sourceEdition"":""LPR 2024"",""accessedDate"":""2026-10-08"",""inputPath"":""data/raw/public/owid-lpi-2024.csv"",""inputSha256"":""9764f5f4f9c9ff855090a34ba218b02d7878922eec485e7b42d497ce5b8b3f25"",""rowNumber"":76,""jsonPointer"":null,""locator"":""OWID lpi_final, ci_low, ci_high; conversionFactor=100; 2024 source edition"",""originalUnit"":""index-1970-100"",""originalValue"":""76.156116"",""originalUncertainty"":{""ci_high"":""101.03317000000001"",""ci_low"":""58.486366000000004"",""confidenceLevel"":null},""rawRecord"":{""ci_high"":""101.03317000000001"",""ci_low"":""58.486366000000004"",""code"":"""",""entity"":""Asia and Pacific"",""lpi_final"":""76.156116"",""year"":""1994""},""transformations"":[""Whitespace/NFC normalization; original row retained"",""Divide published 1970=100 index and bounds by 100; explicit metadata scale, not interpolation""]}]"
lpi-2024-owid-asia-and-pacific-1995-1995,lpi-2024-owid,OWID indicator 990513; updated 2024-09-30; snapshot 2026-10-08,LPR 2024,lpi-2024-owid-asia-and-pacific,region,Asia–Pacific,All,Monitored vertebrates,relative-index,index-1970-1,1970,1995,1995,0.72777075,source-bounds,0.5514763,0.97607833,,Interval confidence level not verified in chart metadata,,2024-09-30,2026-10-08,2026-10-08,index-1970-100,72.777075,"{""ci_high"":""97.607833"",""ci_low"":""55.14763000000001"",""confidenceLevel"":null}",CC-BY-SA-4.0,https://creativecommons.org/licenses/by-sa/4.0/,"ZSL/WWF, Living Planet Index; source edition and retrieval date; Our World in Data processing where applicable.",36b87bf96cf579f6bcf5e9b97157573e897de62e65c7829bb9b3b460017d670c,"[{""datasetId"":""lpi-2024-owid"",""datasetVersion"":""OWID indicator 990513; updated 2024-09-30; snapshot 2026-10-08"",""sourceId"":""owid-lpi-2024"",""sourceUrl"":""https://ourworldindata.org/grapher/global-living-planet-index"",""sourceDate"":""2024-09-30"",""sourceEdition"":""LPR 2024"",""accessedDate"":""2026-10-08"",""inputPath"":""data/raw/public/owid-lpi-2024.csv"",""inputSha256"":""9764f5f4f9c9ff855090a34ba218b02d7878922eec485e7b42d497ce5b8b3f25"",""rowNumber"":77,""jsonPointer"":null,""locator"":""OWID lpi_final, ci_low, ci_high; conversionFactor=100; 2024 source edition"",""originalUnit"":""index-1970-100"",""originalValue"":""72.777075"",""originalUncertainty"":{""ci_high"":""97.607833"",""ci_low"":""55.14763000000001"",""confidenceLevel"":null},""rawRecord"":{""ci_high"":""97.607833"",""ci_low"":""55.14763000000001"",""code"":"""",""entity"":""Asia and Pacific"",""lpi_final"":""72.777075"",""year"":""1995""},""transformations"":[""Whitespace/NFC normalization; original row retained"",""Divide published 1970=100 index and bounds by 100; explicit metadata scale, not interpolation""]}]"
lpi-2024-owid-asia-and-pacific-1996-1996,lpi-2024-owid,OWID indicator 990513; updated 2024-09-30; snapshot 2026-10-08,LPR 2024,lpi-2024-owid-asia-and-pacific,region,Asia–Pacific,All,Monitored vertebrates,relative-index,index-1970-1,1970,1996,1996,0.7123953000000001,source-bounds,0.5336959,0.9635527,,Interval confidence level not verified in chart metadata,,2024-09-30,2026-10-08,2026-10-08,index-1970-100,71.23953,"{""ci_high"":""96.35527"",""ci_low"":""53.36959"",""confidenceLevel"":null}",CC-BY-SA-4.0,https://creativecommons.org/licenses/by-sa/4.0/,"ZSL/WWF, Living Planet Index; source edition and retrieval date; Our World in Data processing where applicable.",36b87bf96cf579f6bcf5e9b97157573e897de62e65c7829bb9b3b460017d670c,"[{""datasetId"":""lpi-2024-owid"",""datasetVersion"":""OWID indicator 990513; updated 2024-09-30; snapshot 2026-10-08"",""sourceId"":""owid-lpi-2024"",""sourceUrl"":""https://ourworldindata.org/grapher/global-living-planet-index"",""sourceDate"":""2024-09-30"",""sourceEdition"":""LPR 2024"",""accessedDate"":""2026-10-08"",""inputPath"":""data/raw/public/owid-lpi-2024.csv"",""inputSha256"":""9764f5f4f9c9ff855090a34ba218b02d7878922eec485e7b42d497ce5b8b3f25"",""rowNumber"":78,""jsonPointer"":null,""locator"":""OWID lpi_final, ci_low, ci_high; conversionFactor=100; 2024 source edition"",""originalUnit"":""index-1970-100"",""originalValue"":""71.23953"",""originalUncertainty"":{""ci_high"":""96.35527"",""ci_low"":""53.36959"",""confidenceLevel"":null},""rawRecord"":{""ci_high"":""96.35527"",""ci_low"":""53.36959"",""code"":"""",""entity"":""Asia and Pacific"",""lpi_final"":""71.23953"",""year"":""1996""},""transformations"":[""Whitespace/NFC normalization; original row retained"",""Divide published 1970=100 index and bounds by 100; explicit metadata scale, not interpolation""]}]"
lpi-2024-owid-asia-and-pacific-1997-1997,lpi-2024-owid,OWID indicator 990513; updated 2024-09-30; snapshot 2026-10-08,LPR 2024,lpi-2024-owid-asia-and-pacific,region,Asia–Pacific,All,Monitored vertebrates,relative-index,index-1970-1,1970,1997,1997,0.6888039,source-bounds,0.51062804,0.9392285,,Interval confidence level not verified in chart metadata,,2024-09-30,2026-10-08,2026-10-08,index-1970-100,68.88039,"{""ci_high"":""93.92285"",""ci_low"":""51.06280399999999"",""confidenceLevel"":null}",CC-BY-SA-4.0,https://creativecommons.org/licenses/by-sa/4.0/,"ZSL/WWF, Living Planet Index; source edition and retrieval date; Our World in Data processing where applicable.",36b87bf96cf579f6bcf5e9b97157573e897de62e65c7829bb9b3b460017d670c,"[{""datasetId"":""lpi-2024-owid"",""datasetVersion"":""OWID indicator 990513; updated 2024-09-30; snapshot 2026-10-08"",""sourceId"":""owid-lpi-2024"",""sourceUrl"":""https://ourworldindata.org/grapher/global-living-planet-index"",""sourceDate"":""2024-09-30"",""sourceEdition"":""LPR 2024"",""accessedDate"":""2026-10-08"",""inputPath"":""data/raw/public/owid-lpi-2024.csv"",""inputSha256"":""9764f5f4f9c9ff855090a34ba218b02d7878922eec485e7b42d497ce5b8b3f25"",""rowNumber"":79,""jsonPointer"":null,""locator"":""OWID lpi_final, ci_low, ci_high; conversionFactor=100; 2024 source edition"",""originalUnit"":""index-1970-100"",""originalValue"":""68.88039"",""originalUncertainty"":{""ci_high"":""93.92285"",""ci_low"":""51.06280399999999"",""confidenceLevel"":null},""rawRecord"":{""ci_high"":""93.92285"",""ci_low"":""51.06280399999999"",""code"":"""",""entity"":""Asia and Pacific"",""lpi_final"":""68.88039"",""year"":""1997""},""transformations"":[""Whitespace/NFC normalization; original row retained"",""Divide published 1970=100 index and bounds by 100; explicit metadata scale, not interpolation""]}]"
lpi-2024-owid-asia-and-pacific-1998-1998,lpi-2024-owid,OWID indicator 990513; updated 2024-09-30; snapshot 2026-10-08,LPR 2024,lpi-2024-owid-asia-and-pacific,region,Asia–Pacific,All,Monitored vertebrates,relative-index,index-1970-1,1970,1998,1998,0.6621564,source-bounds,0.48693627,0.909207,,Interval confidence level not verified in chart metadata,,2024-09-30,2026-10-08,2026-10-08,index-1970-100,66.21564,"{""ci_high"":""90.9207"",""ci_low"":""48.693627"",""confidenceLevel"":null}",CC-BY-SA-4.0,https://creativecommons.org/licenses/by-sa/4.0/,"ZSL/WWF, Living Planet Index; source edition and retrieval date; Our World in Data processing where applicable.",36b87bf96cf579f6bcf5e9b97157573e897de62e65c7829bb9b3b460017d670c,"[{""datasetId"":""lpi-2024-owid"",""datasetVersion"":""OWID indicator 990513; updated 2024-09-30; snapshot 2026-10-08"",""sourceId"":""owid-lpi-2024"",""sourceUrl"":""https://ourworldindata.org/grapher/global-living-planet-index"",""sourceDate"":""2024-09-30"",""sourceEdition"":""LPR 2024"",""accessedDate"":""2026-10-08"",""inputPath"":""data/raw/public/owid-lpi-2024.csv"",""inputSha256"":""9764f5f4f9c9ff855090a34ba218b02d7878922eec485e7b42d497ce5b8b3f25"",""rowNumber"":80,""jsonPointer"":null,""locator"":""OWID lpi_final, ci_low, ci_high; conversionFactor=100; 2024 source edition"",""originalUnit"":""index-1970-100"",""originalValue"":""66.21564"",""originalUncertainty"":{""ci_high"":""90.9207"",""ci_low"":""48.693627"",""confidenceLevel"":null},""rawRecord"":{""ci_high"":""90.9207"",""ci_low"":""48.693627"",""code"":"""",""entity"":""Asia and Pacific"",""lpi_final"":""66.21564"",""year"":""1998""},""transformations"":[""Whitespace/NFC normalization; original row retained"",""Divide published 1970=100 index and bounds by 100; explicit metadata scale, not interpolation""]}]"
lpi-2024-owid-asia-and-pacific-1999-1999,lpi-2024-owid,OWID indicator 990513; updated 2024-09-30; snapshot 2026-10-08,LPR 2024,lpi-2024-owid-asia-and-pacific,region,Asia–Pacific,All,Monitored vertebrates,relative-index,index-1970-1,1970,1999,1999,0.6325674,source-bounds,0.46180665,0.8743255,,Interval confidence level not verified in chart metadata,,2024-09-30,2026-10-08,2026-10-08,index-1970-100,63.25674,"{""ci_high"":""87.43254999999999"",""ci_low"":""46.180665"",""confidenceLevel"":null}",CC-BY-SA-4.0,https://creativecommons.org/licenses/by-sa/4.0/,"ZSL/WWF, Living Planet Index; source edition and retrieval date; Our World in Data processing where applicable.",36b87bf96cf579f6bcf5e9b97157573e897de62e65c7829bb9b3b460017d670c,"[{""datasetId"":""lpi-2024-owid"",""datasetVersion"":""OWID indicator 990513; updated 2024-09-30; snapshot 2026-10-08"",""sourceId"":""owid-lpi-2024"",""sourceUrl"":""https://ourworldindata.org/grapher/global-living-planet-index"",""sourceDate"":""2024-09-30"",""sourceEdition"":""LPR 2024"",""accessedDate"":""2026-10-08"",""inputPath"":""data/raw/public/owid-lpi-2024.csv"",""inputSha256"":""9764f5f4f9c9ff855090a34ba218b02d7878922eec485e7b42d497ce5b8b3f25"",""rowNumber"":81,""jsonPointer"":null,""locator"":""OWID lpi_final, ci_low, ci_high; conversionFactor=100; 2024 source edition"",""originalUnit"":""index-1970-100"",""originalValue"":""63.25674"",""originalUncertainty"":{""ci_high"":""87.43254999999999"",""ci_low"":""46.180665"",""confidenceLevel"":null},""rawRecord"":{""ci_high"":""87.43254999999999"",""ci_low"":""46.180665"",""code"":"""",""entity"":""Asia and Pacific"",""lpi_final"":""63.25674"",""year"":""1999""},""transformations"":[""Whitespace/NFC normalization; original row retained"",""Divide published 1970=100 index and bounds by 100; explicit metadata scale, not interpolation""]}]"
lpi-2024-owid-asia-and-pacific-2000-2000,lpi-2024-owid,OWID indicator 990513; updated 2024-09-30; snapshot 2026-10-08,LPR 2024,lpi-2024-owid-asia-and-pacific,region,Asia–Pacific,All,Monitored vertebrates,relative-index,index-1970-1,1970,2000,2000,0.60836875,source-bounds,0.44153407,0.8453049700000002,,Interval confidence level not verified in chart metadata,,2024-09-30,2026-10-08,2026-10-08,index-1970-100,60.836875,"{""ci_high"":""84.53049700000001"",""ci_low"":""44.153407"",""confidenceLevel"":null}",CC-BY-SA-4.0,https://creativecommons.org/licenses/by-sa/4.0/,"ZSL/WWF, Living Planet Index; source edition and retrieval date; Our World in Data processing where applicable.",36b87bf96cf579f6bcf5e9b97157573e897de62e65c7829bb9b3b460017d670c,"[{""datasetId"":""lpi-2024-owid"",""datasetVersion"":""OWID indicator 990513; updated 2024-09-30; snapshot 2026-10-08"",""sourceId"":""owid-lpi-2024"",""sourceUrl"":""https://ourworldindata.org/grapher/global-living-planet-index"",""sourceDate"":""2024-09-30"",""sourceEdition"":""LPR 2024"",""accessedDate"":""2026-10-08"",""inputPath"":""data/raw/public/owid-lpi-2024.csv"",""inputSha256"":""9764f5f4f9c9ff855090a34ba218b02d7878922eec485e7b42d497ce5b8b3f25"",""rowNumber"":82,""jsonPointer"":null,""locator"":""OWID lpi_final, ci_low, ci_high; conversionFactor=100; 2024 source edition"",""originalUnit"":""index-1970-100"",""originalValue"":""60.836875"",""originalUncertainty"":{""ci_high"":""84.53049700000001"",""ci_low"":""44.153407"",""confidenceLevel"":null},""rawRecord"":{""ci_high"":""84.53049700000001"",""ci_low"":""44.153407"",""code"":"""",""entity"":""Asia and Pacific"",""lpi_final"":""60.836875"",""year"":""2000""},""transformations"":[""Whitespace/NFC normalization; original row retained"",""Divide published 1970=100 index and bounds by 100; explicit metadata scale, not interpolation""]}]"
lpi-2024-owid-asia-and-pacific-2001-2001,lpi-2024-owid,OWID indicator 990513; updated 2024-09-30; snapshot 2026-10-08,LPR 2024,lpi-2024-owid-asia-and-pacific,region,Asia–Pacific,All,Monitored vertebrates,relative-index,index-1970-1,1970,2001,2001,0.59460074,source-bounds,0.43010604,0.83032334,,Interval confidence level not verified in chart metadata,,2024-09-30,2026-10-08,2026-10-08,index-1970-100,59.460074,"{""ci_high"":""83.03233399999999"",""ci_low"":""43.010604"",""confidenceLevel"":null}",CC-BY-SA-4.0,https://creativecommons.org/licenses/by-sa/4.0/,"ZSL/WWF, Living Planet Index; source edition and retrieval date; Our World in Data processing where applicable.",36b87bf96cf579f6bcf5e9b97157573e897de62e65c7829bb9b3b460017d670c,"[{""datasetId"":""lpi-2024-owid"",""datasetVersion"":""OWID indicator 990513; updated 2024-09-30; snapshot 2026-10-08"",""sourceId"":""owid-lpi-2024"",""sourceUrl"":""https://ourworldindata.org/grapher/global-living-planet-index"",""sourceDate"":""2024-09-30"",""sourceEdition"":""LPR 2024"",""accessedDate"":""2026-10-08"",""inputPath"":""data/raw/public/owid-lpi-2024.csv"",""inputSha256"":""9764f5f4f9c9ff855090a34ba218b02d7878922eec485e7b42d497ce5b8b3f25"",""rowNumber"":83,""jsonPointer"":null,""locator"":""OWID lpi_final, ci_low, ci_high; conversionFactor=100; 2024 source edition"",""originalUnit"":""index-1970-100"",""originalValue"":""59.460074"",""originalUncertainty"":{""ci_high"":""83.03233399999999"",""ci_low"":""43.010604"",""confidenceLevel"":null},""rawRecord"":{""ci_high"":""83.03233399999999"",""ci_low"":""43.010604"",""code"":"""",""entity"":""Asia and Pacific"",""lpi_final"":""59.460074"",""year"":""2001""},""transformations"":[""Whitespace/NFC normalization; original row retained"",""Divide published 1970=100 index and bounds by 100; explicit metadata scale, not interpolation""]}]"
lpi-2024-owid-asia-and-pacific-2002-2002,lpi-2024-owid,OWID indicator 990513; updated 2024-09-30; snapshot 2026-10-08,LPR 2024,lpi-2024-owid-asia-and-pacific,region,Asia–Pacific,All,Monitored vertebrates,relative-index,index-1970-1,1970,2002,2002,0.5940582,source-bounds,0.42947298000000006,0.83218604,,Interval confidence level not verified in chart metadata,,2024-09-30,2026-10-08,2026-10-08,index-1970-100,59.40582,"{""ci_high"":""83.218604"",""ci_low"":""42.947298"",""confidenceLevel"":null}",CC-BY-SA-4.0,https://creativecommons.org/licenses/by-sa/4.0/,"ZSL/WWF, Living Planet Index; source edition and retrieval date; Our World in Data processing where applicable.",36b87bf96cf579f6bcf5e9b97157573e897de62e65c7829bb9b3b460017d670c,"[{""datasetId"":""lpi-2024-owid"",""datasetVersion"":""OWID indicator 990513; updated 2024-09-30; snapshot 2026-10-08"",""sourceId"":""owid-lpi-2024"",""sourceUrl"":""https://ourworldindata.org/grapher/global-living-planet-index"",""sourceDate"":""2024-09-30"",""sourceEdition"":""LPR 2024"",""accessedDate"":""2026-10-08"",""inputPath"":""data/raw/public/owid-lpi-2024.csv"",""inputSha256"":""9764f5f4f9c9ff855090a34ba218b02d7878922eec485e7b42d497ce5b8b3f25"",""rowNumber"":84,""jsonPointer"":null,""locator"":""OWID lpi_final, ci_low, ci_high; conversionFactor=100; 2024 source edition"",""originalUnit"":""index-1970-100"",""originalValue"":""59.40582"",""originalUncertainty"":{""ci_high"":""83.218604"",""ci_low"":""42.947298"",""confidenceLevel"":null},""rawRecord"":{""ci_high"":""83.218604"",""ci_low"":""42.947298"",""code"":"""",""entity"":""Asia and Pacific"",""lpi_final"":""59.40582"",""year"":""2002""},""transformations"":[""Whitespace/NFC normalization; original row retained"",""Divide published 1970=100 index and bounds by 100; explicit metadata scale, not interpolation""]}]"
lpi-2024-owid-asia-and-pacific-2003-2003,lpi-2024-owid,OWID indicator 990513; updated 2024-09-30; snapshot 2026-10-08,LPR 2024,lpi-2024-owid-asia-and-pacific,region,Asia–Pacific,All,Monitored vertebrates,relative-index,index-1970-1,1970,2003,2003,0.59789217,source-bounds,0.43122348000000005,0.8391808,,Interval confidence level not verified in chart metadata,,2024-09-30,2026-10-08,2026-10-08,index-1970-100,59.789216999999994,"{""ci_high"":""83.91807999999999"",""ci_low"":""43.122348"",""confidenceLevel"":null}",CC-BY-SA-4.0,https://creativecommons.org/licenses/by-sa/4.0/,"ZSL/WWF, Living Planet Index; source edition and retrieval date; Our World in Data processing where applicable.",36b87bf96cf579f6bcf5e9b97157573e897de62e65c7829bb9b3b460017d670c,"[{""datasetId"":""lpi-2024-owid"",""datasetVersion"":""OWID indicator 990513; updated 2024-09-30; snapshot 2026-10-08"",""sourceId"":""owid-lpi-2024"",""sourceUrl"":""https://ourworldindata.org/grapher/global-living-planet-index"",""sourceDate"":""2024-09-30"",""sourceEdition"":""LPR 2024"",""accessedDate"":""2026-10-08"",""inputPath"":""data/raw/public/owid-lpi-2024.csv"",""inputSha256"":""9764f5f4f9c9ff855090a34ba218b02d7878922eec485e7b42d497ce5b8b3f25"",""rowNumber"":85,""jsonPointer"":null,""locator"":""OWID lpi_final, ci_low, ci_high; conversionFactor=100; 2024 source edition"",""originalUnit"":""index-1970-100"",""originalValue"":""59.789216999999994"",""originalUncertainty"":{""ci_high"":""83.91807999999999"",""ci_low"":""43.122348"",""confidenceLevel"":null},""rawRecord"":{""ci_high"":""83.91807999999999"",""ci_low"":""43.122348"",""code"":"""",""entity"":""Asia and Pacific"",""lpi_final"":""59.789216999999994"",""year"":""2003""},""transformations"":[""Whitespace/NFC normalization; original row retained"",""Divide published 1970=100 index and bounds by 100; explicit metadata scale, not interpolation""]}]"
lpi-2024-owid-asia-and-pacific-2004-2004,lpi-2024-owid,OWID indicator 990513; updated 2024-09-30; snapshot 2026-10-08,LPR 2024,lpi-2024-owid-asia-and-pacific,region,Asia–Pacific,All,Monitored vertebrates,relative-index,index-1970-1,1970,2004,2004,0.5964404,source-bounds,0.42785895000000007,0.8405449,,Interval confidence level not verified in chart metadata,,2024-09-30,2026-10-08,2026-10-08,index-1970-100,59.64404,"{""ci_high"":""84.05449"",""ci_low"":""42.785895000000004"",""confidenceLevel"":null}",CC-BY-SA-4.0,https://creativecommons.org/licenses/by-sa/4.0/,"ZSL/WWF, Living Planet Index; source edition and retrieval date; Our World in Data processing where applicable.",36b87bf96cf579f6bcf5e9b97157573e897de62e65c7829bb9b3b460017d670c,"[{""datasetId"":""lpi-2024-owid"",""datasetVersion"":""OWID indicator 990513; updated 2024-09-30; snapshot 2026-10-08"",""sourceId"":""owid-lpi-2024"",""sourceUrl"":""https://ourworldindata.org/grapher/global-living-planet-index"",""sourceDate"":""2024-09-30"",""sourceEdition"":""LPR 2024"",""accessedDate"":""2026-10-08"",""inputPath"":""data/raw/public/owid-lpi-2024.csv"",""inputSha256"":""9764f5f4f9c9ff855090a34ba218b02d7878922eec485e7b42d497ce5b8b3f25"",""rowNumber"":86,""jsonPointer"":null,""locator"":""OWID lpi_final, ci_low, ci_high; conversionFactor=100; 2024 source edition"",""originalUnit"":""index-1970-100"",""originalValue"":""59.64404"",""originalUncertainty"":{""ci_high"":""84.05449"",""ci_low"":""42.785895000000004"",""confidenceLevel"":null},""rawRecord"":{""ci_high"":""84.05449"",""ci_low"":""42.785895000000004"",""code"":"""",""entity"":""Asia and Pacific"",""lpi_final"":""59.64404"",""year"":""2004""},""transformations"":[""Whitespace/NFC normalization; original row retained"",""Divide published 1970=100 index and bounds by 100; explicit metadata scale, not interpolation""]}]"
lpi-2024-owid-asia-and-pacific-2005-2005,lpi-2024-owid,OWID indicator 990513; updated 2024-09-30; snapshot 2026-10-08,LPR 2024,lpi-2024-owid-asia-and-pacific,region,Asia–Pacific,All,Monitored vertebrates,relative-index,index-1970-1,1970,2005,2005,0.57462436,source-bounds,0.4099198,0.8137726,,Interval confidence level not verified in chart metadata,,2024-09-30,2026-10-08,2026-10-08,index-1970-100,57.462436,"{""ci_high"":""81.37725999999999"",""ci_low"":""40.99198"",""confidenceLevel"":null}",CC-BY-SA-4.0,https://creativecommons.org/licenses/by-sa/4.0/,"ZSL/WWF, Living Planet Index; source edition and retrieval date; Our World in Data processing where applicable.",36b87bf96cf579f6bcf5e9b97157573e897de62e65c7829bb9b3b460017d670c,"[{""datasetId"":""lpi-2024-owid"",""datasetVersion"":""OWID indicator 990513; updated 2024-09-30; snapshot 2026-10-08"",""sourceId"":""owid-lpi-2024"",""sourceUrl"":""https://ourworldindata.org/grapher/global-living-planet-index"",""sourceDate"":""2024-09-30"",""sourceEdition"":""LPR 2024"",""accessedDate"":""2026-10-08"",""inputPath"":""data/raw/public/owid-lpi-2024.csv"",""inputSha256"":""9764f5f4f9c9ff855090a34ba218b02d7878922eec485e7b42d497ce5b8b3f25"",""rowNumber"":87,""jsonPointer"":null,""locator"":""OWID lpi_final, ci_low, ci_high; conversionFactor=100; 2024 source edition"",""originalUnit"":""index-1970-100"",""originalValue"":""57.462436"",""originalUncertainty"":{""ci_high"":""81.37725999999999"",""ci_low"":""40.99198"",""confidenceLevel"":null},""rawRecord"":{""ci_high"":""81.37725999999999"",""ci_low"":""40.99198"",""code"":"""",""entity"":""Asia and Pacific"",""lpi_final"":""57.462436"",""year"":""2005""},""transformations"":[""Whitespace/NFC normalization; original row retained"",""Divide published 1970=100 index and bounds by 100; explicit metadata scale, not interpolation""]}]"
lpi-2024-owid-asia-and-pacific-2006-2006,lpi-2024-owid,OWID indicator 990513; updated 2024-09-30; snapshot 2026-10-08,LPR 2024,lpi-2024-owid-asia-and-pacific,region,Asia–Pacific,All,Monitored vertebrates,relative-index,index-1970-1,1970,2006,2006,0.54030377,source-bounds,0.38320583,0.77179766,,Interval confidence level not verified in chart metadata,,2024-09-30,2026-10-08,2026-10-08,index-1970-100,54.030376999999994,"{""ci_high"":""77.179766"",""ci_low"":""38.320583"",""confidenceLevel"":null}",CC-BY-SA-4.0,https://creativecommons.org/licenses/by-sa/4.0/,"ZSL/WWF, Living Planet Index; source edition and retrieval date; Our World in Data processing where applicable.",36b87bf96cf579f6bcf5e9b97157573e897de62e65c7829bb9b3b460017d670c,"[{""datasetId"":""lpi-2024-owid"",""datasetVersion"":""OWID indicator 990513; updated 2024-09-30; snapshot 2026-10-08"",""sourceId"":""owid-lpi-2024"",""sourceUrl"":""https://ourworldindata.org/grapher/global-living-planet-index"",""sourceDate"":""2024-09-30"",""sourceEdition"":""LPR 2024"",""accessedDate"":""2026-10-08"",""inputPath"":""data/raw/public/owid-lpi-2024.csv"",""inputSha256"":""9764f5f4f9c9ff855090a34ba218b02d7878922eec485e7b42d497ce5b8b3f25"",""rowNumber"":88,""jsonPointer"":null,""locator"":""OWID lpi_final, ci_low, ci_high; conversionFactor=100; 2024 source edition"",""originalUnit"":""index-1970-100"",""originalValue"":""54.030376999999994"",""originalUncertainty"":{""ci_high"":""77.179766"",""ci_low"":""38.320583"",""confidenceLevel"":null},""rawRecord"":{""ci_high"":""77.179766"",""ci_low"":""38.320583"",""code"":"""",""entity"":""Asia and Pacific"",""lpi_final"":""54.030376999999994"",""year"":""2006""},""transformations"":[""Whitespace/NFC normalization; original row retained"",""Divide published 1970=100 index and bounds by 100; explicit metadata scale, not interpolation""]}]"
lpi-2024-owid-asia-and-pacific-2007-2007,lpi-2024-owid,OWID indicator 990513; updated 2024-09-30; snapshot 2026-10-08,LPR 2024,lpi-2024-owid-asia-and-pacific,region,Asia–Pacific,All,Monitored vertebrates,relative-index,index-1970-1,1970,2007,2007,0.49774006,source-bounds,0.35142812,0.714702,,Interval confidence level not verified in chart metadata,,2024-09-30,2026-10-08,2026-10-08,index-1970-100,49.774006,"{""ci_high"":""71.47019999999999"",""ci_low"":""35.142812"",""confidenceLevel"":null}",CC-BY-SA-4.0,https://creativecommons.org/licenses/by-sa/4.0/,"ZSL/WWF, Living Planet Index; source edition and retrieval date; Our World in Data processing where applicable.",36b87bf96cf579f6bcf5e9b97157573e897de62e65c7829bb9b3b460017d670c,"[{""datasetId"":""lpi-2024-owid"",""datasetVersion"":""OWID indicator 990513; updated 2024-09-30; snapshot 2026-10-08"",""sourceId"":""owid-lpi-2024"",""sourceUrl"":""https://ourworldindata.org/grapher/global-living-planet-index"",""sourceDate"":""2024-09-30"",""sourceEdition"":""LPR 2024"",""accessedDate"":""2026-10-08"",""inputPath"":""data/raw/public/owid-lpi-2024.csv"",""inputSha256"":""9764f5f4f9c9ff855090a34ba218b02d7878922eec485e7b42d497ce5b8b3f25"",""rowNumber"":89,""jsonPointer"":null,""locator"":""OWID lpi_final, ci_low, ci_high; conversionFactor=100; 2024 source edition"",""originalUnit"":""index-1970-100"",""originalValue"":""49.774006"",""originalUncertainty"":{""ci_high"":""71.47019999999999"",""ci_low"":""35.142812"",""confidenceLevel"":null},""rawRecord"":{""ci_high"":""71.47019999999999"",""ci_low"":""35.142812"",""code"":"""",""entity"":""Asia and Pacific"",""lpi_final"":""49.774006"",""year"":""2007""},""transformations"":[""Whitespace/NFC normalization; original row retained"",""Divide published 1970=100 index and bounds by 100; explicit metadata scale, not interpolation""]}]"
lpi-2024-owid-asia-and-pacific-2008-2008,lpi-2024-owid,OWID indicator 990513; updated 2024-09-30; snapshot 2026-10-08,LPR 2024,lpi-2024-owid-asia-and-pacific,region,Asia–Pacific,All,Monitored vertebrates,relative-index,index-1970-1,1970,2008,2008,0.46577755,source-bounds,0.32710785000000003,0.6728805,,Interval confidence level not verified in chart metadata,,2024-09-30,2026-10-08,2026-10-08,index-1970-100,46.577754999999996,"{""ci_high"":""67.28805"",""ci_low"":""32.710785"",""confidenceLevel"":null}",CC-BY-SA-4.0,https://creativecommons.org/licenses/by-sa/4.0/,"ZSL/WWF, Living Planet Index; source edition and retrieval date; Our World in Data processing where applicable.",36b87bf96cf579f6bcf5e9b97157573e897de62e65c7829bb9b3b460017d670c,"[{""datasetId"":""lpi-2024-owid"",""datasetVersion"":""OWID indicator 990513; updated 2024-09-30; snapshot 2026-10-08"",""sourceId"":""owid-lpi-2024"",""sourceUrl"":""https://ourworldindata.org/grapher/global-living-planet-index"",""sourceDate"":""2024-09-30"",""sourceEdition"":""LPR 2024"",""accessedDate"":""2026-10-08"",""inputPath"":""data/raw/public/owid-lpi-2024.csv"",""inputSha256"":""9764f5f4f9c9ff855090a34ba218b02d7878922eec485e7b42d497ce5b8b3f25"",""rowNumber"":90,""jsonPointer"":null,""locator"":""OWID lpi_final, ci_low, ci_high; conversionFactor=100; 2024 source edition"",""originalUnit"":""index-1970-100"",""originalValue"":""46.577754999999996"",""originalUncertainty"":{""ci_high"":""67.28805"",""ci_low"":""32.710785"",""confidenceLevel"":null},""rawRecord"":{""ci_high"":""67.28805"",""ci_low"":""32.710785"",""code"":"""",""entity"":""Asia and Pacific"",""lpi_final"":""46.577754999999996"",""year"":""2008""},""transformations"":[""Whitespace/NFC normalization; original row retained"",""Divide published 1970=100 index and bounds by 100; explicit metadata scale, not interpolation""]}]"
lpi-2024-owid-asia-and-pacific-2009-2009,lpi-2024-owid,OWID indicator 990513; updated 2024-09-30; snapshot 2026-10-08,LPR 2024,lpi-2024-owid-asia-and-pacific,region,Asia–Pacific,All,Monitored vertebrates,relative-index,index-1970-1,1970,2009,2009,0.43547058,source-bounds,0.30370304,0.6320089,,Interval confidence level not verified in chart metadata,,2024-09-30,2026-10-08,2026-10-08,index-1970-100,43.547058,"{""ci_high"":""63.20089"",""ci_low"":""30.370303999999997"",""confidenceLevel"":null}",CC-BY-SA-4.0,https://creativecommons.org/licenses/by-sa/4.0/,"ZSL/WWF, Living Planet Index; source edition and retrieval date; Our World in Data processing where applicable.",36b87bf96cf579f6bcf5e9b97157573e897de62e65c7829bb9b3b460017d670c,"[{""datasetId"":""lpi-2024-owid"",""datasetVersion"":""OWID indicator 990513; updated 2024-09-30; snapshot 2026-10-08"",""sourceId"":""owid-lpi-2024"",""sourceUrl"":""https://ourworldindata.org/grapher/global-living-planet-index"",""sourceDate"":""2024-09-30"",""sourceEdition"":""LPR 2024"",""accessedDate"":""2026-10-08"",""inputPath"":""data/raw/public/owid-lpi-2024.csv"",""inputSha256"":""9764f5f4f9c9ff855090a34ba218b02d7878922eec485e7b42d497ce5b8b3f25"",""rowNumber"":91,""jsonPointer"":null,""locator"":""OWID lpi_final, ci_low, ci_high; conversionFactor=100; 2024 source edition"",""originalUnit"":""index-1970-100"",""originalValue"":""43.547058"",""originalUncertainty"":{""ci_high"":""63.20089"",""ci_low"":""30.370303999999997"",""confidenceLevel"":null},""rawRecord"":{""ci_high"":""63.20089"",""ci_low"":""30.370303999999997"",""code"":"""",""entity"":""Asia and Pacific"",""lpi_final"":""43.547058"",""year"":""2009""},""transformations"":[""Whitespace/NFC normalization; original row retained"",""Divide published 1970=100 index and bounds by 100; explicit metadata scale, not interpolation""]}]"
lpi-2024-owid-asia-and-pacific-2010-2010,lpi-2024-owid,OWID indicator 990513; updated 2024-09-30; snapshot 2026-10-08,LPR 2024,lpi-2024-owid-asia-and-pacific,region,Asia–Pacific,All,Monitored vertebrates,relative-index,index-1970-1,1970,2010,2010,0.42038888,source-bounds,0.29038098,0.6153361,,Interval confidence level not verified in chart metadata,,2024-09-30,2026-10-08,2026-10-08,index-1970-100,42.038888,"{""ci_high"":""61.53361"",""ci_low"":""29.038098"",""confidenceLevel"":null}",CC-BY-SA-4.0,https://creativecommons.org/licenses/by-sa/4.0/,"ZSL/WWF, Living Planet Index; source edition and retrieval date; Our World in Data processing where applicable.",36b87bf96cf579f6bcf5e9b97157573e897de62e65c7829bb9b3b460017d670c,"[{""datasetId"":""lpi-2024-owid"",""datasetVersion"":""OWID indicator 990513; updated 2024-09-30; snapshot 2026-10-08"",""sourceId"":""owid-lpi-2024"",""sourceUrl"":""https://ourworldindata.org/grapher/global-living-planet-index"",""sourceDate"":""2024-09-30"",""sourceEdition"":""LPR 2024"",""accessedDate"":""2026-10-08"",""inputPath"":""data/raw/public/owid-lpi-2024.csv"",""inputSha256"":""9764f5f4f9c9ff855090a34ba218b02d7878922eec485e7b42d497ce5b8b3f25"",""rowNumber"":92,""jsonPointer"":null,""locator"":""OWID lpi_final, ci_low, ci_high; conversionFactor=100; 2024 source edition"",""originalUnit"":""index-1970-100"",""originalValue"":""42.038888"",""originalUncertainty"":{""ci_high"":""61.53361"",""ci_low"":""29.038098"",""confidenceLevel"":null},""rawRecord"":{""ci_high"":""61.53361"",""ci_low"":""29.038098"",""code"":"""",""entity"":""Asia and Pacific"",""lpi_final"":""42.038888"",""year"":""2010""},""transformations"":[""Whitespace/NFC normalization; original row retained"",""Divide published 1970=100 index and bounds by 100; explicit metadata scale, not interpolation""]}]"
lpi-2024-owid-asia-and-pacific-2011-2011,lpi-2024-owid,OWID indicator 990513; updated 2024-09-30; snapshot 2026-10-08,LPR 2024,lpi-2024-owid-asia-and-pacific,region,Asia–Pacific,All,Monitored vertebrates,relative-index,index-1970-1,1970,2011,2011,0.40703940000000005,source-bounds,0.27806926,0.6029845,,Interval confidence level not verified in chart metadata,,2024-09-30,2026-10-08,2026-10-08,index-1970-100,40.70394,"{""ci_high"":""60.29845"",""ci_low"":""27.806925999999997"",""confidenceLevel"":null}",CC-BY-SA-4.0,https://creativecommons.org/licenses/by-sa/4.0/,"ZSL/WWF, Living Planet Index; source edition and retrieval date; Our World in Data processing where applicable.",36b87bf96cf579f6bcf5e9b97157573e897de62e65c7829bb9b3b460017d670c,"[{""datasetId"":""lpi-2024-owid"",""datasetVersion"":""OWID indicator 990513; updated 2024-09-30; snapshot 2026-10-08"",""sourceId"":""owid-lpi-2024"",""sourceUrl"":""https://ourworldindata.org/grapher/global-living-planet-index"",""sourceDate"":""2024-09-30"",""sourceEdition"":""LPR 2024"",""accessedDate"":""2026-10-08"",""inputPath"":""data/raw/public/owid-lpi-2024.csv"",""inputSha256"":""9764f5f4f9c9ff855090a34ba218b02d7878922eec485e7b42d497ce5b8b3f25"",""rowNumber"":93,""jsonPointer"":null,""locator"":""OWID lpi_final, ci_low, ci_high; conversionFactor=100; 2024 source edition"",""originalUnit"":""index-1970-100"",""originalValue"":""40.70394"",""originalUncertainty"":{""ci_high"":""60.29845"",""ci_low"":""27.806925999999997"",""confidenceLevel"":null},""rawRecord"":{""ci_high"":""60.29845"",""ci_low"":""27.806925999999997"",""code"":"""",""entity"":""Asia and Pacific"",""lpi_final"":""40.70394"",""year"":""2011""},""transformations"":[""Whitespace/NFC normalization; original row retained"",""Divide published 1970=100 index and bounds by 100; explicit metadata scale, not interpolation""]}]"
lpi-2024-owid-asia-and-pacific-2012-2012,lpi-2024-owid,OWID indicator 990513; updated 2024-09-30; snapshot 2026-10-08,LPR 2024,lpi-2024-owid-asia-and-pacific,region,Asia–Pacific,All,Monitored vertebrates,relative-index,index-1970-1,1970,2012,2012,0.4062520600000001,source-bounds,0.2748775,0.6090478,,Interval confidence level not verified in chart metadata,,2024-09-30,2026-10-08,2026-10-08,index-1970-100,40.625206000000006,"{""ci_high"":""60.90478"",""ci_low"":""27.48775"",""confidenceLevel"":null}",CC-BY-SA-4.0,https://creativecommons.org/licenses/by-sa/4.0/,"ZSL/WWF, Living Planet Index; source edition and retrieval date; Our World in Data processing where applicable.",36b87bf96cf579f6bcf5e9b97157573e897de62e65c7829bb9b3b460017d670c,"[{""datasetId"":""lpi-2024-owid"",""datasetVersion"":""OWID indicator 990513; updated 2024-09-30; snapshot 2026-10-08"",""sourceId"":""owid-lpi-2024"",""sourceUrl"":""https://ourworldindata.org/grapher/global-living-planet-index"",""sourceDate"":""2024-09-30"",""sourceEdition"":""LPR 2024"",""accessedDate"":""2026-10-08"",""inputPath"":""data/raw/public/owid-lpi-2024.csv"",""inputSha256"":""9764f5f4f9c9ff855090a34ba218b02d7878922eec485e7b42d497ce5b8b3f25"",""rowNumber"":94,""jsonPointer"":null,""locator"":""OWID lpi_final, ci_low, ci_high; conversionFactor=100; 2024 source edition"",""originalUnit"":""index-1970-100"",""originalValue"":""40.625206000000006"",""originalUncertainty"":{""ci_high"":""60.90478"",""ci_low"":""27.48775"",""confidenceLevel"":null},""rawRecord"":{""ci_high"":""60.90478"",""ci_low"":""27.48775"",""code"":"""",""entity"":""Asia and Pacific"",""lpi_final"":""40.625206000000006"",""year"":""2012""},""transformations"":[""Whitespace/NFC normalization; original row retained"",""Divide published 1970=100 index and bounds by 100; explicit metadata scale, not interpolation""]}]"
lpi-2024-owid-asia-and-pacific-2013-2013,lpi-2024-owid,OWID indicator 990513; updated 2024-09-30; snapshot 2026-10-08,LPR 2024,lpi-2024-owid-asia-and-pacific,region,Asia–Pacific,All,Monitored vertebrates,relative-index,index-1970-1,1970,2013,2013,0.42730197,source-bounds,0.28516975,0.6505145,,Interval confidence level not verified in chart metadata,,2024-09-30,2026-10-08,2026-10-08,index-1970-100,42.730197,"{""ci_high"":""65.05145"",""ci_low"":""28.516975"",""confidenceLevel"":null}",CC-BY-SA-4.0,https://creativecommons.org/licenses/by-sa/4.0/,"ZSL/WWF, Living Planet Index; source edition and retrieval date; Our World in Data processing where applicable.",36b87bf96cf579f6bcf5e9b97157573e897de62e65c7829bb9b3b460017d670c,"[{""datasetId"":""lpi-2024-owid"",""datasetVersion"":""OWID indicator 990513; updated 2024-09-30; snapshot 2026-10-08"",""sourceId"":""owid-lpi-2024"",""sourceUrl"":""https://ourworldindata.org/grapher/global-living-planet-index"",""sourceDate"":""2024-09-30"",""sourceEdition"":""LPR 2024"",""accessedDate"":""2026-10-08"",""inputPath"":""data/raw/public/owid-lpi-2024.csv"",""inputSha256"":""9764f5f4f9c9ff855090a34ba218b02d7878922eec485e7b42d497ce5b8b3f25"",""rowNumber"":95,""jsonPointer"":null,""locator"":""OWID lpi_final, ci_low, ci_high; conversionFactor=100; 2024 source edition"",""originalUnit"":""index-1970-100"",""originalValue"":""42.730197"",""originalUncertainty"":{""ci_high"":""65.05145"",""ci_low"":""28.516975"",""confidenceLevel"":null},""rawRecord"":{""ci_high"":""65.05145"",""ci_low"":""28.516975"",""code"":"""",""entity"":""Asia and Pacific"",""lpi_final"":""42.730197"",""year"":""2013""},""transformations"":[""Whitespace/NFC normalization; original row retained"",""Divide published 1970=100 index and bounds by 100; explicit metadata scale, not interpolation""]}]"
lpi-2024-owid-asia-and-pacific-2014-2014,lpi-2024-owid,OWID indicator 990513; updated 2024-09-30; snapshot 2026-10-08,LPR 2024,lpi-2024-owid-asia-and-pacific,region,Asia–Pacific,All,Monitored vertebrates,relative-index,index-1970-1,1970,2014,2014,0.45025682000000006,source-bounds,0.29657936,0.6936964000000001,,Interval confidence level not verified in chart metadata,,2024-09-30,2026-10-08,2026-10-08,index-1970-100,45.025682,"{""ci_high"":""69.36964"",""ci_low"":""29.657936000000003"",""confidenceLevel"":null}",CC-BY-SA-4.0,https://creativecommons.org/licenses/by-sa/4.0/,"ZSL/WWF, Living Planet Index; source edition and retrieval date; Our World in Data processing where applicable.",36b87bf96cf579f6bcf5e9b97157573e897de62e65c7829bb9b3b460017d670c,"[{""datasetId"":""lpi-2024-owid"",""datasetVersion"":""OWID indicator 990513; updated 2024-09-30; snapshot 2026-10-08"",""sourceId"":""owid-lpi-2024"",""sourceUrl"":""https://ourworldindata.org/grapher/global-living-planet-index"",""sourceDate"":""2024-09-30"",""sourceEdition"":""LPR 2024"",""accessedDate"":""2026-10-08"",""inputPath"":""data/raw/public/owid-lpi-2024.csv"",""inputSha256"":""9764f5f4f9c9ff855090a34ba218b02d7878922eec485e7b42d497ce5b8b3f25"",""rowNumber"":96,""jsonPointer"":null,""locator"":""OWID lpi_final, ci_low, ci_high; conversionFactor=100; 2024 source edition"",""originalUnit"":""index-1970-100"",""originalValue"":""45.025682"",""originalUncertainty"":{""ci_high"":""69.36964"",""ci_low"":""29.657936000000003"",""confidenceLevel"":null},""rawRecord"":{""ci_high"":""69.36964"",""ci_low"":""29.657936000000003"",""code"":"""",""entity"":""Asia and Pacific"",""lpi_final"":""45.025682"",""year"":""2014""},""transformations"":[""Whitespace/NFC normalization; original row retained"",""Divide published 1970=100 index and bounds by 100; explicit metadata scale, not interpolation""]}]"
lpi-2024-owid-asia-and-pacific-2015-2015,lpi-2024-owid,OWID indicator 990513; updated 2024-09-30; snapshot 2026-10-08,LPR 2024,lpi-2024-owid-asia-and-pacific,region,Asia–Pacific,All,Monitored vertebrates,relative-index,index-1970-1,1970,2015,2015,0.47193745,source-bounds,0.30619398,0.7376045000000001,,Interval confidence level not verified in chart metadata,,2024-09-30,2026-10-08,2026-10-08,index-1970-100,47.193745,"{""ci_high"":""73.76045"",""ci_low"":""30.619397999999997"",""confidenceLevel"":null}",CC-BY-SA-4.0,https://creativecommons.org/licenses/by-sa/4.0/,"ZSL/WWF, Living Planet Index; source edition and retrieval date; Our World in Data processing where applicable.",36b87bf96cf579f6bcf5e9b97157573e897de62e65c7829bb9b3b460017d670c,"[{""datasetId"":""lpi-2024-owid"",""datasetVersion"":""OWID indicator 990513; updated 2024-09-30; snapshot 2026-10-08"",""sourceId"":""owid-lpi-2024"",""sourceUrl"":""https://ourworldindata.org/grapher/global-living-planet-index"",""sourceDate"":""2024-09-30"",""sourceEdition"":""LPR 2024"",""accessedDate"":""2026-10-08"",""inputPath"":""data/raw/public/owid-lpi-2024.csv"",""inputSha256"":""9764f5f4f9c9ff855090a34ba218b02d7878922eec485e7b42d497ce5b8b3f25"",""rowNumber"":97,""jsonPointer"":null,""locator"":""OWID lpi_final, ci_low, ci_high; conversionFactor=100; 2024 source edition"",""originalUnit"":""index-1970-100"",""originalValue"":""47.193745"",""originalUncertainty"":{""ci_high"":""73.76045"",""ci_low"":""30.619397999999997"",""confidenceLevel"":null},""rawRecord"":{""ci_high"":""73.76045"",""ci_low"":""30.619397999999997"",""code"":"""",""entity"":""Asia and Pacific"",""lpi_final"":""47.193745"",""year"":""2015""},""transformations"":[""Whitespace/NFC normalization; original row retained"",""Divide published 1970=100 index and bounds by 100; explicit metadata scale, not interpolation""]}]"
lpi-2024-owid-asia-and-pacific-2016-2016,lpi-2024-owid,OWID indicator 990513; updated 2024-09-30; snapshot 2026-10-08,LPR 2024,lpi-2024-owid-asia-and-pacific,region,Asia–Pacific,All,Monitored vertebrates,relative-index,index-1970-1,1970,2016,2016,0.45737422000000005,source-bounds,0.29359853,0.7221392,,Interval confidence level not verified in chart metadata,,2024-09-30,2026-10-08,2026-10-08,index-1970-100,45.737422,"{""ci_high"":""72.21392"",""ci_low"":""29.359853"",""confidenceLevel"":null}",CC-BY-SA-4.0,https://creativecommons.org/licenses/by-sa/4.0/,"ZSL/WWF, Living Planet Index; source edition and retrieval date; Our World in Data processing where applicable.",36b87bf96cf579f6bcf5e9b97157573e897de62e65c7829bb9b3b460017d670c,"[{""datasetId"":""lpi-2024-owid"",""datasetVersion"":""OWID indicator 990513; updated 2024-09-30; snapshot 2026-10-08"",""sourceId"":""owid-lpi-2024"",""sourceUrl"":""https://ourworldindata.org/grapher/global-living-planet-index"",""sourceDate"":""2024-09-30"",""sourceEdition"":""LPR 2024"",""accessedDate"":""2026-10-08"",""inputPath"":""data/raw/public/owid-lpi-2024.csv"",""inputSha256"":""9764f5f4f9c9ff855090a34ba218b02d7878922eec485e7b42d497ce5b8b3f25"",""rowNumber"":98,""jsonPointer"":null,""locator"":""OWID lpi_final, ci_low, ci_high; conversionFactor=100; 2024 source edition"",""originalUnit"":""index-1970-100"",""originalValue"":""45.737422"",""originalUncertainty"":{""ci_high"":""72.21392"",""ci_low"":""29.359853"",""confidenceLevel"":null},""rawRecord"":{""ci_high"":""72.21392"",""ci_low"":""29.359853"",""code"":"""",""entity"":""Asia and Pacific"",""lpi_final"":""45.737422"",""year"":""2016""},""transformations"":[""Whitespace/NFC normalization; original row retained"",""Divide published 1970=100 index and bounds by 100; explicit metadata scale, not interpolation""]}]"
lpi-2024-owid-asia-and-pacific-2017-2017,lpi-2024-owid,OWID indicator 990513; updated 2024-09-30; snapshot 2026-10-08,LPR 2024,lpi-2024-owid-asia-and-pacific,region,Asia–Pacific,All,Monitored vertebrates,relative-index,index-1970-1,1970,2017,2017,0.45325962,source-bounds,0.28810632,0.7219799,,Interval confidence level not verified in chart metadata,,2024-09-30,2026-10-08,2026-10-08,index-1970-100,45.325962,"{""ci_high"":""72.19799"",""ci_low"":""28.810632000000002"",""confidenceLevel"":null}",CC-BY-SA-4.0,https://creativecommons.org/licenses/by-sa/4.0/,"ZSL/WWF, Living Planet Index; source edition and retrieval date; Our World in Data processing where applicable.",36b87bf96cf579f6bcf5e9b97157573e897de62e65c7829bb9b3b460017d670c,"[{""datasetId"":""lpi-2024-owid"",""datasetVersion"":""OWID indicator 990513; updated 2024-09-30; snapshot 2026-10-08"",""sourceId"":""owid-lpi-2024"",""sourceUrl"":""https://ourworldindata.org/grapher/global-living-planet-index"",""sourceDate"":""2024-09-30"",""sourceEdition"":""LPR 2024"",""accessedDate"":""2026-10-08"",""inputPath"":""data/raw/public/owid-lpi-2024.csv"",""inputSha256"":""9764f5f4f9c9ff855090a34ba218b02d7878922eec485e7b42d497ce5b8b3f25"",""rowNumber"":99,""jsonPointer"":null,""locator"":""OWID lpi_final, ci_low, ci_high; conversionFactor=100; 2024 source edition"",""originalUnit"":""index-1970-100"",""originalValue"":""45.325962"",""originalUncertainty"":{""ci_high"":""72.19799"",""ci_low"":""28.810632000000002"",""confidenceLevel"":null},""rawRecord"":{""ci_high"":""72.19799"",""ci_low"":""28.810632000000002"",""code"":"""",""entity"":""Asia and Pacific"",""lpi_final"":""45.325962"",""year"":""2017""},""transformations"":[""Whitespace/NFC normalization; original row retained"",""Divide published 1970=100 index and bounds by 100; explicit metadata scale, not interpolation""]}]"
lpi-2024-owid-asia-and-pacific-2018-2018,lpi-2024-owid,OWID indicator 990513; updated 2024-09-30; snapshot 2026-10-08,LPR 2024,lpi-2024-owid-asia-and-pacific,region,Asia–Pacific,All,Monitored vertebrates,relative-index,index-1970-1,1970,2018,2018,0.4319193,source-bounds,0.2724422,0.6918523000000001,,Interval confidence level not verified in chart metadata,,2024-09-30,2026-10-08,2026-10-08,index-1970-100,43.19193,"{""ci_high"":""69.18523"",""ci_low"":""27.244220000000002"",""confidenceLevel"":null}",CC-BY-SA-4.0,https://creativecommons.org/licenses/by-sa/4.0/,"ZSL/WWF, Living Planet Index; source edition and retrieval date; Our World in Data processing where applicable.",36b87bf96cf579f6bcf5e9b97157573e897de62e65c7829bb9b3b460017d670c,"[{""datasetId"":""lpi-2024-owid"",""datasetVersion"":""OWID indicator 990513; updated 2024-09-30; snapshot 2026-10-08"",""sourceId"":""owid-lpi-2024"",""sourceUrl"":""https://ourworldindata.org/grapher/global-living-planet-index"",""sourceDate"":""2024-09-30"",""sourceEdition"":""LPR 2024"",""accessedDate"":""2026-10-08"",""inputPath"":""data/raw/public/owid-lpi-2024.csv"",""inputSha256"":""9764f5f4f9c9ff855090a34ba218b02d7878922eec485e7b42d497ce5b8b3f25"",""rowNumber"":100,""jsonPointer"":null,""locator"":""OWID lpi_final, ci_low, ci_high; conversionFactor=100; 2024 source edition"",""originalUnit"":""index-1970-100"",""originalValue"":""43.19193"",""originalUncertainty"":{""ci_high"":""69.18523"",""ci_low"":""27.244220000000002"",""confidenceLevel"":null},""rawRecord"":{""ci_high"":""69.18523"",""ci_low"":""27.244220000000002"",""code"":"""",""entity"":""Asia and Pacific"",""lpi_final"":""43.19193"",""year"":""2018""},""transformations"":[""Whitespace/NFC normalization; original row retained"",""Divide published 1970=100 index and bounds by 100; explicit metadata scale, not interpolation""]}]"
lpi-2024-owid-asia-and-pacific-2019-2019,lpi-2024-owid,OWID indicator 990513; updated 2024-09-30; snapshot 2026-10-08,LPR 2024,lpi-2024-owid-asia-and-pacific,region,Asia–Pacific,All,Monitored vertebrates,relative-index,index-1970-1,1970,2019,2019,0.41926342,source-bounds,0.26193655,0.67602247,,Interval confidence level not verified in chart metadata,,2024-09-30,2026-10-08,2026-10-08,index-1970-100,41.926342,"{""ci_high"":""67.602247"",""ci_low"":""26.193655"",""confidenceLevel"":null}",CC-BY-SA-4.0,https://creativecommons.org/licenses/by-sa/4.0/,"ZSL/WWF, Living Planet Index; source edition and retrieval date; Our World in Data processing where applicable.",36b87bf96cf579f6bcf5e9b97157573e897de62e65c7829bb9b3b460017d670c,"[{""datasetId"":""lpi-2024-owid"",""datasetVersion"":""OWID indicator 990513; updated 2024-09-30; snapshot 2026-10-08"",""sourceId"":""owid-lpi-2024"",""sourceUrl"":""https://ourworldindata.org/grapher/global-living-planet-index"",""sourceDate"":""2024-09-30"",""sourceEdition"":""LPR 2024"",""accessedDate"":""2026-10-08"",""inputPath"":""data/raw/public/owid-lpi-2024.csv"",""inputSha256"":""9764f5f4f9c9ff855090a34ba218b02d7878922eec485e7b42d497ce5b8b3f25"",""rowNumber"":101,""jsonPointer"":null,""locator"":""OWID lpi_final, ci_low, ci_high; conversionFactor=100; 2024 source edition"",""originalUnit"":""index-1970-100"",""originalValue"":""41.926342"",""originalUncertainty"":{""ci_high"":""67.602247"",""ci_low"":""26.193655"",""confidenceLevel"":null},""rawRecord"":{""ci_high"":""67.602247"",""ci_low"":""26.193655"",""code"":"""",""entity"":""Asia and Pacific"",""lpi_final"":""41.926342"",""year"":""2019""},""transformations"":[""Whitespace/NFC normalization; original row retained"",""Divide published 1970=100 index and bounds by 100; explicit metadata scale, not interpolation""]}]"
lpi-2024-owid-asia-and-pacific-2020-2020,lpi-2024-owid,OWID indicator 990513; updated 2024-09-30; snapshot 2026-10-08,LPR 2024,lpi-2024-owid-asia-and-pacific,region,Asia–Pacific,All,Monitored vertebrates,relative-index,index-1970-1,1970,2020,2020,0.39603937,source-bounds,0.24470407,0.6433672,,Interval confidence level not verified in chart metadata,,2024-09-30,2026-10-08,2026-10-08,index-1970-100,39.603937,"{""ci_high"":""64.33672"",""ci_low"":""24.470406999999998"",""confidenceLevel"":null}",CC-BY-SA-4.0,https://creativecommons.org/licenses/by-sa/4.0/,"ZSL/WWF, Living Planet Index; source edition and retrieval date; Our World in Data processing where applicable.",36b87bf96cf579f6bcf5e9b97157573e897de62e65c7829bb9b3b460017d670c,"[{""datasetId"":""lpi-2024-owid"",""datasetVersion"":""OWID indicator 990513; updated 2024-09-30; snapshot 2026-10-08"",""sourceId"":""owid-lpi-2024"",""sourceUrl"":""https://ourworldindata.org/grapher/global-living-planet-index"",""sourceDate"":""2024-09-30"",""sourceEdition"":""LPR 2024"",""accessedDate"":""2026-10-08"",""inputPath"":""data/raw/public/owid-lpi-2024.csv"",""inputSha256"":""9764f5f4f9c9ff855090a34ba218b02d7878922eec485e7b42d497ce5b8b3f25"",""rowNumber"":102,""jsonPointer"":null,""locator"":""OWID lpi_final, ci_low, ci_high; conversionFactor=100; 2024 source edition"",""originalUnit"":""index-1970-100"",""originalValue"":""39.603937"",""originalUncertainty"":{""ci_high"":""64.33672"",""ci_low"":""24.470406999999998"",""confidenceLevel"":null},""rawRecord"":{""ci_high"":""64.33672"",""ci_low"":""24.470406999999998"",""code"":"""",""entity"":""Asia and Pacific"",""lpi_final"":""39.603937"",""year"":""2020""},""transformations"":[""Whitespace/NFC normalization; original row retained"",""Divide published 1970=100 index and bounds by 100; explicit metadata scale, not interpolation""]}]"
lpi-2024-owid-europe-and-central-asia-1970-1970,lpi-2024-owid,OWID indicator 990513; updated 2024-09-30; snapshot 2026-10-08,LPR 2024,lpi-2024-owid-europe-and-central-asia,region,Europe and Central Asia,All,Monitored vertebrates,relative-index,index-1970-1,1970,1970,1970,1,source-bounds,1,1,,Interval confidence level not verified in chart metadata,,2024-09-30,2026-10-08,2026-10-08,index-1970-100,100,"{""ci_high"":""100"",""ci_low"":""100"",""confidenceLevel"":null}",CC-BY-SA-4.0,https://creativecommons.org/licenses/by-sa/4.0/,"ZSL/WWF, Living Planet Index; source edition and retrieval date; Our World in Data processing where applicable.",36b87bf96cf579f6bcf5e9b97157573e897de62e65c7829bb9b3b460017d670c,"[{""datasetId"":""lpi-2024-owid"",""datasetVersion"":""OWID indicator 990513; updated 2024-09-30; snapshot 2026-10-08"",""sourceId"":""owid-lpi-2024"",""sourceUrl"":""https://ourworldindata.org/grapher/global-living-planet-index"",""sourceDate"":""2024-09-30"",""sourceEdition"":""LPR 2024"",""accessedDate"":""2026-10-08"",""inputPath"":""data/raw/public/owid-lpi-2024.csv"",""inputSha256"":""9764f5f4f9c9ff855090a34ba218b02d7878922eec485e7b42d497ce5b8b3f25"",""rowNumber"":103,""jsonPointer"":null,""locator"":""OWID lpi_final, ci_low, ci_high; conversionFactor=100; 2024 source edition"",""originalUnit"":""index-1970-100"",""originalValue"":""100"",""originalUncertainty"":{""ci_high"":""100"",""ci_low"":""100"",""confidenceLevel"":null},""rawRecord"":{""ci_high"":""100"",""ci_low"":""100"",""code"":"""",""entity"":""Europe and Central Asia"",""lpi_final"":""100"",""year"":""1970""},""transformations"":[""Whitespace/NFC normalization; original row retained"",""Divide published 1970=100 index and bounds by 100; explicit metadata scale, not interpolation""]}]"
lpi-2024-owid-europe-and-central-asia-1971-1971,lpi-2024-owid,OWID indicator 990513; updated 2024-09-30; snapshot 2026-10-08,LPR 2024,lpi-2024-owid-europe-and-central-asia,region,Europe and Central Asia,All,Monitored vertebrates,relative-index,index-1970-1,1970,1971,1971,1.0156176,source-bounds,0.9864034000000002,1.0497311,,Interval confidence level not verified in chart metadata,,2024-09-30,2026-10-08,2026-10-08,index-1970-100,101.56175999999999,"{""ci_high"":""104.97311"",""ci_low"":""98.64034000000001"",""confidenceLevel"":null}",CC-BY-SA-4.0,https://creativecommons.org/licenses/by-sa/4.0/,"ZSL/WWF, Living Planet Index; source edition and retrieval date; Our World in Data processing where applicable.",36b87bf96cf579f6bcf5e9b97157573e897de62e65c7829bb9b3b460017d670c,"[{""datasetId"":""lpi-2024-owid"",""datasetVersion"":""OWID indicator 990513; updated 2024-09-30; snapshot 2026-10-08"",""sourceId"":""owid-lpi-2024"",""sourceUrl"":""https://ourworldindata.org/grapher/global-living-planet-index"",""sourceDate"":""2024-09-30"",""sourceEdition"":""LPR 2024"",""accessedDate"":""2026-10-08"",""inputPath"":""data/raw/public/owid-lpi-2024.csv"",""inputSha256"":""9764f5f4f9c9ff855090a34ba218b02d7878922eec485e7b42d497ce5b8b3f25"",""rowNumber"":104,""jsonPointer"":null,""locator"":""OWID lpi_final, ci_low, ci_high; conversionFactor=100; 2024 source edition"",""originalUnit"":""index-1970-100"",""originalValue"":""101.56175999999999"",""originalUncertainty"":{""ci_high"":""104.97311"",""ci_low"":""98.64034000000001"",""confidenceLevel"":null},""rawRecord"":{""ci_high"":""104.97311"",""ci_low"":""98.64034000000001"",""code"":"""",""entity"":""Europe and Central Asia"",""lpi_final"":""101.56175999999999"",""year"":""1971""},""transformations"":[""Whitespace/NFC normalization; original row retained"",""Divide published 1970=100 index and bounds by 100; explicit metadata scale, not interpolation""]}]"
lpi-2024-owid-europe-and-central-asia-1972-1972,lpi-2024-owid,OWID indicator 990513; updated 2024-09-30; snapshot 2026-10-08,LPR 2024,lpi-2024-owid-europe-and-central-asia,region,Europe and Central Asia,All,Monitored vertebrates,relative-index,index-1970-1,1970,1972,1972,1.0328828,source-bounds,0.98400074,1.0897548,,Interval confidence level not verified in chart metadata,,2024-09-30,2026-10-08,2026-10-08,index-1970-100,103.28828000000001,"{""ci_high"":""108.97547999999999"",""ci_low"":""98.400074"",""confidenceLevel"":null}",CC-BY-SA-4.0,https://creativecommons.org/licenses/by-sa/4.0/,"ZSL/WWF, Living Planet Index; source edition and retrieval date; Our World in Data processing where applicable.",36b87bf96cf579f6bcf5e9b97157573e897de62e65c7829bb9b3b460017d670c,"[{""datasetId"":""lpi-2024-owid"",""datasetVersion"":""OWID indicator 990513; updated 2024-09-30; snapshot 2026-10-08"",""sourceId"":""owid-lpi-2024"",""sourceUrl"":""https://ourworldindata.org/grapher/global-living-planet-index"",""sourceDate"":""2024-09-30"",""sourceEdition"":""LPR 2024"",""accessedDate"":""2026-10-08"",""inputPath"":""data/raw/public/owid-lpi-2024.csv"",""inputSha256"":""9764f5f4f9c9ff855090a34ba218b02d7878922eec485e7b42d497ce5b8b3f25"",""rowNumber"":105,""jsonPointer"":null,""locator"":""OWID lpi_final, ci_low, ci_high; conversionFactor=100; 2024 source edition"",""originalUnit"":""index-1970-100"",""originalValue"":""103.28828000000001"",""originalUncertainty"":{""ci_high"":""108.97547999999999"",""ci_low"":""98.400074"",""confidenceLevel"":null},""rawRecord"":{""ci_high"":""108.97547999999999"",""ci_low"":""98.400074"",""code"":"""",""entity"":""Europe and Central Asia"",""lpi_final"":""103.28828000000001"",""year"":""1972""},""transformations"":[""Whitespace/NFC normalization; original row retained"",""Divide published 1970=100 index and bounds by 100; explicit metadata scale, not interpolation""]}]"
lpi-2024-owid-europe-and-central-asia-1973-1973,lpi-2024-owid,OWID indicator 990513; updated 2024-09-30; snapshot 2026-10-08,LPR 2024,lpi-2024-owid-europe-and-central-asia,region,Europe and Central Asia,All,Monitored vertebrates,relative-index,index-1970-1,1970,1973,1973,1.0534041,source-bounds,0.9939167000000001,1.1216738,,Interval confidence level not verified in chart metadata,,2024-09-30,2026-10-08,2026-10-08,index-1970-100,105.34041,"{""ci_high"":""112.16738"",""ci_low"":""99.39167"",""confidenceLevel"":null}",CC-BY-SA-4.0,https://creativecommons.org/licenses/by-sa/4.0/,"ZSL/WWF, Living Planet Index; source edition and retrieval date; Our World in Data processing where applicable.",36b87bf96cf579f6bcf5e9b97157573e897de62e65c7829bb9b3b460017d670c,"[{""datasetId"":""lpi-2024-owid"",""datasetVersion"":""OWID indicator 990513; updated 2024-09-30; snapshot 2026-10-08"",""sourceId"":""owid-lpi-2024"",""sourceUrl"":""https://ourworldindata.org/grapher/global-living-planet-index"",""sourceDate"":""2024-09-30"",""sourceEdition"":""LPR 2024"",""accessedDate"":""2026-10-08"",""inputPath"":""data/raw/public/owid-lpi-2024.csv"",""inputSha256"":""9764f5f4f9c9ff855090a34ba218b02d7878922eec485e7b42d497ce5b8b3f25"",""rowNumber"":106,""jsonPointer"":null,""locator"":""OWID lpi_final, ci_low, ci_high; conversionFactor=100; 2024 source edition"",""originalUnit"":""index-1970-100"",""originalValue"":""105.34041"",""originalUncertainty"":{""ci_high"":""112.16738"",""ci_low"":""99.39167"",""confidenceLevel"":null},""rawRecord"":{""ci_high"":""112.16738"",""ci_low"":""99.39167"",""code"":"""",""entity"":""Europe and Central Asia"",""lpi_final"":""105.34041"",""year"":""1973""},""transformations"":[""Whitespace/NFC normalization; original row retained"",""Divide published 1970=100 index and bounds by 100; explicit metadata scale, not interpolation""]}]"
lpi-2024-owid-europe-and-central-asia-1974-1974,lpi-2024-owid,OWID indicator 990513; updated 2024-09-30; snapshot 2026-10-08,LPR 2024,lpi-2024-owid-europe-and-central-asia,region,Europe and Central Asia,All,Monitored vertebrates,relative-index,index-1970-1,1970,1974,1974,1.0797343,source-bounds,1.0090113,1.1607008,,Interval confidence level not verified in chart metadata,,2024-09-30,2026-10-08,2026-10-08,index-1970-100,107.97343,"{""ci_high"":""116.07008"",""ci_low"":""100.90113000000001"",""confidenceLevel"":null}",CC-BY-SA-4.0,https://creativecommons.org/licenses/by-sa/4.0/,"ZSL/WWF, Living Planet Index; source edition and retrieval date; Our World in Data processing where applicable.",36b87bf96cf579f6bcf5e9b97157573e897de62e65c7829bb9b3b460017d670c,"[{""datasetId"":""lpi-2024-owid"",""datasetVersion"":""OWID indicator 990513; updated 2024-09-30; snapshot 2026-10-08"",""sourceId"":""owid-lpi-2024"",""sourceUrl"":""https://ourworldindata.org/grapher/global-living-planet-index"",""sourceDate"":""2024-09-30"",""sourceEdition"":""LPR 2024"",""accessedDate"":""2026-10-08"",""inputPath"":""data/raw/public/owid-lpi-2024.csv"",""inputSha256"":""9764f5f4f9c9ff855090a34ba218b02d7878922eec485e7b42d497ce5b8b3f25"",""rowNumber"":107,""jsonPointer"":null,""locator"":""OWID lpi_final, ci_low, ci_high; conversionFactor=100; 2024 source edition"",""originalUnit"":""index-1970-100"",""originalValue"":""107.97343"",""originalUncertainty"":{""ci_high"":""116.07008"",""ci_low"":""100.90113000000001"",""confidenceLevel"":null},""rawRecord"":{""ci_high"":""116.07008"",""ci_low"":""100.90113000000001"",""code"":"""",""entity"":""Europe and Central Asia"",""lpi_final"":""107.97343"",""year"":""1974""},""transformations"":[""Whitespace/NFC normalization; original row retained"",""Divide published 1970=100 index and bounds by 100; explicit metadata scale, not interpolation""]}]"
lpi-2024-owid-europe-and-central-asia-1975-1975,lpi-2024-owid,OWID indicator 990513; updated 2024-09-30; snapshot 2026-10-08,LPR 2024,lpi-2024-owid-europe-and-central-asia,region,Europe and Central Asia,All,Monitored vertebrates,relative-index,index-1970-1,1970,1975,1975,1.1022451,source-bounds,1.020718,1.1948347,,Interval confidence level not verified in chart metadata,,2024-09-30,2026-10-08,2026-10-08,index-1970-100,110.22451,"{""ci_high"":""119.48347"",""ci_low"":""102.0718"",""confidenceLevel"":null}",CC-BY-SA-4.0,https://creativecommons.org/licenses/by-sa/4.0/,"ZSL/WWF, Living Planet Index; source edition and retrieval date; Our World in Data processing where applicable.",36b87bf96cf579f6bcf5e9b97157573e897de62e65c7829bb9b3b460017d670c,"[{""datasetId"":""lpi-2024-owid"",""datasetVersion"":""OWID indicator 990513; updated 2024-09-30; snapshot 2026-10-08"",""sourceId"":""owid-lpi-2024"",""sourceUrl"":""https://ourworldindata.org/grapher/global-living-planet-index"",""sourceDate"":""2024-09-30"",""sourceEdition"":""LPR 2024"",""accessedDate"":""2026-10-08"",""inputPath"":""data/raw/public/owid-lpi-2024.csv"",""inputSha256"":""9764f5f4f9c9ff855090a34ba218b02d7878922eec485e7b42d497ce5b8b3f25"",""rowNumber"":108,""jsonPointer"":null,""locator"":""OWID lpi_final, ci_low, ci_high; conversionFactor=100; 2024 source edition"",""originalUnit"":""index-1970-100"",""originalValue"":""110.22451"",""originalUncertainty"":{""ci_high"":""119.48347"",""ci_low"":""102.0718"",""confidenceLevel"":null},""rawRecord"":{""ci_high"":""119.48347"",""ci_low"":""102.0718"",""code"":"""",""entity"":""Europe and Central Asia"",""lpi_final"":""110.22451"",""year"":""1975""},""transformations"":[""Whitespace/NFC normalization; original row retained"",""Divide published 1970=100 index and bounds by 100; explicit metadata scale, not interpolation""]}]"
lpi-2024-owid-europe-and-central-asia-1976-1976,lpi-2024-owid,OWID indicator 990513; updated 2024-09-30; snapshot 2026-10-08,LPR 2024,lpi-2024-owid-europe-and-central-asia,region,Europe and Central Asia,All,Monitored vertebrates,relative-index,index-1970-1,1970,1976,1976,1.1141124,source-bounds,1.0213884,1.2177454,,Interval confidence level not verified in chart metadata,,2024-09-30,2026-10-08,2026-10-08,index-1970-100,111.41124,"{""ci_high"":""121.77454"",""ci_low"":""102.13884"",""confidenceLevel"":null}",CC-BY-SA-4.0,https://creativecommons.org/licenses/by-sa/4.0/,"ZSL/WWF, Living Planet Index; source edition and retrieval date; Our World in Data processing where applicable.",36b87bf96cf579f6bcf5e9b97157573e897de62e65c7829bb9b3b460017d670c,"[{""datasetId"":""lpi-2024-owid"",""datasetVersion"":""OWID indicator 990513; updated 2024-09-30; snapshot 2026-10-08"",""sourceId"":""owid-lpi-2024"",""sourceUrl"":""https://ourworldindata.org/grapher/global-living-planet-index"",""sourceDate"":""2024-09-30"",""sourceEdition"":""LPR 2024"",""accessedDate"":""2026-10-08"",""inputPath"":""data/raw/public/owid-lpi-2024.csv"",""inputSha256"":""9764f5f4f9c9ff855090a34ba218b02d7878922eec485e7b42d497ce5b8b3f25"",""rowNumber"":109,""jsonPointer"":null,""locator"":""OWID lpi_final, ci_low, ci_high; conversionFactor=100; 2024 source edition"",""originalUnit"":""index-1970-100"",""originalValue"":""111.41124"",""originalUncertainty"":{""ci_high"":""121.77454"",""ci_low"":""102.13884"",""confidenceLevel"":null},""rawRecord"":{""ci_high"":""121.77454"",""ci_low"":""102.13884"",""code"":"""",""entity"":""Europe and Central Asia"",""lpi_final"":""111.41124"",""year"":""1976""},""transformations"":[""Whitespace/NFC normalization; original row retained"",""Divide published 1970=100 index and bounds by 100; explicit metadata scale, not interpolation""]}]"
lpi-2024-owid-europe-and-central-asia-1977-1977,lpi-2024-owid,OWID indicator 990513; updated 2024-09-30; snapshot 2026-10-08,LPR 2024,lpi-2024-owid-europe-and-central-asia,region,Europe and Central Asia,All,Monitored vertebrates,relative-index,index-1970-1,1970,1977,1977,1.1157061,source-bounds,1.0141228,1.2280009,,Interval confidence level not verified in chart metadata,,2024-09-30,2026-10-08,2026-10-08,index-1970-100,111.57060999999999,"{""ci_high"":""122.80009000000001"",""ci_low"":""101.41228"",""confidenceLevel"":null}",CC-BY-SA-4.0,https://creativecommons.org/licenses/by-sa/4.0/,"ZSL/WWF, Living Planet Index; source edition and retrieval date; Our World in Data processing where applicable.",36b87bf96cf579f6bcf5e9b97157573e897de62e65c7829bb9b3b460017d670c,"[{""datasetId"":""lpi-2024-owid"",""datasetVersion"":""OWID indicator 990513; updated 2024-09-30; snapshot 2026-10-08"",""sourceId"":""owid-lpi-2024"",""sourceUrl"":""https://ourworldindata.org/grapher/global-living-planet-index"",""sourceDate"":""2024-09-30"",""sourceEdition"":""LPR 2024"",""accessedDate"":""2026-10-08"",""inputPath"":""data/raw/public/owid-lpi-2024.csv"",""inputSha256"":""9764f5f4f9c9ff855090a34ba218b02d7878922eec485e7b42d497ce5b8b3f25"",""rowNumber"":110,""jsonPointer"":null,""locator"":""OWID lpi_final, ci_low, ci_high; conversionFactor=100; 2024 source edition"",""originalUnit"":""index-1970-100"",""originalValue"":""111.57060999999999"",""originalUncertainty"":{""ci_high"":""122.80009000000001"",""ci_low"":""101.41228"",""confidenceLevel"":null},""rawRecord"":{""ci_high"":""122.80009000000001"",""ci_low"":""101.41228"",""code"":"""",""entity"":""Europe and Central Asia"",""lpi_final"":""111.57060999999999"",""year"":""1977""},""transformations"":[""Whitespace/NFC normalization; original row retained"",""Divide published 1970=100 index and bounds by 100; explicit metadata scale, not interpolation""]}]"
lpi-2024-owid-europe-and-central-asia-1978-1978,lpi-2024-owid,OWID indicator 990513; updated 2024-09-30; snapshot 2026-10-08,LPR 2024,lpi-2024-owid-europe-and-central-asia,region,Europe and Central Asia,All,Monitored vertebrates,relative-index,index-1970-1,1970,1978,1978,1.1154102,source-bounds,1.0065097,1.2344745,,Interval confidence level not verified in chart metadata,,2024-09-30,2026-10-08,2026-10-08,index-1970-100,111.54101999999999,"{""ci_high"":""123.44744999999999"",""ci_low"":""100.65097"",""confidenceLevel"":null}",CC-BY-SA-4.0,https://creativecommons.org/licenses/by-sa/4.0/,"ZSL/WWF, Living Planet Index; source edition and retrieval date; Our World in Data processing where applicable.",36b87bf96cf579f6bcf5e9b97157573e897de62e65c7829bb9b3b460017d670c,"[{""datasetId"":""lpi-2024-owid"",""datasetVersion"":""OWID indicator 990513; updated 2024-09-30; snapshot 2026-10-08"",""sourceId"":""owid-lpi-2024"",""sourceUrl"":""https://ourworldindata.org/grapher/global-living-planet-index"",""sourceDate"":""2024-09-30"",""sourceEdition"":""LPR 2024"",""accessedDate"":""2026-10-08"",""inputPath"":""data/raw/public/owid-lpi-2024.csv"",""inputSha256"":""9764f5f4f9c9ff855090a34ba218b02d7878922eec485e7b42d497ce5b8b3f25"",""rowNumber"":111,""jsonPointer"":null,""locator"":""OWID lpi_final, ci_low, ci_high; conversionFactor=100; 2024 source edition"",""originalUnit"":""index-1970-100"",""originalValue"":""111.54101999999999"",""originalUncertainty"":{""ci_high"":""123.44744999999999"",""ci_low"":""100.65097"",""confidenceLevel"":null},""rawRecord"":{""ci_high"":""123.44744999999999"",""ci_low"":""100.65097"",""code"":"""",""entity"":""Europe and Central Asia"",""lpi_final"":""111.54101999999999"",""year"":""1978""},""transformations"":[""Whitespace/NFC normalization; original row retained"",""Divide published 1970=100 index and bounds by 100; explicit metadata scale, not interpolation""]}]"
lpi-2024-owid-europe-and-central-asia-1979-1979,lpi-2024-owid,OWID indicator 990513; updated 2024-09-30; snapshot 2026-10-08,LPR 2024,lpi-2024-owid-europe-and-central-asia,region,Europe and Central Asia,All,Monitored vertebrates,relative-index,index-1970-1,1970,1979,1979,1.1160548,source-bounds,1.0037165,1.2394941,,Interval confidence level not verified in chart metadata,,2024-09-30,2026-10-08,2026-10-08,index-1970-100,111.60547999999999,"{""ci_high"":""123.94941"",""ci_low"":""100.37164999999999"",""confidenceLevel"":null}",CC-BY-SA-4.0,https://creativecommons.org/licenses/by-sa/4.0/,"ZSL/WWF, Living Planet Index; source edition and retrieval date; Our World in Data processing where applicable.",36b87bf96cf579f6bcf5e9b97157573e897de62e65c7829bb9b3b460017d670c,"[{""datasetId"":""lpi-2024-owid"",""datasetVersion"":""OWID indicator 990513; updated 2024-09-30; snapshot 2026-10-08"",""sourceId"":""owid-lpi-2024"",""sourceUrl"":""https://ourworldindata.org/grapher/global-living-planet-index"",""sourceDate"":""2024-09-30"",""sourceEdition"":""LPR 2024"",""accessedDate"":""2026-10-08"",""inputPath"":""data/raw/public/owid-lpi-2024.csv"",""inputSha256"":""9764f5f4f9c9ff855090a34ba218b02d7878922eec485e7b42d497ce5b8b3f25"",""rowNumber"":112,""jsonPointer"":null,""locator"":""OWID lpi_final, ci_low, ci_high; conversionFactor=100; 2024 source edition"",""originalUnit"":""index-1970-100"",""originalValue"":""111.60547999999999"",""originalUncertainty"":{""ci_high"":""123.94941"",""ci_low"":""100.37164999999999"",""confidenceLevel"":null},""rawRecord"":{""ci_high"":""123.94941"",""ci_low"":""100.37164999999999"",""code"":"""",""entity"":""Europe and Central Asia"",""lpi_final"":""111.60547999999999"",""year"":""1979""},""transformations"":[""Whitespace/NFC normalization; original row retained"",""Divide published 1970=100 index and bounds by 100; explicit metadata scale, not interpolation""]}]"
lpi-2024-owid-europe-and-central-asia-1980-1980,lpi-2024-owid,OWID indicator 990513; updated 2024-09-30; snapshot 2026-10-08,LPR 2024,lpi-2024-owid-europe-and-central-asia,region,Europe and Central Asia,All,Monitored vertebrates,relative-index,index-1970-1,1970,1980,1980,1.1179069,source-bounds,1.0022746,1.2445517,,Interval confidence level not verified in chart metadata,,2024-09-30,2026-10-08,2026-10-08,index-1970-100,111.79069,"{""ci_high"":""124.45517"",""ci_low"":""100.22746000000001"",""confidenceLevel"":null}",CC-BY-SA-4.0,https://creativecommons.org/licenses/by-sa/4.0/,"ZSL/WWF, Living Planet Index; source edition and retrieval date; Our World in Data processing where applicable.",36b87bf96cf579f6bcf5e9b97157573e897de62e65c7829bb9b3b460017d670c,"[{""datasetId"":""lpi-2024-owid"",""datasetVersion"":""OWID indicator 990513; updated 2024-09-30; snapshot 2026-10-08"",""sourceId"":""owid-lpi-2024"",""sourceUrl"":""https://ourworldindata.org/grapher/global-living-planet-index"",""sourceDate"":""2024-09-30"",""sourceEdition"":""LPR 2024"",""accessedDate"":""2026-10-08"",""inputPath"":""data/raw/public/owid-lpi-2024.csv"",""inputSha256"":""9764f5f4f9c9ff855090a34ba218b02d7878922eec485e7b42d497ce5b8b3f25"",""rowNumber"":113,""jsonPointer"":null,""locator"":""OWID lpi_final, ci_low, ci_high; conversionFactor=100; 2024 source edition"",""originalUnit"":""index-1970-100"",""originalValue"":""111.79069"",""originalUncertainty"":{""ci_high"":""124.45517"",""ci_low"":""100.22746000000001"",""confidenceLevel"":null},""rawRecord"":{""ci_high"":""124.45517"",""ci_low"":""100.22746000000001"",""code"":"""",""entity"":""Europe and Central Asia"",""lpi_final"":""111.79069"",""year"":""1980""},""transformations"":[""Whitespace/NFC normalization; original row retained"",""Divide published 1970=100 index and bounds by 100; explicit metadata scale, not interpolation""]}]"
lpi-2024-owid-europe-and-central-asia-1981-1981,lpi-2024-owid,OWID indicator 990513; updated 2024-09-30; snapshot 2026-10-08,LPR 2024,lpi-2024-owid-europe-and-central-asia,region,Europe and Central Asia,All,Monitored vertebrates,relative-index,index-1970-1,1970,1981,1981,1.1212618,source-bounds,1.0027862,1.2513523,,Interval confidence level not verified in chart metadata,,2024-09-30,2026-10-08,2026-10-08,index-1970-100,112.12618,"{""ci_high"":""125.13522999999999"",""ci_low"":""100.27862"",""confidenceLevel"":null}",CC-BY-SA-4.0,https://creativecommons.org/licenses/by-sa/4.0/,"ZSL/WWF, Living Planet Index; source edition and retrieval date; Our World in Data processing where applicable.",36b87bf96cf579f6bcf5e9b97157573e897de62e65c7829bb9b3b460017d670c,"[{""datasetId"":""lpi-2024-owid"",""datasetVersion"":""OWID indicator 990513; updated 2024-09-30; snapshot 2026-10-08"",""sourceId"":""owid-lpi-2024"",""sourceUrl"":""https://ourworldindata.org/grapher/global-living-planet-index"",""sourceDate"":""2024-09-30"",""sourceEdition"":""LPR 2024"",""accessedDate"":""2026-10-08"",""inputPath"":""data/raw/public/owid-lpi-2024.csv"",""inputSha256"":""9764f5f4f9c9ff855090a34ba218b02d7878922eec485e7b42d497ce5b8b3f25"",""rowNumber"":114,""jsonPointer"":null,""locator"":""OWID lpi_final, ci_low, ci_high; conversionFactor=100; 2024 source edition"",""originalUnit"":""index-1970-100"",""originalValue"":""112.12618"",""originalUncertainty"":{""ci_high"":""125.13522999999999"",""ci_low"":""100.27862"",""confidenceLevel"":null},""rawRecord"":{""ci_high"":""125.13522999999999"",""ci_low"":""100.27862"",""code"":"""",""entity"":""Europe and Central Asia"",""lpi_final"":""112.12618"",""year"":""1981""},""transformations"":[""Whitespace/NFC normalization; original row retained"",""Divide published 1970=100 index and bounds by 100; explicit metadata scale, not interpolation""]}]"
lpi-2024-owid-europe-and-central-asia-1982-1982,lpi-2024-owid,OWID indicator 990513; updated 2024-09-30; snapshot 2026-10-08,LPR 2024,lpi-2024-owid-europe-and-central-asia,region,Europe and Central Asia,All,Monitored vertebrates,relative-index,index-1970-1,1970,1982,1982,1.1351088,source-bounds,1.012205,1.2714566,,Interval confidence level not verified in chart metadata,,2024-09-30,2026-10-08,2026-10-08,index-1970-100,113.51088,"{""ci_high"":""127.14566"",""ci_low"":""101.2205"",""confidenceLevel"":null}",CC-BY-SA-4.0,https://creativecommons.org/licenses/by-sa/4.0/,"ZSL/WWF, Living Planet Index; source edition and retrieval date; Our World in Data processing where applicable.",36b87bf96cf579f6bcf5e9b97157573e897de62e65c7829bb9b3b460017d670c,"[{""datasetId"":""lpi-2024-owid"",""datasetVersion"":""OWID indicator 990513; updated 2024-09-30; snapshot 2026-10-08"",""sourceId"":""owid-lpi-2024"",""sourceUrl"":""https://ourworldindata.org/grapher/global-living-planet-index"",""sourceDate"":""2024-09-30"",""sourceEdition"":""LPR 2024"",""accessedDate"":""2026-10-08"",""inputPath"":""data/raw/public/owid-lpi-2024.csv"",""inputSha256"":""9764f5f4f9c9ff855090a34ba218b02d7878922eec485e7b42d497ce5b8b3f25"",""rowNumber"":115,""jsonPointer"":null,""locator"":""OWID lpi_final, ci_low, ci_high; conversionFactor=100; 2024 source edition"",""originalUnit"":""index-1970-100"",""originalValue"":""113.51088"",""originalUncertainty"":{""ci_high"":""127.14566"",""ci_low"":""101.2205"",""confidenceLevel"":null},""rawRecord"":{""ci_high"":""127.14566"",""ci_low"":""101.2205"",""code"":"""",""entity"":""Europe and Central Asia"",""lpi_final"":""113.51088"",""year"":""1982""},""transformations"":[""Whitespace/NFC normalization; original row retained"",""Divide published 1970=100 index and bounds by 100; explicit metadata scale, not interpolation""]}]"
lpi-2024-owid-europe-and-central-asia-1983-1983,lpi-2024-owid,OWID indicator 990513; updated 2024-09-30; snapshot 2026-10-08,LPR 2024,lpi-2024-owid-europe-and-central-asia,region,Europe and Central Asia,All,Monitored vertebrates,relative-index,index-1970-1,1970,1983,1983,1.133673,source-bounds,1.0055945,1.2769225,,Interval confidence level not verified in chart metadata,,2024-09-30,2026-10-08,2026-10-08,index-1970-100,113.3673,"{""ci_high"":""127.69225"",""ci_low"":""100.55945"",""confidenceLevel"":null}",CC-BY-SA-4.0,https://creativecommons.org/licenses/by-sa/4.0/,"ZSL/WWF, Living Planet Index; source edition and retrieval date; Our World in Data processing where applicable.",36b87bf96cf579f6bcf5e9b97157573e897de62e65c7829bb9b3b460017d670c,"[{""datasetId"":""lpi-2024-owid"",""datasetVersion"":""OWID indicator 990513; updated 2024-09-30; snapshot 2026-10-08"",""sourceId"":""owid-lpi-2024"",""sourceUrl"":""https://ourworldindata.org/grapher/global-living-planet-index"",""sourceDate"":""2024-09-30"",""sourceEdition"":""LPR 2024"",""accessedDate"":""2026-10-08"",""inputPath"":""data/raw/public/owid-lpi-2024.csv"",""inputSha256"":""9764f5f4f9c9ff855090a34ba218b02d7878922eec485e7b42d497ce5b8b3f25"",""rowNumber"":116,""jsonPointer"":null,""locator"":""OWID lpi_final, ci_low, ci_high; conversionFactor=100; 2024 source edition"",""originalUnit"":""index-1970-100"",""originalValue"":""113.3673"",""originalUncertainty"":{""ci_high"":""127.69225"",""ci_low"":""100.55945"",""confidenceLevel"":null},""rawRecord"":{""ci_high"":""127.69225"",""ci_low"":""100.55945"",""code"":"""",""entity"":""Europe and Central Asia"",""lpi_final"":""113.3673"",""year"":""1983""},""transformations"":[""Whitespace/NFC normalization; original row retained"",""Divide published 1970=100 index and bounds by 100; explicit metadata scale, not interpolation""]}]"
lpi-2024-owid-europe-and-central-asia-1984-1984,lpi-2024-owid,OWID indicator 990513; updated 2024-09-30; snapshot 2026-10-08,LPR 2024,lpi-2024-owid-europe-and-central-asia,region,Europe and Central Asia,All,Monitored vertebrates,relative-index,index-1970-1,1970,1984,1984,1.141202,source-bounds,1.0062209,1.2932388000000001,,Interval confidence level not verified in chart metadata,,2024-09-30,2026-10-08,2026-10-08,index-1970-100,114.12020000000001,"{""ci_high"":""129.32388"",""ci_low"":""100.62209"",""confidenceLevel"":null}",CC-BY-SA-4.0,https://creativecommons.org/licenses/by-sa/4.0/,"ZSL/WWF, Living Planet Index; source edition and retrieval date; Our World in Data processing where applicable.",36b87bf96cf579f6bcf5e9b97157573e897de62e65c7829bb9b3b460017d670c,"[{""datasetId"":""lpi-2024-owid"",""datasetVersion"":""OWID indicator 990513; updated 2024-09-30; snapshot 2026-10-08"",""sourceId"":""owid-lpi-2024"",""sourceUrl"":""https://ourworldindata.org/grapher/global-living-planet-index"",""sourceDate"":""2024-09-30"",""sourceEdition"":""LPR 2024"",""accessedDate"":""2026-10-08"",""inputPath"":""data/raw/public/owid-lpi-2024.csv"",""inputSha256"":""9764f5f4f9c9ff855090a34ba218b02d7878922eec485e7b42d497ce5b8b3f25"",""rowNumber"":117,""jsonPointer"":null,""locator"":""OWID lpi_final, ci_low, ci_high; conversionFactor=100; 2024 source edition"",""originalUnit"":""index-1970-100"",""originalValue"":""114.12020000000001"",""originalUncertainty"":{""ci_high"":""129.32388"",""ci_low"":""100.62209"",""confidenceLevel"":null},""rawRecord"":{""ci_high"":""129.32388"",""ci_low"":""100.62209"",""code"":"""",""entity"":""Europe and Central Asia"",""lpi_final"":""114.12020000000001"",""year"":""1984""},""transformations"":[""Whitespace/NFC normalization; original row retained"",""Divide published 1970=100 index and bounds by 100; explicit metadata scale, not interpolation""]}]"
lpi-2024-owid-europe-and-central-asia-1985-1985,lpi-2024-owid,OWID indicator 990513; updated 2024-09-30; snapshot 2026-10-08,LPR 2024,lpi-2024-owid-europe-and-central-asia,region,Europe and Central Asia,All,Monitored vertebrates,relative-index,index-1970-1,1970,1985,1985,1.1389959,source-bounds,0.9986242000000001,1.2969565,,Interval confidence level not verified in chart metadata,,2024-09-30,2026-10-08,2026-10-08,index-1970-100,113.89959,"{""ci_high"":""129.69565"",""ci_low"":""99.86242"",""confidenceLevel"":null}",CC-BY-SA-4.0,https://creativecommons.org/licenses/by-sa/4.0/,"ZSL/WWF, Living Planet Index; source edition and retrieval date; Our World in Data processing where applicable.",36b87bf96cf579f6bcf5e9b97157573e897de62e65c7829bb9b3b460017d670c,"[{""datasetId"":""lpi-2024-owid"",""datasetVersion"":""OWID indicator 990513; updated 2024-09-30; snapshot 2026-10-08"",""sourceId"":""owid-lpi-2024"",""sourceUrl"":""https://ourworldindata.org/grapher/global-living-planet-index"",""sourceDate"":""2024-09-30"",""sourceEdition"":""LPR 2024"",""accessedDate"":""2026-10-08"",""inputPath"":""data/raw/public/owid-lpi-2024.csv"",""inputSha256"":""9764f5f4f9c9ff855090a34ba218b02d7878922eec485e7b42d497ce5b8b3f25"",""rowNumber"":118,""jsonPointer"":null,""locator"":""OWID lpi_final, ci_low, ci_high; conversionFactor=100; 2024 source edition"",""originalUnit"":""index-1970-100"",""originalValue"":""113.89959"",""originalUncertainty"":{""ci_high"":""129.69565"",""ci_low"":""99.86242"",""confidenceLevel"":null},""rawRecord"":{""ci_high"":""129.69565"",""ci_low"":""99.86242"",""code"":"""",""entity"":""Europe and Central Asia"",""lpi_final"":""113.89959"",""year"":""1985""},""transformations"":[""Whitespace/NFC normalization; original row retained"",""Divide published 1970=100 index and bounds by 100; explicit metadata scale, not interpolation""]}]"
lpi-2024-owid-europe-and-central-asia-1986-1986,lpi-2024-owid,OWID indicator 990513; updated 2024-09-30; snapshot 2026-10-08,LPR 2024,lpi-2024-owid-europe-and-central-asia,region,Europe and Central Asia,All,Monitored vertebrates,relative-index,index-1970-1,1970,1986,1986,1.1530493,source-bounds,1.0076907,1.3166134,,Interval confidence level not verified in chart metadata,,2024-09-30,2026-10-08,2026-10-08,index-1970-100,115.30493,"{""ci_high"":""131.66134"",""ci_low"":""100.76907"",""confidenceLevel"":null}",CC-BY-SA-4.0,https://creativecommons.org/licenses/by-sa/4.0/,"ZSL/WWF, Living Planet Index; source edition and retrieval date; Our World in Data processing where applicable.",36b87bf96cf579f6bcf5e9b97157573e897de62e65c7829bb9b3b460017d670c,"[{""datasetId"":""lpi-2024-owid"",""datasetVersion"":""OWID indicator 990513; updated 2024-09-30; snapshot 2026-10-08"",""sourceId"":""owid-lpi-2024"",""sourceUrl"":""https://ourworldindata.org/grapher/global-living-planet-index"",""sourceDate"":""2024-09-30"",""sourceEdition"":""LPR 2024"",""accessedDate"":""2026-10-08"",""inputPath"":""data/raw/public/owid-lpi-2024.csv"",""inputSha256"":""9764f5f4f9c9ff855090a34ba218b02d7878922eec485e7b42d497ce5b8b3f25"",""rowNumber"":119,""jsonPointer"":null,""locator"":""OWID lpi_final, ci_low, ci_high; conversionFactor=100; 2024 source edition"",""originalUnit"":""index-1970-100"",""originalValue"":""115.30493"",""originalUncertainty"":{""ci_high"":""131.66134"",""ci_low"":""100.76907"",""confidenceLevel"":null},""rawRecord"":{""ci_high"":""131.66134"",""ci_low"":""100.76907"",""code"":"""",""entity"":""Europe and Central Asia"",""lpi_final"":""115.30493"",""year"":""1986""},""transformations"":[""Whitespace/NFC normalization; original row retained"",""Divide published 1970=100 index and bounds by 100; explicit metadata scale, not interpolation""]}]"
lpi-2024-owid-europe-and-central-asia-1987-1987,lpi-2024-owid,OWID indicator 990513; updated 2024-09-30; snapshot 2026-10-08,LPR 2024,lpi-2024-owid-europe-and-central-asia,region,Europe and Central Asia,All,Monitored vertebrates,relative-index,index-1970-1,1970,1987,1987,1.1754643,source-bounds,1.0241672,1.3459896,,Interval confidence level not verified in chart metadata,,2024-09-30,2026-10-08,2026-10-08,index-1970-100,117.54643,"{""ci_high"":""134.59896"",""ci_low"":""102.41672"",""confidenceLevel"":null}",CC-BY-SA-4.0,https://creativecommons.org/licenses/by-sa/4.0/,"ZSL/WWF, Living Planet Index; source edition and retrieval date; Our World in Data processing where applicable.",36b87bf96cf579f6bcf5e9b97157573e897de62e65c7829bb9b3b460017d670c,"[{""datasetId"":""lpi-2024-owid"",""datasetVersion"":""OWID indicator 990513; updated 2024-09-30; snapshot 2026-10-08"",""sourceId"":""owid-lpi-2024"",""sourceUrl"":""https://ourworldindata.org/grapher/global-living-planet-index"",""sourceDate"":""2024-09-30"",""sourceEdition"":""LPR 2024"",""accessedDate"":""2026-10-08"",""inputPath"":""data/raw/public/owid-lpi-2024.csv"",""inputSha256"":""9764f5f4f9c9ff855090a34ba218b02d7878922eec485e7b42d497ce5b8b3f25"",""rowNumber"":120,""jsonPointer"":null,""locator"":""OWID lpi_final, ci_low, ci_high; conversionFactor=100; 2024 source edition"",""originalUnit"":""index-1970-100"",""originalValue"":""117.54643"",""originalUncertainty"":{""ci_high"":""134.59896"",""ci_low"":""102.41672"",""confidenceLevel"":null},""rawRecord"":{""ci_high"":""134.59896"",""ci_low"":""102.41672"",""code"":"""",""entity"":""Europe and Central Asia"",""lpi_final"":""117.54643"",""year"":""1987""},""transformations"":[""Whitespace/NFC normalization; original row retained"",""Divide published 1970=100 index and bounds by 100; explicit metadata scale, not interpolation""]}]"
lpi-2024-owid-europe-and-central-asia-1988-1988,lpi-2024-owid,OWID indicator 990513; updated 2024-09-30; snapshot 2026-10-08,LPR 2024,lpi-2024-owid-europe-and-central-asia,region,Europe and Central Asia,All,Monitored vertebrates,relative-index,index-1970-1,1970,1988,1988,1.2160263,source-bounds,1.0553946,1.3965986,,Interval confidence level not verified in chart metadata,,2024-09-30,2026-10-08,2026-10-08,index-1970-100,121.60263,"{""ci_high"":""139.65985999999998"",""ci_low"":""105.53946"",""confidenceLevel"":null}",CC-BY-SA-4.0,https://creativecommons.org/licenses/by-sa/4.0/,"ZSL/WWF, Living Planet Index; source edition and retrieval date; Our World in Data processing where applicable.",36b87bf96cf579f6bcf5e9b97157573e897de62e65c7829bb9b3b460017d670c,"[{""datasetId"":""lpi-2024-owid"",""datasetVersion"":""OWID indicator 990513; updated 2024-09-30; snapshot 2026-10-08"",""sourceId"":""owid-lpi-2024"",""sourceUrl"":""https://ourworldindata.org/grapher/global-living-planet-index"",""sourceDate"":""2024-09-30"",""sourceEdition"":""LPR 2024"",""accessedDate"":""2026-10-08"",""inputPath"":""data/raw/public/owid-lpi-2024.csv"",""inputSha256"":""9764f5f4f9c9ff855090a34ba218b02d7878922eec485e7b42d497ce5b8b3f25"",""rowNumber"":121,""jsonPointer"":null,""locator"":""OWID lpi_final, ci_low, ci_high; conversionFactor=100; 2024 source edition"",""originalUnit"":""index-1970-100"",""originalValue"":""121.60263"",""originalUncertainty"":{""ci_high"":""139.65985999999998"",""ci_low"":""105.53946"",""confidenceLevel"":null},""rawRecord"":{""ci_high"":""139.65985999999998"",""ci_low"":""105.53946"",""code"":"""",""entity"":""Europe and Central Asia"",""lpi_final"":""121.60263"",""year"":""1988""},""transformations"":[""Whitespace/NFC normalization; original row retained"",""Divide published 1970=100 index and bounds by 100; explicit metadata scale, not interpolation""]}]"
lpi-2024-owid-europe-and-central-asia-1989-1989,lpi-2024-owid,OWID indicator 990513; updated 2024-09-30; snapshot 2026-10-08,LPR 2024,lpi-2024-owid-europe-and-central-asia,region,Europe and Central Asia,All,Monitored vertebrates,relative-index,index-1970-1,1970,1989,1989,1.2594025,source-bounds,1.0895715,1.4501836000000001,,Interval confidence level not verified in chart metadata,,2024-09-30,2026-10-08,2026-10-08,index-1970-100,125.94024999999999,"{""ci_high"":""145.01836"",""ci_low"":""108.95714999999998"",""confidenceLevel"":null}",CC-BY-SA-4.0,https://creativecommons.org/licenses/by-sa/4.0/,"ZSL/WWF, Living Planet Index; source edition and retrieval date; Our World in Data processing where applicable.",36b87bf96cf579f6bcf5e9b97157573e897de62e65c7829bb9b3b460017d670c,"[{""datasetId"":""lpi-2024-owid"",""datasetVersion"":""OWID indicator 990513; updated 2024-09-30; snapshot 2026-10-08"",""sourceId"":""owid-lpi-2024"",""sourceUrl"":""https://ourworldindata.org/grapher/global-living-planet-index"",""sourceDate"":""2024-09-30"",""sourceEdition"":""LPR 2024"",""accessedDate"":""2026-10-08"",""inputPath"":""data/raw/public/owid-lpi-2024.csv"",""inputSha256"":""9764f5f4f9c9ff855090a34ba218b02d7878922eec485e7b42d497ce5b8b3f25"",""rowNumber"":122,""jsonPointer"":null,""locator"":""OWID lpi_final, ci_low, ci_high; conversionFactor=100; 2024 source edition"",""originalUnit"":""index-1970-100"",""originalValue"":""125.94024999999999"",""originalUncertainty"":{""ci_high"":""145.01836"",""ci_low"":""108.95714999999998"",""confidenceLevel"":null},""rawRecord"":{""ci_high"":""145.01836"",""ci_low"":""108.95714999999998"",""code"":"""",""entity"":""Europe and Central Asia"",""lpi_final"":""125.94024999999999"",""year"":""1989""},""transformations"":[""Whitespace/NFC normalization; original row retained"",""Divide published 1970=100 index and bounds by 100; explicit metadata scale, not interpolation""]}]"
lpi-2024-owid-europe-and-central-asia-1990-1990,lpi-2024-owid,OWID indicator 990513; updated 2024-09-30; snapshot 2026-10-08,LPR 2024,lpi-2024-owid-europe-and-central-asia,region,Europe and Central Asia,All,Monitored vertebrates,relative-index,index-1970-1,1970,1990,1990,1.2822378,source-bounds,1.1060266,1.4794312,,Interval confidence level not verified in chart metadata,,2024-09-30,2026-10-08,2026-10-08,index-1970-100,128.22378,"{""ci_high"":""147.94312"",""ci_low"":""110.60266000000001"",""confidenceLevel"":null}",CC-BY-SA-4.0,https://creativecommons.org/licenses/by-sa/4.0/,"ZSL/WWF, Living Planet Index; source edition and retrieval date; Our World in Data processing where applicable.",36b87bf96cf579f6bcf5e9b97157573e897de62e65c7829bb9b3b460017d670c,"[{""datasetId"":""lpi-2024-owid"",""datasetVersion"":""OWID indicator 990513; updated 2024-09-30; snapshot 2026-10-08"",""sourceId"":""owid-lpi-2024"",""sourceUrl"":""https://ourworldindata.org/grapher/global-living-planet-index"",""sourceDate"":""2024-09-30"",""sourceEdition"":""LPR 2024"",""accessedDate"":""2026-10-08"",""inputPath"":""data/raw/public/owid-lpi-2024.csv"",""inputSha256"":""9764f5f4f9c9ff855090a34ba218b02d7878922eec485e7b42d497ce5b8b3f25"",""rowNumber"":123,""jsonPointer"":null,""locator"":""OWID lpi_final, ci_low, ci_high; conversionFactor=100; 2024 source edition"",""originalUnit"":""index-1970-100"",""originalValue"":""128.22378"",""originalUncertainty"":{""ci_high"":""147.94312"",""ci_low"":""110.60266000000001"",""confidenceLevel"":null},""rawRecord"":{""ci_high"":""147.94312"",""ci_low"":""110.60266000000001"",""code"":"""",""entity"":""Europe and Central Asia"",""lpi_final"":""128.22378"",""year"":""1990""},""transformations"":[""Whitespace/NFC normalization; original row retained"",""Divide published 1970=100 index and bounds by 100; explicit metadata scale, not interpolation""]}]"
lpi-2024-owid-europe-and-central-asia-1991-1991,lpi-2024-owid,OWID indicator 990513; updated 2024-09-30; snapshot 2026-10-08,LPR 2024,lpi-2024-owid-europe-and-central-asia,region,Europe and Central Asia,All,Monitored vertebrates,relative-index,index-1970-1,1970,1991,1991,1.2748061,source-bounds,1.0974529,1.4738420000000003,,Interval confidence level not verified in chart metadata,,2024-09-30,2026-10-08,2026-10-08,index-1970-100,127.48061,"{""ci_high"":""147.38420000000002"",""ci_low"":""109.74529"",""confidenceLevel"":null}",CC-BY-SA-4.0,https://creativecommons.org/licenses/by-sa/4.0/,"ZSL/WWF, Living Planet Index; source edition and retrieval date; Our World in Data processing where applicable.",36b87bf96cf579f6bcf5e9b97157573e897de62e65c7829bb9b3b460017d670c,"[{""datasetId"":""lpi-2024-owid"",""datasetVersion"":""OWID indicator 990513; updated 2024-09-30; snapshot 2026-10-08"",""sourceId"":""owid-lpi-2024"",""sourceUrl"":""https://ourworldindata.org/grapher/global-living-planet-index"",""sourceDate"":""2024-09-30"",""sourceEdition"":""LPR 2024"",""accessedDate"":""2026-10-08"",""inputPath"":""data/raw/public/owid-lpi-2024.csv"",""inputSha256"":""9764f5f4f9c9ff855090a34ba218b02d7878922eec485e7b42d497ce5b8b3f25"",""rowNumber"":124,""jsonPointer"":null,""locator"":""OWID lpi_final, ci_low, ci_high; conversionFactor=100; 2024 source edition"",""originalUnit"":""index-1970-100"",""originalValue"":""127.48061"",""originalUncertainty"":{""ci_high"":""147.38420000000002"",""ci_low"":""109.74529"",""confidenceLevel"":null},""rawRecord"":{""ci_high"":""147.38420000000002"",""ci_low"":""109.74529"",""code"":"""",""entity"":""Europe and Central Asia"",""lpi_final"":""127.48061"",""year"":""1991""},""transformations"":[""Whitespace/NFC normalization; original row retained"",""Divide published 1970=100 index and bounds by 100; explicit metadata scale, not interpolation""]}]"
lpi-2024-owid-europe-and-central-asia-1992-1992,lpi-2024-owid,OWID indicator 990513; updated 2024-09-30; snapshot 2026-10-08,LPR 2024,lpi-2024-owid-europe-and-central-asia,region,Europe and Central Asia,All,Monitored vertebrates,relative-index,index-1970-1,1970,1992,1992,1.2486655,source-bounds,1.0722907,1.4462768,,Interval confidence level not verified in chart metadata,,2024-09-30,2026-10-08,2026-10-08,index-1970-100,124.86655,"{""ci_high"":""144.62768"",""ci_low"":""107.22907"",""confidenceLevel"":null}",CC-BY-SA-4.0,https://creativecommons.org/licenses/by-sa/4.0/,"ZSL/WWF, Living Planet Index; source edition and retrieval date; Our World in Data processing where applicable.",36b87bf96cf579f6bcf5e9b97157573e897de62e65c7829bb9b3b460017d670c,"[{""datasetId"":""lpi-2024-owid"",""datasetVersion"":""OWID indicator 990513; updated 2024-09-30; snapshot 2026-10-08"",""sourceId"":""owid-lpi-2024"",""sourceUrl"":""https://ourworldindata.org/grapher/global-living-planet-index"",""sourceDate"":""2024-09-30"",""sourceEdition"":""LPR 2024"",""accessedDate"":""2026-10-08"",""inputPath"":""data/raw/public/owid-lpi-2024.csv"",""inputSha256"":""9764f5f4f9c9ff855090a34ba218b02d7878922eec485e7b42d497ce5b8b3f25"",""rowNumber"":125,""jsonPointer"":null,""locator"":""OWID lpi_final, ci_low, ci_high; conversionFactor=100; 2024 source edition"",""originalUnit"":""index-1970-100"",""originalValue"":""124.86655"",""originalUncertainty"":{""ci_high"":""144.62768"",""ci_low"":""107.22907"",""confidenceLevel"":null},""rawRecord"":{""ci_high"":""144.62768"",""ci_low"":""107.22907"",""code"":"""",""entity"":""Europe and Central Asia"",""lpi_final"":""124.86655"",""year"":""1992""},""transformations"":[""Whitespace/NFC normalization; original row retained"",""Divide published 1970=100 index and bounds by 100; explicit metadata scale, not interpolation""]}]"
lpi-2024-owid-europe-and-central-asia-1993-1993,lpi-2024-owid,OWID indicator 990513; updated 2024-09-30; snapshot 2026-10-08,LPR 2024,lpi-2024-owid-europe-and-central-asia,region,Europe and Central Asia,All,Monitored vertebrates,relative-index,index-1970-1,1970,1993,1993,1.2048862,source-bounds,1.0315471,1.3999493,,Interval confidence level not verified in chart metadata,,2024-09-30,2026-10-08,2026-10-08,index-1970-100,120.48862,"{""ci_high"":""139.99493"",""ci_low"":""103.15471000000001"",""confidenceLevel"":null}",CC-BY-SA-4.0,https://creativecommons.org/licenses/by-sa/4.0/,"ZSL/WWF, Living Planet Index; source edition and retrieval date; Our World in Data processing where applicable.",36b87bf96cf579f6bcf5e9b97157573e897de62e65c7829bb9b3b460017d670c,"[{""datasetId"":""lpi-2024-owid"",""datasetVersion"":""OWID indicator 990513; updated 2024-09-30; snapshot 2026-10-08"",""sourceId"":""owid-lpi-2024"",""sourceUrl"":""https://ourworldindata.org/grapher/global-living-planet-index"",""sourceDate"":""2024-09-30"",""sourceEdition"":""LPR 2024"",""accessedDate"":""2026-10-08"",""inputPath"":""data/raw/public/owid-lpi-2024.csv"",""inputSha256"":""9764f5f4f9c9ff855090a34ba218b02d7878922eec485e7b42d497ce5b8b3f25"",""rowNumber"":126,""jsonPointer"":null,""locator"":""OWID lpi_final, ci_low, ci_high; conversionFactor=100; 2024 source edition"",""originalUnit"":""index-1970-100"",""originalValue"":""120.48862"",""originalUncertainty"":{""ci_high"":""139.99493"",""ci_low"":""103.15471000000001"",""confidenceLevel"":null},""rawRecord"":{""ci_high"":""139.99493"",""ci_low"":""103.15471000000001"",""code"":"""",""entity"":""Europe and Central Asia"",""lpi_final"":""120.48862"",""year"":""1993""},""transformations"":[""Whitespace/NFC normalization; original row retained"",""Divide published 1970=100 index and bounds by 100; explicit metadata scale, not interpolation""]}]"
lpi-2024-owid-europe-and-central-asia-1994-1994,lpi-2024-owid,OWID indicator 990513; updated 2024-09-30; snapshot 2026-10-08,LPR 2024,lpi-2024-owid-europe-and-central-asia,region,Europe and Central Asia,All,Monitored vertebrates,relative-index,index-1970-1,1970,1994,1994,1.1575325,source-bounds,0.9867914000000001,1.3509934,,Interval confidence level not verified in chart metadata,,2024-09-30,2026-10-08,2026-10-08,index-1970-100,115.75325000000001,"{""ci_high"":""135.09933999999998"",""ci_low"":""98.67914"",""confidenceLevel"":null}",CC-BY-SA-4.0,https://creativecommons.org/licenses/by-sa/4.0/,"ZSL/WWF, Living Planet Index; source edition and retrieval date; Our World in Data processing where applicable.",36b87bf96cf579f6bcf5e9b97157573e897de62e65c7829bb9b3b460017d670c,"[{""datasetId"":""lpi-2024-owid"",""datasetVersion"":""OWID indicator 990513; updated 2024-09-30; snapshot 2026-10-08"",""sourceId"":""owid-lpi-2024"",""sourceUrl"":""https://ourworldindata.org/grapher/global-living-planet-index"",""sourceDate"":""2024-09-30"",""sourceEdition"":""LPR 2024"",""accessedDate"":""2026-10-08"",""inputPath"":""data/raw/public/owid-lpi-2024.csv"",""inputSha256"":""9764f5f4f9c9ff855090a34ba218b02d7878922eec485e7b42d497ce5b8b3f25"",""rowNumber"":127,""jsonPointer"":null,""locator"":""OWID lpi_final, ci_low, ci_high; conversionFactor=100; 2024 source edition"",""originalUnit"":""index-1970-100"",""originalValue"":""115.75325000000001"",""originalUncertainty"":{""ci_high"":""135.09933999999998"",""ci_low"":""98.67914"",""confidenceLevel"":null},""rawRecord"":{""ci_high"":""135.09933999999998"",""ci_low"":""98.67914"",""code"":"""",""entity"":""Europe and Central Asia"",""lpi_final"":""115.75325000000001"",""year"":""1994""},""transformations"":[""Whitespace/NFC normalization; original row retained"",""Divide published 1970=100 index and bounds by 100; explicit metadata scale, not interpolation""]}]"
lpi-2024-owid-europe-and-central-asia-1995-1995,lpi-2024-owid,OWID indicator 990513; updated 2024-09-30; snapshot 2026-10-08,LPR 2024,lpi-2024-owid-europe-and-central-asia,region,Europe and Central Asia,All,Monitored vertebrates,relative-index,index-1970-1,1970,1995,1995,1.1152333,source-bounds,0.9456682,1.309034,,Interval confidence level not verified in chart metadata,,2024-09-30,2026-10-08,2026-10-08,index-1970-100,111.52333000000002,"{""ci_high"":""130.9034"",""ci_low"":""94.56681999999999"",""confidenceLevel"":null}",CC-BY-SA-4.0,https://creativecommons.org/licenses/by-sa/4.0/,"ZSL/WWF, Living Planet Index; source edition and retrieval date; Our World in Data processing where applicable.",36b87bf96cf579f6bcf5e9b97157573e897de62e65c7829bb9b3b460017d670c,"[{""datasetId"":""lpi-2024-owid"",""datasetVersion"":""OWID indicator 990513; updated 2024-09-30; snapshot 2026-10-08"",""sourceId"":""owid-lpi-2024"",""sourceUrl"":""https://ourworldindata.org/grapher/global-living-planet-index"",""sourceDate"":""2024-09-30"",""sourceEdition"":""LPR 2024"",""accessedDate"":""2026-10-08"",""inputPath"":""data/raw/public/owid-lpi-2024.csv"",""inputSha256"":""9764f5f4f9c9ff855090a34ba218b02d7878922eec485e7b42d497ce5b8b3f25"",""rowNumber"":128,""jsonPointer"":null,""locator"":""OWID lpi_final, ci_low, ci_high; conversionFactor=100; 2024 source edition"",""originalUnit"":""index-1970-100"",""originalValue"":""111.52333000000002"",""originalUncertainty"":{""ci_high"":""130.9034"",""ci_low"":""94.56681999999999"",""confidenceLevel"":null},""rawRecord"":{""ci_high"":""130.9034"",""ci_low"":""94.56681999999999"",""code"":"""",""entity"":""Europe and Central Asia"",""lpi_final"":""111.52333000000002"",""year"":""1995""},""transformations"":[""Whitespace/NFC normalization; original row retained"",""Divide published 1970=100 index and bounds by 100; explicit metadata scale, not interpolation""]}]"
lpi-2024-owid-europe-and-central-asia-1996-1996,lpi-2024-owid,OWID indicator 990513; updated 2024-09-30; snapshot 2026-10-08,LPR 2024,lpi-2024-owid-europe-and-central-asia,region,Europe and Central Asia,All,Monitored vertebrates,relative-index,index-1970-1,1970,1996,1996,1.0780377,source-bounds,0.9097908,1.270404,,Interval confidence level not verified in chart metadata,,2024-09-30,2026-10-08,2026-10-08,index-1970-100,107.80377000000001,"{""ci_high"":""127.0404"",""ci_low"":""90.97908"",""confidenceLevel"":null}",CC-BY-SA-4.0,https://creativecommons.org/licenses/by-sa/4.0/,"ZSL/WWF, Living Planet Index; source edition and retrieval date; Our World in Data processing where applicable.",36b87bf96cf579f6bcf5e9b97157573e897de62e65c7829bb9b3b460017d670c,"[{""datasetId"":""lpi-2024-owid"",""datasetVersion"":""OWID indicator 990513; updated 2024-09-30; snapshot 2026-10-08"",""sourceId"":""owid-lpi-2024"",""sourceUrl"":""https://ourworldindata.org/grapher/global-living-planet-index"",""sourceDate"":""2024-09-30"",""sourceEdition"":""LPR 2024"",""accessedDate"":""2026-10-08"",""inputPath"":""data/raw/public/owid-lpi-2024.csv"",""inputSha256"":""9764f5f4f9c9ff855090a34ba218b02d7878922eec485e7b42d497ce5b8b3f25"",""rowNumber"":129,""jsonPointer"":null,""locator"":""OWID lpi_final, ci_low, ci_high; conversionFactor=100; 2024 source edition"",""originalUnit"":""index-1970-100"",""originalValue"":""107.80377000000001"",""originalUncertainty"":{""ci_high"":""127.0404"",""ci_low"":""90.97908"",""confidenceLevel"":null},""rawRecord"":{""ci_high"":""127.0404"",""ci_low"":""90.97908"",""code"":"""",""entity"":""Europe and Central Asia"",""lpi_final"":""107.80377000000001"",""year"":""1996""},""transformations"":[""Whitespace/NFC normalization; original row retained"",""Divide published 1970=100 index and bounds by 100; explicit metadata scale, not interpolation""]}]"
lpi-2024-owid-europe-and-central-asia-1997-1997,lpi-2024-owid,OWID indicator 990513; updated 2024-09-30; snapshot 2026-10-08,LPR 2024,lpi-2024-owid-europe-and-central-asia,region,Europe and Central Asia,All,Monitored vertebrates,relative-index,index-1970-1,1970,1997,1997,1.0513825,source-bounds,0.88375956,1.2427694,,Interval confidence level not verified in chart metadata,,2024-09-30,2026-10-08,2026-10-08,index-1970-100,105.13825000000001,"{""ci_high"":""124.27694"",""ci_low"":""88.375956"",""confidenceLevel"":null}",CC-BY-SA-4.0,https://creativecommons.org/licenses/by-sa/4.0/,"ZSL/WWF, Living Planet Index; source edition and retrieval date; Our World in Data processing where applicable.",36b87bf96cf579f6bcf5e9b97157573e897de62e65c7829bb9b3b460017d670c,"[{""datasetId"":""lpi-2024-owid"",""datasetVersion"":""OWID indicator 990513; updated 2024-09-30; snapshot 2026-10-08"",""sourceId"":""owid-lpi-2024"",""sourceUrl"":""https://ourworldindata.org/grapher/global-living-planet-index"",""sourceDate"":""2024-09-30"",""sourceEdition"":""LPR 2024"",""accessedDate"":""2026-10-08"",""inputPath"":""data/raw/public/owid-lpi-2024.csv"",""inputSha256"":""9764f5f4f9c9ff855090a34ba218b02d7878922eec485e7b42d497ce5b8b3f25"",""rowNumber"":130,""jsonPointer"":null,""locator"":""OWID lpi_final, ci_low, ci_high; conversionFactor=100; 2024 source edition"",""originalUnit"":""index-1970-100"",""originalValue"":""105.13825000000001"",""originalUncertainty"":{""ci_high"":""124.27694"",""ci_low"":""88.375956"",""confidenceLevel"":null},""rawRecord"":{""ci_high"":""124.27694"",""ci_low"":""88.375956"",""code"":"""",""entity"":""Europe and Central Asia"",""lpi_final"":""105.13825000000001"",""year"":""1997""},""transformations"":[""Whitespace/NFC normalization; original row retained"",""Divide published 1970=100 index and bounds by 100; explicit metadata scale, not interpolation""]}]"
lpi-2024-owid-europe-and-central-asia-1998-1998,lpi-2024-owid,OWID indicator 990513; updated 2024-09-30; snapshot 2026-10-08,LPR 2024,lpi-2024-owid-europe-and-central-asia,region,Europe and Central Asia,All,Monitored vertebrates,relative-index,index-1970-1,1970,1998,1998,1.0220506,source-bounds,0.8568647500000001,1.2116762,,Interval confidence level not verified in chart metadata,,2024-09-30,2026-10-08,2026-10-08,index-1970-100,102.20506,"{""ci_high"":""121.16762000000001"",""ci_low"":""85.686475"",""confidenceLevel"":null}",CC-BY-SA-4.0,https://creativecommons.org/licenses/by-sa/4.0/,"ZSL/WWF, Living Planet Index; source edition and retrieval date; Our World in Data processing where applicable.",36b87bf96cf579f6bcf5e9b97157573e897de62e65c7829bb9b3b460017d670c,"[{""datasetId"":""lpi-2024-owid"",""datasetVersion"":""OWID indicator 990513; updated 2024-09-30; snapshot 2026-10-08"",""sourceId"":""owid-lpi-2024"",""sourceUrl"":""https://ourworldindata.org/grapher/global-living-planet-index"",""sourceDate"":""2024-09-30"",""sourceEdition"":""LPR 2024"",""accessedDate"":""2026-10-08"",""inputPath"":""data/raw/public/owid-lpi-2024.csv"",""inputSha256"":""9764f5f4f9c9ff855090a34ba218b02d7878922eec485e7b42d497ce5b8b3f25"",""rowNumber"":131,""jsonPointer"":null,""locator"":""OWID lpi_final, ci_low, ci_high; conversionFactor=100; 2024 source edition"",""originalUnit"":""index-1970-100"",""originalValue"":""102.20506"",""originalUncertainty"":{""ci_high"":""121.16762000000001"",""ci_low"":""85.686475"",""confidenceLevel"":null},""rawRecord"":{""ci_high"":""121.16762000000001"",""ci_low"":""85.686475"",""code"":"""",""entity"":""Europe and Central Asia"",""lpi_final"":""102.20506"",""year"":""1998""},""transformations"":[""Whitespace/NFC normalization; original row retained"",""Divide published 1970=100 index and bounds by 100; explicit metadata scale, not interpolation""]}]"
lpi-2024-owid-europe-and-central-asia-1999-1999,lpi-2024-owid,OWID indicator 990513; updated 2024-09-30; snapshot 2026-10-08,LPR 2024,lpi-2024-owid-europe-and-central-asia,region,Europe and Central Asia,All,Monitored vertebrates,relative-index,index-1970-1,1970,1999,1999,0.9969385,source-bounds,0.8339102,1.1867052,,Interval confidence level not verified in chart metadata,,2024-09-30,2026-10-08,2026-10-08,index-1970-100,99.69385,"{""ci_high"":""118.67052"",""ci_low"":""83.39102"",""confidenceLevel"":null}",CC-BY-SA-4.0,https://creativecommons.org/licenses/by-sa/4.0/,"ZSL/WWF, Living Planet Index; source edition and retrieval date; Our World in Data processing where applicable.",36b87bf96cf579f6bcf5e9b97157573e897de62e65c7829bb9b3b460017d670c,"[{""datasetId"":""lpi-2024-owid"",""datasetVersion"":""OWID indicator 990513; updated 2024-09-30; snapshot 2026-10-08"",""sourceId"":""owid-lpi-2024"",""sourceUrl"":""https://ourworldindata.org/grapher/global-living-planet-index"",""sourceDate"":""2024-09-30"",""sourceEdition"":""LPR 2024"",""accessedDate"":""2026-10-08"",""inputPath"":""data/raw/public/owid-lpi-2024.csv"",""inputSha256"":""9764f5f4f9c9ff855090a34ba218b02d7878922eec485e7b42d497ce5b8b3f25"",""rowNumber"":132,""jsonPointer"":null,""locator"":""OWID lpi_final, ci_low, ci_high; conversionFactor=100; 2024 source edition"",""originalUnit"":""index-1970-100"",""originalValue"":""99.69385"",""originalUncertainty"":{""ci_high"":""118.67052"",""ci_low"":""83.39102"",""confidenceLevel"":null},""rawRecord"":{""ci_high"":""118.67052"",""ci_low"":""83.39102"",""code"":"""",""entity"":""Europe and Central Asia"",""lpi_final"":""99.69385"",""year"":""1999""},""transformations"":[""Whitespace/NFC normalization; original row retained"",""Divide published 1970=100 index and bounds by 100; explicit metadata scale, not interpolation""]}]"
lpi-2024-owid-europe-and-central-asia-2000-2000,lpi-2024-owid,OWID indicator 990513; updated 2024-09-30; snapshot 2026-10-08,LPR 2024,lpi-2024-owid-europe-and-central-asia,region,Europe and Central Asia,All,Monitored vertebrates,relative-index,index-1970-1,1970,2000,2000,0.9726542000000001,source-bounds,0.8117603700000001,1.1614734,,Interval confidence level not verified in chart metadata,,2024-09-30,2026-10-08,2026-10-08,index-1970-100,97.26542,"{""ci_high"":""116.14734"",""ci_low"":""81.17603700000001"",""confidenceLevel"":null}",CC-BY-SA-4.0,https://creativecommons.org/licenses/by-sa/4.0/,"ZSL/WWF, Living Planet Index; source edition and retrieval date; Our World in Data processing where applicable.",36b87bf96cf579f6bcf5e9b97157573e897de62e65c7829bb9b3b460017d670c,"[{""datasetId"":""lpi-2024-owid"",""datasetVersion"":""OWID indicator 990513; updated 2024-09-30; snapshot 2026-10-08"",""sourceId"":""owid-lpi-2024"",""sourceUrl"":""https://ourworldindata.org/grapher/global-living-planet-index"",""sourceDate"":""2024-09-30"",""sourceEdition"":""LPR 2024"",""accessedDate"":""2026-10-08"",""inputPath"":""data/raw/public/owid-lpi-2024.csv"",""inputSha256"":""9764f5f4f9c9ff855090a34ba218b02d7878922eec485e7b42d497ce5b8b3f25"",""rowNumber"":133,""jsonPointer"":null,""locator"":""OWID lpi_final, ci_low, ci_high; conversionFactor=100; 2024 source edition"",""originalUnit"":""index-1970-100"",""originalValue"":""97.26542"",""originalUncertainty"":{""ci_high"":""116.14734"",""ci_low"":""81.17603700000001"",""confidenceLevel"":null},""rawRecord"":{""ci_high"":""116.14734"",""ci_low"":""81.17603700000001"",""code"":"""",""entity"":""Europe and Central Asia"",""lpi_final"":""97.26542"",""year"":""2000""},""transformations"":[""Whitespace/NFC normalization; original row retained"",""Divide published 1970=100 index and bounds by 100; explicit metadata scale, not interpolation""]}]"
lpi-2024-owid-europe-and-central-asia-2001-2001,lpi-2024-owid,OWID indicator 990513; updated 2024-09-30; snapshot 2026-10-08,LPR 2024,lpi-2024-owid-europe-and-central-asia,region,Europe and Central Asia,All,Monitored vertebrates,relative-index,index-1970-1,1970,2001,2001,0.94505,source-bounds,0.7862312,1.1329645,,Interval confidence level not verified in chart metadata,,2024-09-30,2026-10-08,2026-10-08,index-1970-100,94.505,"{""ci_high"":""113.29645"",""ci_low"":""78.62312"",""confidenceLevel"":null}",CC-BY-SA-4.0,https://creativecommons.org/licenses/by-sa/4.0/,"ZSL/WWF, Living Planet Index; source edition and retrieval date; Our World in Data processing where applicable.",36b87bf96cf579f6bcf5e9b97157573e897de62e65c7829bb9b3b460017d670c,"[{""datasetId"":""lpi-2024-owid"",""datasetVersion"":""OWID indicator 990513; updated 2024-09-30; snapshot 2026-10-08"",""sourceId"":""owid-lpi-2024"",""sourceUrl"":""https://ourworldindata.org/grapher/global-living-planet-index"",""sourceDate"":""2024-09-30"",""sourceEdition"":""LPR 2024"",""accessedDate"":""2026-10-08"",""inputPath"":""data/raw/public/owid-lpi-2024.csv"",""inputSha256"":""9764f5f4f9c9ff855090a34ba218b02d7878922eec485e7b42d497ce5b8b3f25"",""rowNumber"":134,""jsonPointer"":null,""locator"":""OWID lpi_final, ci_low, ci_high; conversionFactor=100; 2024 source edition"",""originalUnit"":""index-1970-100"",""originalValue"":""94.505"",""originalUncertainty"":{""ci_high"":""113.29645"",""ci_low"":""78.62312"",""confidenceLevel"":null},""rawRecord"":{""ci_high"":""113.29645"",""ci_low"":""78.62312"",""code"":"""",""entity"":""Europe and Central Asia"",""lpi_final"":""94.505"",""year"":""2001""},""transformations"":[""Whitespace/NFC normalization; original row retained"",""Divide published 1970=100 index and bounds by 100; explicit metadata scale, not interpolation""]}]"
lpi-2024-owid-europe-and-central-asia-2002-2002,lpi-2024-owid,OWID indicator 990513; updated 2024-09-30; snapshot 2026-10-08,LPR 2024,lpi-2024-owid-europe-and-central-asia,region,Europe and Central Asia,All,Monitored vertebrates,relative-index,index-1970-1,1970,2002,2002,0.922821,source-bounds,0.7641425,1.1108717,,Interval confidence level not verified in chart metadata,,2024-09-30,2026-10-08,2026-10-08,index-1970-100,92.2821,"{""ci_high"":""111.08716999999999"",""ci_low"":""76.41425"",""confidenceLevel"":null}",CC-BY-SA-4.0,https://creativecommons.org/licenses/by-sa/4.0/,"ZSL/WWF, Living Planet Index; source edition and retrieval date; Our World in Data processing where applicable.",36b87bf96cf579f6bcf5e9b97157573e897de62e65c7829bb9b3b460017d670c,"[{""datasetId"":""lpi-2024-owid"",""datasetVersion"":""OWID indicator 990513; updated 2024-09-30; snapshot 2026-10-08"",""sourceId"":""owid-lpi-2024"",""sourceUrl"":""https://ourworldindata.org/grapher/global-living-planet-index"",""sourceDate"":""2024-09-30"",""sourceEdition"":""LPR 2024"",""accessedDate"":""2026-10-08"",""inputPath"":""data/raw/public/owid-lpi-2024.csv"",""inputSha256"":""9764f5f4f9c9ff855090a34ba218b02d7878922eec485e7b42d497ce5b8b3f25"",""rowNumber"":135,""jsonPointer"":null,""locator"":""OWID lpi_final, ci_low, ci_high; conversionFactor=100; 2024 source edition"",""originalUnit"":""index-1970-100"",""originalValue"":""92.2821"",""originalUncertainty"":{""ci_high"":""111.08716999999999"",""ci_low"":""76.41425"",""confidenceLevel"":null},""rawRecord"":{""ci_high"":""111.08716999999999"",""ci_low"":""76.41425"",""code"":"""",""entity"":""Europe and Central Asia"",""lpi_final"":""92.2821"",""year"":""2002""},""transformations"":[""Whitespace/NFC normalization; original row retained"",""Divide published 1970=100 index and bounds by 100; explicit metadata scale, not interpolation""]}]"
lpi-2024-owid-europe-and-central-asia-2003-2003,lpi-2024-owid,OWID indicator 990513; updated 2024-09-30; snapshot 2026-10-08,LPR 2024,lpi-2024-owid-europe-and-central-asia,region,Europe and Central Asia,All,Monitored vertebrates,relative-index,index-1970-1,1970,2003,2003,0.9027464,source-bounds,0.7446172,1.0919391,,Interval confidence level not verified in chart metadata,,2024-09-30,2026-10-08,2026-10-08,index-1970-100,90.27463999999999,"{""ci_high"":""109.19391"",""ci_low"":""74.46172"",""confidenceLevel"":null}",CC-BY-SA-4.0,https://creativecommons.org/licenses/by-sa/4.0/,"ZSL/WWF, Living Planet Index; source edition and retrieval date; Our World in Data processing where applicable.",36b87bf96cf579f6bcf5e9b97157573e897de62e65c7829bb9b3b460017d670c,"[{""datasetId"":""lpi-2024-owid"",""datasetVersion"":""OWID indicator 990513; updated 2024-09-30; snapshot 2026-10-08"",""sourceId"":""owid-lpi-2024"",""sourceUrl"":""https://ourworldindata.org/grapher/global-living-planet-index"",""sourceDate"":""2024-09-30"",""sourceEdition"":""LPR 2024"",""accessedDate"":""2026-10-08"",""inputPath"":""data/raw/public/owid-lpi-2024.csv"",""inputSha256"":""9764f5f4f9c9ff855090a34ba218b02d7878922eec485e7b42d497ce5b8b3f25"",""rowNumber"":136,""jsonPointer"":null,""locator"":""OWID lpi_final, ci_low, ci_high; conversionFactor=100; 2024 source edition"",""originalUnit"":""index-1970-100"",""originalValue"":""90.27463999999999"",""originalUncertainty"":{""ci_high"":""109.19391"",""ci_low"":""74.46172"",""confidenceLevel"":null},""rawRecord"":{""ci_high"":""109.19391"",""ci_low"":""74.46172"",""code"":"""",""entity"":""Europe and Central Asia"",""lpi_final"":""90.27463999999999"",""year"":""2003""},""transformations"":[""Whitespace/NFC normalization; original row retained"",""Divide published 1970=100 index and bounds by 100; explicit metadata scale, not interpolation""]}]"
lpi-2024-owid-europe-and-central-asia-2004-2004,lpi-2024-owid,OWID indicator 990513; updated 2024-09-30; snapshot 2026-10-08,LPR 2024,lpi-2024-owid-europe-and-central-asia,region,Europe and Central Asia,All,Monitored vertebrates,relative-index,index-1970-1,1970,2004,2004,0.8925808,source-bounds,0.7340644,1.0836537,,Interval confidence level not verified in chart metadata,,2024-09-30,2026-10-08,2026-10-08,index-1970-100,89.25807999999999,"{""ci_high"":""108.36537"",""ci_low"":""73.40643999999999"",""confidenceLevel"":null}",CC-BY-SA-4.0,https://creativecommons.org/licenses/by-sa/4.0/,"ZSL/WWF, Living Planet Index; source edition and retrieval date; Our World in Data processing where applicable.",36b87bf96cf579f6bcf5e9b97157573e897de62e65c7829bb9b3b460017d670c,"[{""datasetId"":""lpi-2024-owid"",""datasetVersion"":""OWID indicator 990513; updated 2024-09-30; snapshot 2026-10-08"",""sourceId"":""owid-lpi-2024"",""sourceUrl"":""https://ourworldindata.org/grapher/global-living-planet-index"",""sourceDate"":""2024-09-30"",""sourceEdition"":""LPR 2024"",""accessedDate"":""2026-10-08"",""inputPath"":""data/raw/public/owid-lpi-2024.csv"",""inputSha256"":""9764f5f4f9c9ff855090a34ba218b02d7878922eec485e7b42d497ce5b8b3f25"",""rowNumber"":137,""jsonPointer"":null,""locator"":""OWID lpi_final, ci_low, ci_high; conversionFactor=100; 2024 source edition"",""originalUnit"":""index-1970-100"",""originalValue"":""89.25807999999999"",""originalUncertainty"":{""ci_high"":""108.36537"",""ci_low"":""73.40643999999999"",""confidenceLevel"":null},""rawRecord"":{""ci_high"":""108.36537"",""ci_low"":""73.40643999999999"",""code"":"""",""entity"":""Europe and Central Asia"",""lpi_final"":""89.25807999999999"",""year"":""2004""},""transformations"":[""Whitespace/NFC normalization; original row retained"",""Divide published 1970=100 index and bounds by 100; explicit metadata scale, not interpolation""]}]"
lpi-2024-owid-europe-and-central-asia-2005-2005,lpi-2024-owid,OWID indicator 990513; updated 2024-09-30; snapshot 2026-10-08,LPR 2024,lpi-2024-owid-europe-and-central-asia,region,Europe and Central Asia,All,Monitored vertebrates,relative-index,index-1970-1,1970,2005,2005,0.8855370000000001,source-bounds,0.72660047,1.0781058,,Interval confidence level not verified in chart metadata,,2024-09-30,2026-10-08,2026-10-08,index-1970-100,88.5537,"{""ci_high"":""107.81057999999999"",""ci_low"":""72.660047"",""confidenceLevel"":null}",CC-BY-SA-4.0,https://creativecommons.org/licenses/by-sa/4.0/,"ZSL/WWF, Living Planet Index; source edition and retrieval date; Our World in Data processing where applicable.",36b87bf96cf579f6bcf5e9b97157573e897de62e65c7829bb9b3b460017d670c,"[{""datasetId"":""lpi-2024-owid"",""datasetVersion"":""OWID indicator 990513; updated 2024-09-30; snapshot 2026-10-08"",""sourceId"":""owid-lpi-2024"",""sourceUrl"":""https://ourworldindata.org/grapher/global-living-planet-index"",""sourceDate"":""2024-09-30"",""sourceEdition"":""LPR 2024"",""accessedDate"":""2026-10-08"",""inputPath"":""data/raw/public/owid-lpi-2024.csv"",""inputSha256"":""9764f5f4f9c9ff855090a34ba218b02d7878922eec485e7b42d497ce5b8b3f25"",""rowNumber"":138,""jsonPointer"":null,""locator"":""OWID lpi_final, ci_low, ci_high; conversionFactor=100; 2024 source edition"",""originalUnit"":""index-1970-100"",""originalValue"":""88.5537"",""originalUncertainty"":{""ci_high"":""107.81057999999999"",""ci_low"":""72.660047"",""confidenceLevel"":null},""rawRecord"":{""ci_high"":""107.81057999999999"",""ci_low"":""72.660047"",""code"":"""",""entity"":""Europe and Central Asia"",""lpi_final"":""88.5537"",""year"":""2005""},""transformations"":[""Whitespace/NFC normalization; original row retained"",""Divide published 1970=100 index and bounds by 100; explicit metadata scale, not interpolation""]}]"
lpi-2024-owid-europe-and-central-asia-2006-2006,lpi-2024-owid,OWID indicator 990513; updated 2024-09-30; snapshot 2026-10-08,LPR 2024,lpi-2024-owid-europe-and-central-asia,region,Europe and Central Asia,All,Monitored vertebrates,relative-index,index-1970-1,1970,2006,2006,0.8797756,source-bounds,0.7197301400000001,1.0738158,,Interval confidence level not verified in chart metadata,,2024-09-30,2026-10-08,2026-10-08,index-1970-100,87.97756,"{""ci_high"":""107.38158"",""ci_low"":""71.973014"",""confidenceLevel"":null}",CC-BY-SA-4.0,https://creativecommons.org/licenses/by-sa/4.0/,"ZSL/WWF, Living Planet Index; source edition and retrieval date; Our World in Data processing where applicable.",36b87bf96cf579f6bcf5e9b97157573e897de62e65c7829bb9b3b460017d670c,"[{""datasetId"":""lpi-2024-owid"",""datasetVersion"":""OWID indicator 990513; updated 2024-09-30; snapshot 2026-10-08"",""sourceId"":""owid-lpi-2024"",""sourceUrl"":""https://ourworldindata.org/grapher/global-living-planet-index"",""sourceDate"":""2024-09-30"",""sourceEdition"":""LPR 2024"",""accessedDate"":""2026-10-08"",""inputPath"":""data/raw/public/owid-lpi-2024.csv"",""inputSha256"":""9764f5f4f9c9ff855090a34ba218b02d7878922eec485e7b42d497ce5b8b3f25"",""rowNumber"":139,""jsonPointer"":null,""locator"":""OWID lpi_final, ci_low, ci_high; conversionFactor=100; 2024 source edition"",""originalUnit"":""index-1970-100"",""originalValue"":""87.97756"",""originalUncertainty"":{""ci_high"":""107.38158"",""ci_low"":""71.973014"",""confidenceLevel"":null},""rawRecord"":{""ci_high"":""107.38158"",""ci_low"":""71.973014"",""code"":"""",""entity"":""Europe and Central Asia"",""lpi_final"":""87.97756"",""year"":""2006""},""transformations"":[""Whitespace/NFC normalization; original row retained"",""Divide published 1970=100 index and bounds by 100; explicit metadata scale, not interpolation""]}]"
lpi-2024-owid-europe-and-central-asia-2007-2007,lpi-2024-owid,OWID indicator 990513; updated 2024-09-30; snapshot 2026-10-08,LPR 2024,lpi-2024-owid-europe-and-central-asia,region,Europe and Central Asia,All,Monitored vertebrates,relative-index,index-1970-1,1970,2007,2007,0.87366354,source-bounds,0.7122780000000001,1.0692914,,Interval confidence level not verified in chart metadata,,2024-09-30,2026-10-08,2026-10-08,index-1970-100,87.366354,"{""ci_high"":""106.92914"",""ci_low"":""71.2278"",""confidenceLevel"":null}",CC-BY-SA-4.0,https://creativecommons.org/licenses/by-sa/4.0/,"ZSL/WWF, Living Planet Index; source edition and retrieval date; Our World in Data processing where applicable.",36b87bf96cf579f6bcf5e9b97157573e897de62e65c7829bb9b3b460017d670c,"[{""datasetId"":""lpi-2024-owid"",""datasetVersion"":""OWID indicator 990513; updated 2024-09-30; snapshot 2026-10-08"",""sourceId"":""owid-lpi-2024"",""sourceUrl"":""https://ourworldindata.org/grapher/global-living-planet-index"",""sourceDate"":""2024-09-30"",""sourceEdition"":""LPR 2024"",""accessedDate"":""2026-10-08"",""inputPath"":""data/raw/public/owid-lpi-2024.csv"",""inputSha256"":""9764f5f4f9c9ff855090a34ba218b02d7878922eec485e7b42d497ce5b8b3f25"",""rowNumber"":140,""jsonPointer"":null,""locator"":""OWID lpi_final, ci_low, ci_high; conversionFactor=100; 2024 source edition"",""originalUnit"":""index-1970-100"",""originalValue"":""87.366354"",""originalUncertainty"":{""ci_high"":""106.92914"",""ci_low"":""71.2278"",""confidenceLevel"":null},""rawRecord"":{""ci_high"":""106.92914"",""ci_low"":""71.2278"",""code"":"""",""entity"":""Europe and Central Asia"",""lpi_final"":""87.366354"",""year"":""2007""},""transformations"":[""Whitespace/NFC normalization; original row retained"",""Divide published 1970=100 index and bounds by 100; explicit metadata scale, not interpolation""]}]"
lpi-2024-owid-europe-and-central-asia-2008-2008,lpi-2024-owid,OWID indicator 990513; updated 2024-09-30; snapshot 2026-10-08,LPR 2024,lpi-2024-owid-europe-and-central-asia,region,Europe and Central Asia,All,Monitored vertebrates,relative-index,index-1970-1,1970,2008,2008,0.86272573,source-bounds,0.69788,1.0628055,,Interval confidence level not verified in chart metadata,,2024-09-30,2026-10-08,2026-10-08,index-1970-100,86.272573,"{""ci_high"":""106.28055"",""ci_low"":""69.788"",""confidenceLevel"":null}",CC-BY-SA-4.0,https://creativecommons.org/licenses/by-sa/4.0/,"ZSL/WWF, Living Planet Index; source edition and retrieval date; Our World in Data processing where applicable.",36b87bf96cf579f6bcf5e9b97157573e897de62e65c7829bb9b3b460017d670c,"[{""datasetId"":""lpi-2024-owid"",""datasetVersion"":""OWID indicator 990513; updated 2024-09-30; snapshot 2026-10-08"",""sourceId"":""owid-lpi-2024"",""sourceUrl"":""https://ourworldindata.org/grapher/global-living-planet-index"",""sourceDate"":""2024-09-30"",""sourceEdition"":""LPR 2024"",""accessedDate"":""2026-10-08"",""inputPath"":""data/raw/public/owid-lpi-2024.csv"",""inputSha256"":""9764f5f4f9c9ff855090a34ba218b02d7878922eec485e7b42d497ce5b8b3f25"",""rowNumber"":141,""jsonPointer"":null,""locator"":""OWID lpi_final, ci_low, ci_high; conversionFactor=100; 2024 source edition"",""originalUnit"":""index-1970-100"",""originalValue"":""86.272573"",""originalUncertainty"":{""ci_high"":""106.28055"",""ci_low"":""69.788"",""confidenceLevel"":null},""rawRecord"":{""ci_high"":""106.28055"",""ci_low"":""69.788"",""code"":"""",""entity"":""Europe and Central Asia"",""lpi_final"":""86.272573"",""year"":""2008""},""transformations"":[""Whitespace/NFC normalization; original row retained"",""Divide published 1970=100 index and bounds by 100; explicit metadata scale, not interpolation""]}]"
lpi-2024-owid-europe-and-central-asia-2009-2009,lpi-2024-owid,OWID indicator 990513; updated 2024-09-30; snapshot 2026-10-08,LPR 2024,lpi-2024-owid-europe-and-central-asia,region,Europe and Central Asia,All,Monitored vertebrates,relative-index,index-1970-1,1970,2009,2009,0.85772467,source-bounds,0.6856195000000002,1.0677669,,Interval confidence level not verified in chart metadata,,2024-09-30,2026-10-08,2026-10-08,index-1970-100,85.77246699999999,"{""ci_high"":""106.77669"",""ci_low"":""68.56195000000001"",""confidenceLevel"":null}",CC-BY-SA-4.0,https://creativecommons.org/licenses/by-sa/4.0/,"ZSL/WWF, Living Planet Index; source edition and retrieval date; Our World in Data processing where applicable.",36b87bf96cf579f6bcf5e9b97157573e897de62e65c7829bb9b3b460017d670c,"[{""datasetId"":""lpi-2024-owid"",""datasetVersion"":""OWID indicator 990513; updated 2024-09-30; snapshot 2026-10-08"",""sourceId"":""owid-lpi-2024"",""sourceUrl"":""https://ourworldindata.org/grapher/global-living-planet-index"",""sourceDate"":""2024-09-30"",""sourceEdition"":""LPR 2024"",""accessedDate"":""2026-10-08"",""inputPath"":""data/raw/public/owid-lpi-2024.csv"",""inputSha256"":""9764f5f4f9c9ff855090a34ba218b02d7878922eec485e7b42d497ce5b8b3f25"",""rowNumber"":142,""jsonPointer"":null,""locator"":""OWID lpi_final, ci_low, ci_high; conversionFactor=100; 2024 source edition"",""originalUnit"":""index-1970-100"",""originalValue"":""85.77246699999999"",""originalUncertainty"":{""ci_high"":""106.77669"",""ci_low"":""68.56195000000001"",""confidenceLevel"":null},""rawRecord"":{""ci_high"":""106.77669"",""ci_low"":""68.56195000000001"",""code"":"""",""entity"":""Europe and Central Asia"",""lpi_final"":""85.77246699999999"",""year"":""2009""},""transformations"":[""Whitespace/NFC normalization; original row retained"",""Divide published 1970=100 index and bounds by 100; explicit metadata scale, not interpolation""]}]"
lpi-2024-owid-europe-and-central-asia-2010-2010,lpi-2024-owid,OWID indicator 990513; updated 2024-09-30; snapshot 2026-10-08,LPR 2024,lpi-2024-owid-europe-and-central-asia,region,Europe and Central Asia,All,Monitored vertebrates,relative-index,index-1970-1,1970,2010,2010,0.85353625,source-bounds,0.6725879,1.0758275,,Interval confidence level not verified in chart metadata,,2024-09-30,2026-10-08,2026-10-08,index-1970-100,85.353625,"{""ci_high"":""107.58274999999999"",""ci_low"":""67.25879"",""confidenceLevel"":null}",CC-BY-SA-4.0,https://creativecommons.org/licenses/by-sa/4.0/,"ZSL/WWF, Living Planet Index; source edition and retrieval date; Our World in Data processing where applicable.",36b87bf96cf579f6bcf5e9b97157573e897de62e65c7829bb9b3b460017d670c,"[{""datasetId"":""lpi-2024-owid"",""datasetVersion"":""OWID indicator 990513; updated 2024-09-30; snapshot 2026-10-08"",""sourceId"":""owid-lpi-2024"",""sourceUrl"":""https://ourworldindata.org/grapher/global-living-planet-index"",""sourceDate"":""2024-09-30"",""sourceEdition"":""LPR 2024"",""accessedDate"":""2026-10-08"",""inputPath"":""data/raw/public/owid-lpi-2024.csv"",""inputSha256"":""9764f5f4f9c9ff855090a34ba218b02d7878922eec485e7b42d497ce5b8b3f25"",""rowNumber"":143,""jsonPointer"":null,""locator"":""OWID lpi_final, ci_low, ci_high; conversionFactor=100; 2024 source edition"",""originalUnit"":""index-1970-100"",""originalValue"":""85.353625"",""originalUncertainty"":{""ci_high"":""107.58274999999999"",""ci_low"":""67.25879"",""confidenceLevel"":null},""rawRecord"":{""ci_high"":""107.58274999999999"",""ci_low"":""67.25879"",""code"":"""",""entity"":""Europe and Central Asia"",""lpi_final"":""85.353625"",""year"":""2010""},""transformations"":[""Whitespace/NFC normalization; original row retained"",""Divide published 1970=100 index and bounds by 100; explicit metadata scale, not interpolation""]}]"
lpi-2024-owid-europe-and-central-asia-2011-2011,lpi-2024-owid,OWID indicator 990513; updated 2024-09-30; snapshot 2026-10-08,LPR 2024,lpi-2024-owid-europe-and-central-asia,region,Europe and Central Asia,All,Monitored vertebrates,relative-index,index-1970-1,1970,2011,2011,0.8181786,source-bounds,0.63790214,1.0450222,,Interval confidence level not verified in chart metadata,,2024-09-30,2026-10-08,2026-10-08,index-1970-100,81.81786,"{""ci_high"":""104.50222"",""ci_low"":""63.790214"",""confidenceLevel"":null}",CC-BY-SA-4.0,https://creativecommons.org/licenses/by-sa/4.0/,"ZSL/WWF, Living Planet Index; source edition and retrieval date; Our World in Data processing where applicable.",36b87bf96cf579f6bcf5e9b97157573e897de62e65c7829bb9b3b460017d670c,"[{""datasetId"":""lpi-2024-owid"",""datasetVersion"":""OWID indicator 990513; updated 2024-09-30; snapshot 2026-10-08"",""sourceId"":""owid-lpi-2024"",""sourceUrl"":""https://ourworldindata.org/grapher/global-living-planet-index"",""sourceDate"":""2024-09-30"",""sourceEdition"":""LPR 2024"",""accessedDate"":""2026-10-08"",""inputPath"":""data/raw/public/owid-lpi-2024.csv"",""inputSha256"":""9764f5f4f9c9ff855090a34ba218b02d7878922eec485e7b42d497ce5b8b3f25"",""rowNumber"":144,""jsonPointer"":null,""locator"":""OWID lpi_final, ci_low, ci_high; conversionFactor=100; 2024 source edition"",""originalUnit"":""index-1970-100"",""originalValue"":""81.81786"",""originalUncertainty"":{""ci_high"":""104.50222"",""ci_low"":""63.790214"",""confidenceLevel"":null},""rawRecord"":{""ci_high"":""104.50222"",""ci_low"":""63.790214"",""code"":"""",""entity"":""Europe and Central Asia"",""lpi_final"":""81.81786"",""year"":""2011""},""transformations"":[""Whitespace/NFC normalization; original row retained"",""Divide published 1970=100 index and bounds by 100; explicit metadata scale, not interpolation""]}]"
lpi-2024-owid-europe-and-central-asia-2012-2012,lpi-2024-owid,OWID indicator 990513; updated 2024-09-30; snapshot 2026-10-08,LPR 2024,lpi-2024-owid-europe-and-central-asia,region,Europe and Central Asia,All,Monitored vertebrates,relative-index,index-1970-1,1970,2012,2012,0.7698188,source-bounds,0.5936946,0.9968112000000001,,Interval confidence level not verified in chart metadata,,2024-09-30,2026-10-08,2026-10-08,index-1970-100,76.98188,"{""ci_high"":""99.68112"",""ci_low"":""59.36946"",""confidenceLevel"":null}",CC-BY-SA-4.0,https://creativecommons.org/licenses/by-sa/4.0/,"ZSL/WWF, Living Planet Index; source edition and retrieval date; Our World in Data processing where applicable.",36b87bf96cf579f6bcf5e9b97157573e897de62e65c7829bb9b3b460017d670c,"[{""datasetId"":""lpi-2024-owid"",""datasetVersion"":""OWID indicator 990513; updated 2024-09-30; snapshot 2026-10-08"",""sourceId"":""owid-lpi-2024"",""sourceUrl"":""https://ourworldindata.org/grapher/global-living-planet-index"",""sourceDate"":""2024-09-30"",""sourceEdition"":""LPR 2024"",""accessedDate"":""2026-10-08"",""inputPath"":""data/raw/public/owid-lpi-2024.csv"",""inputSha256"":""9764f5f4f9c9ff855090a34ba218b02d7878922eec485e7b42d497ce5b8b3f25"",""rowNumber"":145,""jsonPointer"":null,""locator"":""OWID lpi_final, ci_low, ci_high; conversionFactor=100; 2024 source edition"",""originalUnit"":""index-1970-100"",""originalValue"":""76.98188"",""originalUncertainty"":{""ci_high"":""99.68112"",""ci_low"":""59.36946"",""confidenceLevel"":null},""rawRecord"":{""ci_high"":""99.68112"",""ci_low"":""59.36946"",""code"":"""",""entity"":""Europe and Central Asia"",""lpi_final"":""76.98188"",""year"":""2012""},""transformations"":[""Whitespace/NFC normalization; original row retained"",""Divide published 1970=100 index and bounds by 100; explicit metadata scale, not interpolation""]}]"
lpi-2024-owid-europe-and-central-asia-2013-2013,lpi-2024-owid,OWID indicator 990513; updated 2024-09-30; snapshot 2026-10-08,LPR 2024,lpi-2024-owid-europe-and-central-asia,region,Europe and Central Asia,All,Monitored vertebrates,relative-index,index-1970-1,1970,2013,2013,0.7137844,source-bounds,0.5439569,0.93736774,,Interval confidence level not verified in chart metadata,,2024-09-30,2026-10-08,2026-10-08,index-1970-100,71.37844,"{""ci_high"":""93.736774"",""ci_low"":""54.395689999999995"",""confidenceLevel"":null}",CC-BY-SA-4.0,https://creativecommons.org/licenses/by-sa/4.0/,"ZSL/WWF, Living Planet Index; source edition and retrieval date; Our World in Data processing where applicable.",36b87bf96cf579f6bcf5e9b97157573e897de62e65c7829bb9b3b460017d670c,"[{""datasetId"":""lpi-2024-owid"",""datasetVersion"":""OWID indicator 990513; updated 2024-09-30; snapshot 2026-10-08"",""sourceId"":""owid-lpi-2024"",""sourceUrl"":""https://ourworldindata.org/grapher/global-living-planet-index"",""sourceDate"":""2024-09-30"",""sourceEdition"":""LPR 2024"",""accessedDate"":""2026-10-08"",""inputPath"":""data/raw/public/owid-lpi-2024.csv"",""inputSha256"":""9764f5f4f9c9ff855090a34ba218b02d7878922eec485e7b42d497ce5b8b3f25"",""rowNumber"":146,""jsonPointer"":null,""locator"":""OWID lpi_final, ci_low, ci_high; conversionFactor=100; 2024 source edition"",""originalUnit"":""index-1970-100"",""originalValue"":""71.37844"",""originalUncertainty"":{""ci_high"":""93.736774"",""ci_low"":""54.395689999999995"",""confidenceLevel"":null},""rawRecord"":{""ci_high"":""93.736774"",""ci_low"":""54.395689999999995"",""code"":"""",""entity"":""Europe and Central Asia"",""lpi_final"":""71.37844"",""year"":""2013""},""transformations"":[""Whitespace/NFC normalization; original row retained"",""Divide published 1970=100 index and bounds by 100; explicit metadata scale, not interpolation""]}]"
lpi-2024-owid-europe-and-central-asia-2014-2014,lpi-2024-owid,OWID indicator 990513; updated 2024-09-30; snapshot 2026-10-08,LPR 2024,lpi-2024-owid-europe-and-central-asia,region,Europe and Central Asia,All,Monitored vertebrates,relative-index,index-1970-1,1970,2014,2014,0.70045346,source-bounds,0.5258896,0.9374993,,Interval confidence level not verified in chart metadata,,2024-09-30,2026-10-08,2026-10-08,index-1970-100,70.045346,"{""ci_high"":""93.74993"",""ci_low"":""52.58895999999999"",""confidenceLevel"":null}",CC-BY-SA-4.0,https://creativecommons.org/licenses/by-sa/4.0/,"ZSL/WWF, Living Planet Index; source edition and retrieval date; Our World in Data processing where applicable.",36b87bf96cf579f6bcf5e9b97157573e897de62e65c7829bb9b3b460017d670c,"[{""datasetId"":""lpi-2024-owid"",""datasetVersion"":""OWID indicator 990513; updated 2024-09-30; snapshot 2026-10-08"",""sourceId"":""owid-lpi-2024"",""sourceUrl"":""https://ourworldindata.org/grapher/global-living-planet-index"",""sourceDate"":""2024-09-30"",""sourceEdition"":""LPR 2024"",""accessedDate"":""2026-10-08"",""inputPath"":""data/raw/public/owid-lpi-2024.csv"",""inputSha256"":""9764f5f4f9c9ff855090a34ba218b02d7878922eec485e7b42d497ce5b8b3f25"",""rowNumber"":147,""jsonPointer"":null,""locator"":""OWID lpi_final, ci_low, ci_high; conversionFactor=100; 2024 source edition"",""originalUnit"":""index-1970-100"",""originalValue"":""70.045346"",""originalUncertainty"":{""ci_high"":""93.74993"",""ci_low"":""52.58895999999999"",""confidenceLevel"":null},""rawRecord"":{""ci_high"":""93.74993"",""ci_low"":""52.58895999999999"",""code"":"""",""entity"":""Europe and Central Asia"",""lpi_final"":""70.045346"",""year"":""2014""},""transformations"":[""Whitespace/NFC normalization; original row retained"",""Divide published 1970=100 index and bounds by 100; explicit metadata scale, not interpolation""]}]"
lpi-2024-owid-europe-and-central-asia-2015-2015,lpi-2024-owid,OWID indicator 990513; updated 2024-09-30; snapshot 2026-10-08,LPR 2024,lpi-2024-owid-europe-and-central-asia,region,Europe and Central Asia,All,Monitored vertebrates,relative-index,index-1970-1,1970,2015,2015,0.6817219,source-bounds,0.50441563,0.9300437000000001,,Interval confidence level not verified in chart metadata,,2024-09-30,2026-10-08,2026-10-08,index-1970-100,68.17219,"{""ci_high"":""93.00437000000001"",""ci_low"":""50.441563"",""confidenceLevel"":null}",CC-BY-SA-4.0,https://creativecommons.org/licenses/by-sa/4.0/,"ZSL/WWF, Living Planet Index; source edition and retrieval date; Our World in Data processing where applicable.",36b87bf96cf579f6bcf5e9b97157573e897de62e65c7829bb9b3b460017d670c,"[{""datasetId"":""lpi-2024-owid"",""datasetVersion"":""OWID indicator 990513; updated 2024-09-30; snapshot 2026-10-08"",""sourceId"":""owid-lpi-2024"",""sourceUrl"":""https://ourworldindata.org/grapher/global-living-planet-index"",""sourceDate"":""2024-09-30"",""sourceEdition"":""LPR 2024"",""accessedDate"":""2026-10-08"",""inputPath"":""data/raw/public/owid-lpi-2024.csv"",""inputSha256"":""9764f5f4f9c9ff855090a34ba218b02d7878922eec485e7b42d497ce5b8b3f25"",""rowNumber"":148,""jsonPointer"":null,""locator"":""OWID lpi_final, ci_low, ci_high; conversionFactor=100; 2024 source edition"",""originalUnit"":""index-1970-100"",""originalValue"":""68.17219"",""originalUncertainty"":{""ci_high"":""93.00437000000001"",""ci_low"":""50.441563"",""confidenceLevel"":null},""rawRecord"":{""ci_high"":""93.00437000000001"",""ci_low"":""50.441563"",""code"":"""",""entity"":""Europe and Central Asia"",""lpi_final"":""68.17219"",""year"":""2015""},""transformations"":[""Whitespace/NFC normalization; original row retained"",""Divide published 1970=100 index and bounds by 100; explicit metadata scale, not interpolation""]}]"
lpi-2024-owid-europe-and-central-asia-2016-2016,lpi-2024-owid,OWID indicator 990513; updated 2024-09-30; snapshot 2026-10-08,LPR 2024,lpi-2024-owid-europe-and-central-asia,region,Europe and Central Asia,All,Monitored vertebrates,relative-index,index-1970-1,1970,2016,2016,0.6620193000000001,source-bounds,0.48377937,0.917909,,Interval confidence level not verified in chart metadata,,2024-09-30,2026-10-08,2026-10-08,index-1970-100,66.20193,"{""ci_high"":""91.7909"",""ci_low"":""48.377936999999996"",""confidenceLevel"":null}",CC-BY-SA-4.0,https://creativecommons.org/licenses/by-sa/4.0/,"ZSL/WWF, Living Planet Index; source edition and retrieval date; Our World in Data processing where applicable.",36b87bf96cf579f6bcf5e9b97157573e897de62e65c7829bb9b3b460017d670c,"[{""datasetId"":""lpi-2024-owid"",""datasetVersion"":""OWID indicator 990513; updated 2024-09-30; snapshot 2026-10-08"",""sourceId"":""owid-lpi-2024"",""sourceUrl"":""https://ourworldindata.org/grapher/global-living-planet-index"",""sourceDate"":""2024-09-30"",""sourceEdition"":""LPR 2024"",""accessedDate"":""2026-10-08"",""inputPath"":""data/raw/public/owid-lpi-2024.csv"",""inputSha256"":""9764f5f4f9c9ff855090a34ba218b02d7878922eec485e7b42d497ce5b8b3f25"",""rowNumber"":149,""jsonPointer"":null,""locator"":""OWID lpi_final, ci_low, ci_high; conversionFactor=100; 2024 source edition"",""originalUnit"":""index-1970-100"",""originalValue"":""66.20193"",""originalUncertainty"":{""ci_high"":""91.7909"",""ci_low"":""48.377936999999996"",""confidenceLevel"":null},""rawRecord"":{""ci_high"":""91.7909"",""ci_low"":""48.377936999999996"",""code"":"""",""entity"":""Europe and Central Asia"",""lpi_final"":""66.20193"",""year"":""2016""},""transformations"":[""Whitespace/NFC normalization; original row retained"",""Divide published 1970=100 index and bounds by 100; explicit metadata scale, not interpolation""]}]"
lpi-2024-owid-europe-and-central-asia-2017-2017,lpi-2024-owid,OWID indicator 990513; updated 2024-09-30; snapshot 2026-10-08,LPR 2024,lpi-2024-owid-europe-and-central-asia,region,Europe and Central Asia,All,Monitored vertebrates,relative-index,index-1970-1,1970,2017,2017,0.6367363,source-bounds,0.4618013000000001,0.8880666000000002,,Interval confidence level not verified in chart metadata,,2024-09-30,2026-10-08,2026-10-08,index-1970-100,63.67363,"{""ci_high"":""88.80666000000001"",""ci_low"":""46.180130000000005"",""confidenceLevel"":null}",CC-BY-SA-4.0,https://creativecommons.org/licenses/by-sa/4.0/,"ZSL/WWF, Living Planet Index; source edition and retrieval date; Our World in Data processing where applicable.",36b87bf96cf579f6bcf5e9b97157573e897de62e65c7829bb9b3b460017d670c,"[{""datasetId"":""lpi-2024-owid"",""datasetVersion"":""OWID indicator 990513; updated 2024-09-30; snapshot 2026-10-08"",""sourceId"":""owid-lpi-2024"",""sourceUrl"":""https://ourworldindata.org/grapher/global-living-planet-index"",""sourceDate"":""2024-09-30"",""sourceEdition"":""LPR 2024"",""accessedDate"":""2026-10-08"",""inputPath"":""data/raw/public/owid-lpi-2024.csv"",""inputSha256"":""9764f5f4f9c9ff855090a34ba218b02d7878922eec485e7b42d497ce5b8b3f25"",""rowNumber"":150,""jsonPointer"":null,""locator"":""OWID lpi_final, ci_low, ci_high; conversionFactor=100; 2024 source edition"",""originalUnit"":""index-1970-100"",""originalValue"":""63.67363"",""originalUncertainty"":{""ci_high"":""88.80666000000001"",""ci_low"":""46.180130000000005"",""confidenceLevel"":null},""rawRecord"":{""ci_high"":""88.80666000000001"",""ci_low"":""46.180130000000005"",""code"":"""",""entity"":""Europe and Central Asia"",""lpi_final"":""63.67363"",""year"":""2017""},""transformations"":[""Whitespace/NFC normalization; original row retained"",""Divide published 1970=100 index and bounds by 100; explicit metadata scale, not interpolation""]}]"
lpi-2024-owid-europe-and-central-asia-2018-2018,lpi-2024-owid,OWID indicator 990513; updated 2024-09-30; snapshot 2026-10-08,LPR 2024,lpi-2024-owid-europe-and-central-asia,region,Europe and Central Asia,All,Monitored vertebrates,relative-index,index-1970-1,1970,2018,2018,0.6269671,source-bounds,0.45360324,0.8751299400000001,,Interval confidence level not verified in chart metadata,,2024-09-30,2026-10-08,2026-10-08,index-1970-100,62.69671,"{""ci_high"":""87.512994"",""ci_low"":""45.360324"",""confidenceLevel"":null}",CC-BY-SA-4.0,https://creativecommons.org/licenses/by-sa/4.0/,"ZSL/WWF, Living Planet Index; source edition and retrieval date; Our World in Data processing where applicable.",36b87bf96cf579f6bcf5e9b97157573e897de62e65c7829bb9b3b460017d670c,"[{""datasetId"":""lpi-2024-owid"",""datasetVersion"":""OWID indicator 990513; updated 2024-09-30; snapshot 2026-10-08"",""sourceId"":""owid-lpi-2024"",""sourceUrl"":""https://ourworldindata.org/grapher/global-living-planet-index"",""sourceDate"":""2024-09-30"",""sourceEdition"":""LPR 2024"",""accessedDate"":""2026-10-08"",""inputPath"":""data/raw/public/owid-lpi-2024.csv"",""inputSha256"":""9764f5f4f9c9ff855090a34ba218b02d7878922eec485e7b42d497ce5b8b3f25"",""rowNumber"":151,""jsonPointer"":null,""locator"":""OWID lpi_final, ci_low, ci_high; conversionFactor=100; 2024 source edition"",""originalUnit"":""index-1970-100"",""originalValue"":""62.69671"",""originalUncertainty"":{""ci_high"":""87.512994"",""ci_low"":""45.360324"",""confidenceLevel"":null},""rawRecord"":{""ci_high"":""87.512994"",""ci_low"":""45.360324"",""code"":"""",""entity"":""Europe and Central Asia"",""lpi_final"":""62.69671"",""year"":""2018""},""transformations"":[""Whitespace/NFC normalization; original row retained"",""Divide published 1970=100 index and bounds by 100; explicit metadata scale, not interpolation""]}]"
lpi-2024-owid-europe-and-central-asia-2019-2019,lpi-2024-owid,OWID indicator 990513; updated 2024-09-30; snapshot 2026-10-08,LPR 2024,lpi-2024-owid-europe-and-central-asia,region,Europe and Central Asia,All,Monitored vertebrates,relative-index,index-1970-1,1970,2019,2019,0.6346793,source-bounds,0.45879757,0.88614464,,Interval confidence level not verified in chart metadata,,2024-09-30,2026-10-08,2026-10-08,index-1970-100,63.467929999999996,"{""ci_high"":""88.614464"",""ci_low"":""45.879757"",""confidenceLevel"":null}",CC-BY-SA-4.0,https://creativecommons.org/licenses/by-sa/4.0/,"ZSL/WWF, Living Planet Index; source edition and retrieval date; Our World in Data processing where applicable.",36b87bf96cf579f6bcf5e9b97157573e897de62e65c7829bb9b3b460017d670c,"[{""datasetId"":""lpi-2024-owid"",""datasetVersion"":""OWID indicator 990513; updated 2024-09-30; snapshot 2026-10-08"",""sourceId"":""owid-lpi-2024"",""sourceUrl"":""https://ourworldindata.org/grapher/global-living-planet-index"",""sourceDate"":""2024-09-30"",""sourceEdition"":""LPR 2024"",""accessedDate"":""2026-10-08"",""inputPath"":""data/raw/public/owid-lpi-2024.csv"",""inputSha256"":""9764f5f4f9c9ff855090a34ba218b02d7878922eec485e7b42d497ce5b8b3f25"",""rowNumber"":152,""jsonPointer"":null,""locator"":""OWID lpi_final, ci_low, ci_high; conversionFactor=100; 2024 source edition"",""originalUnit"":""index-1970-100"",""originalValue"":""63.467929999999996"",""originalUncertainty"":{""ci_high"":""88.614464"",""ci_low"":""45.879757"",""confidenceLevel"":null},""rawRecord"":{""ci_high"":""88.614464"",""ci_low"":""45.879757"",""code"":"""",""entity"":""Europe and Central Asia"",""lpi_final"":""63.467929999999996"",""year"":""2019""},""transformations"":[""Whitespace/NFC normalization; original row retained"",""Divide published 1970=100 index and bounds by 100; explicit metadata scale, not interpolation""]}]"
lpi-2024-owid-europe-and-central-asia-2020-2020,lpi-2024-owid,OWID indicator 990513; updated 2024-09-30; snapshot 2026-10-08,LPR 2024,lpi-2024-owid-europe-and-central-asia,region,Europe and Central Asia,All,Monitored vertebrates,relative-index,index-1970-1,1970,2020,2020,0.64715004,source-bounds,0.46752137,0.9037199,,Interval confidence level not verified in chart metadata,,2024-09-30,2026-10-08,2026-10-08,index-1970-100,64.715004,"{""ci_high"":""90.37199"",""ci_low"":""46.752137"",""confidenceLevel"":null}",CC-BY-SA-4.0,https://creativecommons.org/licenses/by-sa/4.0/,"ZSL/WWF, Living Planet Index; source edition and retrieval date; Our World in Data processing where applicable.",36b87bf96cf579f6bcf5e9b97157573e897de62e65c7829bb9b3b460017d670c,"[{""datasetId"":""lpi-2024-owid"",""datasetVersion"":""OWID indicator 990513; updated 2024-09-30; snapshot 2026-10-08"",""sourceId"":""owid-lpi-2024"",""sourceUrl"":""https://ourworldindata.org/grapher/global-living-planet-index"",""sourceDate"":""2024-09-30"",""sourceEdition"":""LPR 2024"",""accessedDate"":""2026-10-08"",""inputPath"":""data/raw/public/owid-lpi-2024.csv"",""inputSha256"":""9764f5f4f9c9ff855090a34ba218b02d7878922eec485e7b42d497ce5b8b3f25"",""rowNumber"":153,""jsonPointer"":null,""locator"":""OWID lpi_final, ci_low, ci_high; conversionFactor=100; 2024 source edition"",""originalUnit"":""index-1970-100"",""originalValue"":""64.715004"",""originalUncertainty"":{""ci_high"":""90.37199"",""ci_low"":""46.752137"",""confidenceLevel"":null},""rawRecord"":{""ci_high"":""90.37199"",""ci_low"":""46.752137"",""code"":"""",""entity"":""Europe and Central Asia"",""lpi_final"":""64.715004"",""year"":""2020""},""transformations"":[""Whitespace/NFC normalization; original row retained"",""Divide published 1970=100 index and bounds by 100; explicit metadata scale, not interpolation""]}]"
lpi-2024-owid-freshwater-1970-1970,lpi-2024-owid,OWID indicator 990513; updated 2024-09-30; snapshot 2026-10-08,LPR 2024,lpi-2024-owid-freshwater,ecosystem,Global,Freshwater,Monitored vertebrates,relative-index,index-1970-1,1970,1970,1970,1,source-bounds,1,1,,Interval confidence level not verified in chart metadata,,2024-09-30,2026-10-08,2026-10-08,index-1970-100,100,"{""ci_high"":""100"",""ci_low"":""100"",""confidenceLevel"":null}",CC-BY-SA-4.0,https://creativecommons.org/licenses/by-sa/4.0/,"ZSL/WWF, Living Planet Index; source edition and retrieval date; Our World in Data processing where applicable.",36b87bf96cf579f6bcf5e9b97157573e897de62e65c7829bb9b3b460017d670c,"[{""datasetId"":""lpi-2024-owid"",""datasetVersion"":""OWID indicator 990513; updated 2024-09-30; snapshot 2026-10-08"",""sourceId"":""owid-lpi-2024"",""sourceUrl"":""https://ourworldindata.org/grapher/global-living-planet-index"",""sourceDate"":""2024-09-30"",""sourceEdition"":""LPR 2024"",""accessedDate"":""2026-10-08"",""inputPath"":""data/raw/public/owid-lpi-2024.csv"",""inputSha256"":""9764f5f4f9c9ff855090a34ba218b02d7878922eec485e7b42d497ce5b8b3f25"",""rowNumber"":154,""jsonPointer"":null,""locator"":""OWID lpi_final, ci_low, ci_high; conversionFactor=100; 2024 source edition"",""originalUnit"":""index-1970-100"",""originalValue"":""100"",""originalUncertainty"":{""ci_high"":""100"",""ci_low"":""100"",""confidenceLevel"":null},""rawRecord"":{""ci_high"":""100"",""ci_low"":""100"",""code"":"""",""entity"":""Freshwater"",""lpi_final"":""100"",""year"":""1970""},""transformations"":[""Whitespace/NFC normalization; original row retained"",""Divide published 1970=100 index and bounds by 100; explicit metadata scale, not interpolation""]}]"
lpi-2024-owid-freshwater-1971-1971,lpi-2024-owid,OWID indicator 990513; updated 2024-09-30; snapshot 2026-10-08,LPR 2024,lpi-2024-owid-freshwater,ecosystem,Global,Freshwater,Monitored vertebrates,relative-index,index-1970-1,1970,1971,1971,0.9946605600000001,source-bounds,0.9474282,1.0525144,,Interval confidence level not verified in chart metadata,,2024-09-30,2026-10-08,2026-10-08,index-1970-100,99.46605600000001,"{""ci_high"":""105.25144"",""ci_low"":""94.74282000000001"",""confidenceLevel"":null}",CC-BY-SA-4.0,https://creativecommons.org/licenses/by-sa/4.0/,"ZSL/WWF, Living Planet Index; source edition and retrieval date; Our World in Data processing where applicable.",36b87bf96cf579f6bcf5e9b97157573e897de62e65c7829bb9b3b460017d670c,"[{""datasetId"":""lpi-2024-owid"",""datasetVersion"":""OWID indicator 990513; updated 2024-09-30; snapshot 2026-10-08"",""sourceId"":""owid-lpi-2024"",""sourceUrl"":""https://ourworldindata.org/grapher/global-living-planet-index"",""sourceDate"":""2024-09-30"",""sourceEdition"":""LPR 2024"",""accessedDate"":""2026-10-08"",""inputPath"":""data/raw/public/owid-lpi-2024.csv"",""inputSha256"":""9764f5f4f9c9ff855090a34ba218b02d7878922eec485e7b42d497ce5b8b3f25"",""rowNumber"":155,""jsonPointer"":null,""locator"":""OWID lpi_final, ci_low, ci_high; conversionFactor=100; 2024 source edition"",""originalUnit"":""index-1970-100"",""originalValue"":""99.46605600000001"",""originalUncertainty"":{""ci_high"":""105.25144"",""ci_low"":""94.74282000000001"",""confidenceLevel"":null},""rawRecord"":{""ci_high"":""105.25144"",""ci_low"":""94.74282000000001"",""code"":"""",""entity"":""Freshwater"",""lpi_final"":""99.46605600000001"",""year"":""1971""},""transformations"":[""Whitespace/NFC normalization; original row retained"",""Divide published 1970=100 index and bounds by 100; explicit metadata scale, not interpolation""]}]"
lpi-2024-owid-freshwater-1972-1972,lpi-2024-owid,OWID indicator 990513; updated 2024-09-30; snapshot 2026-10-08,LPR 2024,lpi-2024-owid-freshwater,ecosystem,Global,Freshwater,Monitored vertebrates,relative-index,index-1970-1,1970,1972,1972,0.9852717,source-bounds,0.9097408,1.076341,,Interval confidence level not verified in chart metadata,,2024-09-30,2026-10-08,2026-10-08,index-1970-100,98.52717,"{""ci_high"":""107.6341"",""ci_low"":""90.97408"",""confidenceLevel"":null}",CC-BY-SA-4.0,https://creativecommons.org/licenses/by-sa/4.0/,"ZSL/WWF, Living Planet Index; source edition and retrieval date; Our World in Data processing where applicable.",36b87bf96cf579f6bcf5e9b97157573e897de62e65c7829bb9b3b460017d670c,"[{""datasetId"":""lpi-2024-owid"",""datasetVersion"":""OWID indicator 990513; updated 2024-09-30; snapshot 2026-10-08"",""sourceId"":""owid-lpi-2024"",""sourceUrl"":""https://ourworldindata.org/grapher/global-living-planet-index"",""sourceDate"":""2024-09-30"",""sourceEdition"":""LPR 2024"",""accessedDate"":""2026-10-08"",""inputPath"":""data/raw/public/owid-lpi-2024.csv"",""inputSha256"":""9764f5f4f9c9ff855090a34ba218b02d7878922eec485e7b42d497ce5b8b3f25"",""rowNumber"":156,""jsonPointer"":null,""locator"":""OWID lpi_final, ci_low, ci_high; conversionFactor=100; 2024 source edition"",""originalUnit"":""index-1970-100"",""originalValue"":""98.52717"",""originalUncertainty"":{""ci_high"":""107.6341"",""ci_low"":""90.97408"",""confidenceLevel"":null},""rawRecord"":{""ci_high"":""107.6341"",""ci_low"":""90.97408"",""code"":"""",""entity"":""Freshwater"",""lpi_final"":""98.52717"",""year"":""1972""},""transformations"":[""Whitespace/NFC normalization; original row retained"",""Divide published 1970=100 index and bounds by 100; explicit metadata scale, not interpolation""]}]"
lpi-2024-owid-freshwater-1973-1973,lpi-2024-owid,OWID indicator 990513; updated 2024-09-30; snapshot 2026-10-08,LPR 2024,lpi-2024-owid-freshwater,ecosystem,Global,Freshwater,Monitored vertebrates,relative-index,index-1970-1,1970,1973,1973,0.97939116,source-bounds,0.8924652,1.0815033,,Interval confidence level not verified in chart metadata,,2024-09-30,2026-10-08,2026-10-08,index-1970-100,97.939116,"{""ci_high"":""108.15033000000001"",""ci_low"":""89.24651999999999"",""confidenceLevel"":null}",CC-BY-SA-4.0,https://creativecommons.org/licenses/by-sa/4.0/,"ZSL/WWF, Living Planet Index; source edition and retrieval date; Our World in Data processing where applicable.",36b87bf96cf579f6bcf5e9b97157573e897de62e65c7829bb9b3b460017d670c,"[{""datasetId"":""lpi-2024-owid"",""datasetVersion"":""OWID indicator 990513; updated 2024-09-30; snapshot 2026-10-08"",""sourceId"":""owid-lpi-2024"",""sourceUrl"":""https://ourworldindata.org/grapher/global-living-planet-index"",""sourceDate"":""2024-09-30"",""sourceEdition"":""LPR 2024"",""accessedDate"":""2026-10-08"",""inputPath"":""data/raw/public/owid-lpi-2024.csv"",""inputSha256"":""9764f5f4f9c9ff855090a34ba218b02d7878922eec485e7b42d497ce5b8b3f25"",""rowNumber"":157,""jsonPointer"":null,""locator"":""OWID lpi_final, ci_low, ci_high; conversionFactor=100; 2024 source edition"",""originalUnit"":""index-1970-100"",""originalValue"":""97.939116"",""originalUncertainty"":{""ci_high"":""108.15033000000001"",""ci_low"":""89.24651999999999"",""confidenceLevel"":null},""rawRecord"":{""ci_high"":""108.15033000000001"",""ci_low"":""89.24651999999999"",""code"":"""",""entity"":""Freshwater"",""lpi_final"":""97.939116"",""year"":""1973""},""transformations"":[""Whitespace/NFC normalization; original row retained"",""Divide published 1970=100 index and bounds by 100; explicit metadata scale, not interpolation""]}]"
lpi-2024-owid-freshwater-1974-1974,lpi-2024-owid,OWID indicator 990513; updated 2024-09-30; snapshot 2026-10-08,LPR 2024,lpi-2024-owid-freshwater,ecosystem,Global,Freshwater,Monitored vertebrates,relative-index,index-1970-1,1970,1974,1974,0.9487049,source-bounds,0.85179925,1.0621645,,Interval confidence level not verified in chart metadata,,2024-09-30,2026-10-08,2026-10-08,index-1970-100,94.87048999999999,"{""ci_high"":""106.21645"",""ci_low"":""85.179925"",""confidenceLevel"":null}",CC-BY-SA-4.0,https://creativecommons.org/licenses/by-sa/4.0/,"ZSL/WWF, Living Planet Index; source edition and retrieval date; Our World in Data processing where applicable.",36b87bf96cf579f6bcf5e9b97157573e897de62e65c7829bb9b3b460017d670c,"[{""datasetId"":""lpi-2024-owid"",""datasetVersion"":""OWID indicator 990513; updated 2024-09-30; snapshot 2026-10-08"",""sourceId"":""owid-lpi-2024"",""sourceUrl"":""https://ourworldindata.org/grapher/global-living-planet-index"",""sourceDate"":""2024-09-30"",""sourceEdition"":""LPR 2024"",""accessedDate"":""2026-10-08"",""inputPath"":""data/raw/public/owid-lpi-2024.csv"",""inputSha256"":""9764f5f4f9c9ff855090a34ba218b02d7878922eec485e7b42d497ce5b8b3f25"",""rowNumber"":158,""jsonPointer"":null,""locator"":""OWID lpi_final, ci_low, ci_high; conversionFactor=100; 2024 source edition"",""originalUnit"":""index-1970-100"",""originalValue"":""94.87048999999999"",""originalUncertainty"":{""ci_high"":""106.21645"",""ci_low"":""85.179925"",""confidenceLevel"":null},""rawRecord"":{""ci_high"":""106.21645"",""ci_low"":""85.179925"",""code"":"""",""entity"":""Freshwater"",""lpi_final"":""94.87048999999999"",""year"":""1974""},""transformations"":[""Whitespace/NFC normalization; original row retained"",""Divide published 1970=100 index and bounds by 100; explicit metadata scale, not interpolation""]}]"
lpi-2024-owid-freshwater-1975-1975,lpi-2024-owid,OWID indicator 990513; updated 2024-09-30; snapshot 2026-10-08,LPR 2024,lpi-2024-owid-freshwater,ecosystem,Global,Freshwater,Monitored vertebrates,relative-index,index-1970-1,1970,1975,1975,0.9088777300000002,source-bounds,0.7998491,1.0365808,,Interval confidence level not verified in chart metadata,,2024-09-30,2026-10-08,2026-10-08,index-1970-100,90.88777300000001,"{""ci_high"":""103.65808000000001"",""ci_low"":""79.98491"",""confidenceLevel"":null}",CC-BY-SA-4.0,https://creativecommons.org/licenses/by-sa/4.0/,"ZSL/WWF, Living Planet Index; source edition and retrieval date; Our World in Data processing where applicable.",36b87bf96cf579f6bcf5e9b97157573e897de62e65c7829bb9b3b460017d670c,"[{""datasetId"":""lpi-2024-owid"",""datasetVersion"":""OWID indicator 990513; updated 2024-09-30; snapshot 2026-10-08"",""sourceId"":""owid-lpi-2024"",""sourceUrl"":""https://ourworldindata.org/grapher/global-living-planet-index"",""sourceDate"":""2024-09-30"",""sourceEdition"":""LPR 2024"",""accessedDate"":""2026-10-08"",""inputPath"":""data/raw/public/owid-lpi-2024.csv"",""inputSha256"":""9764f5f4f9c9ff855090a34ba218b02d7878922eec485e7b42d497ce5b8b3f25"",""rowNumber"":159,""jsonPointer"":null,""locator"":""OWID lpi_final, ci_low, ci_high; conversionFactor=100; 2024 source edition"",""originalUnit"":""index-1970-100"",""originalValue"":""90.88777300000001"",""originalUncertainty"":{""ci_high"":""103.65808000000001"",""ci_low"":""79.98491"",""confidenceLevel"":null},""rawRecord"":{""ci_high"":""103.65808000000001"",""ci_low"":""79.98491"",""code"":"""",""entity"":""Freshwater"",""lpi_final"":""90.88777300000001"",""year"":""1975""},""transformations"":[""Whitespace/NFC normalization; original row retained"",""Divide published 1970=100 index and bounds by 100; explicit metadata scale, not interpolation""]}]"
lpi-2024-owid-freshwater-1976-1976,lpi-2024-owid,OWID indicator 990513; updated 2024-09-30; snapshot 2026-10-08,LPR 2024,lpi-2024-owid-freshwater,ecosystem,Global,Freshwater,Monitored vertebrates,relative-index,index-1970-1,1970,1976,1976,0.8656383,source-bounds,0.74603426,1.0058485,,Interval confidence level not verified in chart metadata,,2024-09-30,2026-10-08,2026-10-08,index-1970-100,86.56383,"{""ci_high"":""100.58484999999999"",""ci_low"":""74.603426"",""confidenceLevel"":null}",CC-BY-SA-4.0,https://creativecommons.org/licenses/by-sa/4.0/,"ZSL/WWF, Living Planet Index; source edition and retrieval date; Our World in Data processing where applicable.",36b87bf96cf579f6bcf5e9b97157573e897de62e65c7829bb9b3b460017d670c,"[{""datasetId"":""lpi-2024-owid"",""datasetVersion"":""OWID indicator 990513; updated 2024-09-30; snapshot 2026-10-08"",""sourceId"":""owid-lpi-2024"",""sourceUrl"":""https://ourworldindata.org/grapher/global-living-planet-index"",""sourceDate"":""2024-09-30"",""sourceEdition"":""LPR 2024"",""accessedDate"":""2026-10-08"",""inputPath"":""data/raw/public/owid-lpi-2024.csv"",""inputSha256"":""9764f5f4f9c9ff855090a34ba218b02d7878922eec485e7b42d497ce5b8b3f25"",""rowNumber"":160,""jsonPointer"":null,""locator"":""OWID lpi_final, ci_low, ci_high; conversionFactor=100; 2024 source edition"",""originalUnit"":""index-1970-100"",""originalValue"":""86.56383"",""originalUncertainty"":{""ci_high"":""100.58484999999999"",""ci_low"":""74.603426"",""confidenceLevel"":null},""rawRecord"":{""ci_high"":""100.58484999999999"",""ci_low"":""74.603426"",""code"":"""",""entity"":""Freshwater"",""lpi_final"":""86.56383"",""year"":""1976""},""transformations"":[""Whitespace/NFC normalization; original row retained"",""Divide published 1970=100 index and bounds by 100; explicit metadata scale, not interpolation""]}]"
lpi-2024-owid-freshwater-1977-1977,lpi-2024-owid,OWID indicator 990513; updated 2024-09-30; snapshot 2026-10-08,LPR 2024,lpi-2024-owid-freshwater,ecosystem,Global,Freshwater,Monitored vertebrates,relative-index,index-1970-1,1970,1977,1977,0.82577896,source-bounds,0.70245403,0.97131777,,Interval confidence level not verified in chart metadata,,2024-09-30,2026-10-08,2026-10-08,index-1970-100,82.577896,"{""ci_high"":""97.131777"",""ci_low"":""70.245403"",""confidenceLevel"":null}",CC-BY-SA-4.0,https://creativecommons.org/licenses/by-sa/4.0/,"ZSL/WWF, Living Planet Index; source edition and retrieval date; Our World in Data processing where applicable.",36b87bf96cf579f6bcf5e9b97157573e897de62e65c7829bb9b3b460017d670c,"[{""datasetId"":""lpi-2024-owid"",""datasetVersion"":""OWID indicator 990513; updated 2024-09-30; snapshot 2026-10-08"",""sourceId"":""owid-lpi-2024"",""sourceUrl"":""https://ourworldindata.org/grapher/global-living-planet-index"",""sourceDate"":""2024-09-30"",""sourceEdition"":""LPR 2024"",""accessedDate"":""2026-10-08"",""inputPath"":""data/raw/public/owid-lpi-2024.csv"",""inputSha256"":""9764f5f4f9c9ff855090a34ba218b02d7878922eec485e7b42d497ce5b8b3f25"",""rowNumber"":161,""jsonPointer"":null,""locator"":""OWID lpi_final, ci_low, ci_high; conversionFactor=100; 2024 source edition"",""originalUnit"":""index-1970-100"",""originalValue"":""82.577896"",""originalUncertainty"":{""ci_high"":""97.131777"",""ci_low"":""70.245403"",""confidenceLevel"":null},""rawRecord"":{""ci_high"":""97.131777"",""ci_low"":""70.245403"",""code"":"""",""entity"":""Freshwater"",""lpi_final"":""82.577896"",""year"":""1977""},""transformations"":[""Whitespace/NFC normalization; original row retained"",""Divide published 1970=100 index and bounds by 100; explicit metadata scale, not interpolation""]}]"
lpi-2024-owid-freshwater-1978-1978,lpi-2024-owid,OWID indicator 990513; updated 2024-09-30; snapshot 2026-10-08,LPR 2024,lpi-2024-owid-freshwater,ecosystem,Global,Freshwater,Monitored vertebrates,relative-index,index-1970-1,1970,1978,1978,0.7873241300000001,source-bounds,0.6633304,0.9345014,,Interval confidence level not verified in chart metadata,,2024-09-30,2026-10-08,2026-10-08,index-1970-100,78.73241300000001,"{""ci_high"":""93.45014"",""ci_low"":""66.33304"",""confidenceLevel"":null}",CC-BY-SA-4.0,https://creativecommons.org/licenses/by-sa/4.0/,"ZSL/WWF, Living Planet Index; source edition and retrieval date; Our World in Data processing where applicable.",36b87bf96cf579f6bcf5e9b97157573e897de62e65c7829bb9b3b460017d670c,"[{""datasetId"":""lpi-2024-owid"",""datasetVersion"":""OWID indicator 990513; updated 2024-09-30; snapshot 2026-10-08"",""sourceId"":""owid-lpi-2024"",""sourceUrl"":""https://ourworldindata.org/grapher/global-living-planet-index"",""sourceDate"":""2024-09-30"",""sourceEdition"":""LPR 2024"",""accessedDate"":""2026-10-08"",""inputPath"":""data/raw/public/owid-lpi-2024.csv"",""inputSha256"":""9764f5f4f9c9ff855090a34ba218b02d7878922eec485e7b42d497ce5b8b3f25"",""rowNumber"":162,""jsonPointer"":null,""locator"":""OWID lpi_final, ci_low, ci_high; conversionFactor=100; 2024 source edition"",""originalUnit"":""index-1970-100"",""originalValue"":""78.73241300000001"",""originalUncertainty"":{""ci_high"":""93.45014"",""ci_low"":""66.33304"",""confidenceLevel"":null},""rawRecord"":{""ci_high"":""93.45014"",""ci_low"":""66.33304"",""code"":"""",""entity"":""Freshwater"",""lpi_final"":""78.73241300000001"",""year"":""1978""},""transformations"":[""Whitespace/NFC normalization; original row retained"",""Divide published 1970=100 index and bounds by 100; explicit metadata scale, not interpolation""]}]"
lpi-2024-owid-freshwater-1979-1979,lpi-2024-owid,OWID indicator 990513; updated 2024-09-30; snapshot 2026-10-08,LPR 2024,lpi-2024-owid-freshwater,ecosystem,Global,Freshwater,Monitored vertebrates,relative-index,index-1970-1,1970,1979,1979,0.7595674,source-bounds,0.6305116,0.9129296500000001,,Interval confidence level not verified in chart metadata,,2024-09-30,2026-10-08,2026-10-08,index-1970-100,75.95674,"{""ci_high"":""91.29296500000001"",""ci_low"":""63.051159999999996"",""confidenceLevel"":null}",CC-BY-SA-4.0,https://creativecommons.org/licenses/by-sa/4.0/,"ZSL/WWF, Living Planet Index; source edition and retrieval date; Our World in Data processing where applicable.",36b87bf96cf579f6bcf5e9b97157573e897de62e65c7829bb9b3b460017d670c,"[{""datasetId"":""lpi-2024-owid"",""datasetVersion"":""OWID indicator 990513; updated 2024-09-30; snapshot 2026-10-08"",""sourceId"":""owid-lpi-2024"",""sourceUrl"":""https://ourworldindata.org/grapher/global-living-planet-index"",""sourceDate"":""2024-09-30"",""sourceEdition"":""LPR 2024"",""accessedDate"":""2026-10-08"",""inputPath"":""data/raw/public/owid-lpi-2024.csv"",""inputSha256"":""9764f5f4f9c9ff855090a34ba218b02d7878922eec485e7b42d497ce5b8b3f25"",""rowNumber"":163,""jsonPointer"":null,""locator"":""OWID lpi_final, ci_low, ci_high; conversionFactor=100; 2024 source edition"",""originalUnit"":""index-1970-100"",""originalValue"":""75.95674"",""originalUncertainty"":{""ci_high"":""91.29296500000001"",""ci_low"":""63.051159999999996"",""confidenceLevel"":null},""rawRecord"":{""ci_high"":""91.29296500000001"",""ci_low"":""63.051159999999996"",""code"":"""",""entity"":""Freshwater"",""lpi_final"":""75.95674"",""year"":""1979""},""transformations"":[""Whitespace/NFC normalization; original row retained"",""Divide published 1970=100 index and bounds by 100; explicit metadata scale, not interpolation""]}]"
lpi-2024-owid-freshwater-1980-1980,lpi-2024-owid,OWID indicator 990513; updated 2024-09-30; snapshot 2026-10-08,LPR 2024,lpi-2024-owid-freshwater,ecosystem,Global,Freshwater,Monitored vertebrates,relative-index,index-1970-1,1970,1980,1980,0.7402299,source-bounds,0.6019684,0.905782,,Interval confidence level not verified in chart metadata,,2024-09-30,2026-10-08,2026-10-08,index-1970-100,74.02299,"{""ci_high"":""90.5782"",""ci_low"":""60.196839999999995"",""confidenceLevel"":null}",CC-BY-SA-4.0,https://creativecommons.org/licenses/by-sa/4.0/,"ZSL/WWF, Living Planet Index; source edition and retrieval date; Our World in Data processing where applicable.",36b87bf96cf579f6bcf5e9b97157573e897de62e65c7829bb9b3b460017d670c,"[{""datasetId"":""lpi-2024-owid"",""datasetVersion"":""OWID indicator 990513; updated 2024-09-30; snapshot 2026-10-08"",""sourceId"":""owid-lpi-2024"",""sourceUrl"":""https://ourworldindata.org/grapher/global-living-planet-index"",""sourceDate"":""2024-09-30"",""sourceEdition"":""LPR 2024"",""accessedDate"":""2026-10-08"",""inputPath"":""data/raw/public/owid-lpi-2024.csv"",""inputSha256"":""9764f5f4f9c9ff855090a34ba218b02d7878922eec485e7b42d497ce5b8b3f25"",""rowNumber"":164,""jsonPointer"":null,""locator"":""OWID lpi_final, ci_low, ci_high; conversionFactor=100; 2024 source edition"",""originalUnit"":""index-1970-100"",""originalValue"":""74.02299"",""originalUncertainty"":{""ci_high"":""90.5782"",""ci_low"":""60.196839999999995"",""confidenceLevel"":null},""rawRecord"":{""ci_high"":""90.5782"",""ci_low"":""60.196839999999995"",""code"":"""",""entity"":""Freshwater"",""lpi_final"":""74.02299"",""year"":""1980""},""transformations"":[""Whitespace/NFC normalization; original row retained"",""Divide published 1970=100 index and bounds by 100; explicit metadata scale, not interpolation""]}]"
lpi-2024-owid-freshwater-1981-1981,lpi-2024-owid,OWID indicator 990513; updated 2024-09-30; snapshot 2026-10-08,LPR 2024,lpi-2024-owid-freshwater,ecosystem,Global,Freshwater,Monitored vertebrates,relative-index,index-1970-1,1970,1981,1981,0.7297171,source-bounds,0.5837153,0.9047978500000001,,Interval confidence level not verified in chart metadata,,2024-09-30,2026-10-08,2026-10-08,index-1970-100,72.97171,"{""ci_high"":""90.479785"",""ci_low"":""58.37153000000001"",""confidenceLevel"":null}",CC-BY-SA-4.0,https://creativecommons.org/licenses/by-sa/4.0/,"ZSL/WWF, Living Planet Index; source edition and retrieval date; Our World in Data processing where applicable.",36b87bf96cf579f6bcf5e9b97157573e897de62e65c7829bb9b3b460017d670c,"[{""datasetId"":""lpi-2024-owid"",""datasetVersion"":""OWID indicator 990513; updated 2024-09-30; snapshot 2026-10-08"",""sourceId"":""owid-lpi-2024"",""sourceUrl"":""https://ourworldindata.org/grapher/global-living-planet-index"",""sourceDate"":""2024-09-30"",""sourceEdition"":""LPR 2024"",""accessedDate"":""2026-10-08"",""inputPath"":""data/raw/public/owid-lpi-2024.csv"",""inputSha256"":""9764f5f4f9c9ff855090a34ba218b02d7878922eec485e7b42d497ce5b8b3f25"",""rowNumber"":165,""jsonPointer"":null,""locator"":""OWID lpi_final, ci_low, ci_high; conversionFactor=100; 2024 source edition"",""originalUnit"":""index-1970-100"",""originalValue"":""72.97171"",""originalUncertainty"":{""ci_high"":""90.479785"",""ci_low"":""58.37153000000001"",""confidenceLevel"":null},""rawRecord"":{""ci_high"":""90.479785"",""ci_low"":""58.37153000000001"",""code"":"""",""entity"":""Freshwater"",""lpi_final"":""72.97171"",""year"":""1981""},""transformations"":[""Whitespace/NFC normalization; original row retained"",""Divide published 1970=100 index and bounds by 100; explicit metadata scale, not interpolation""]}]"
lpi-2024-owid-freshwater-1982-1982,lpi-2024-owid,OWID indicator 990513; updated 2024-09-30; snapshot 2026-10-08,LPR 2024,lpi-2024-owid-freshwater,ecosystem,Global,Freshwater,Monitored vertebrates,relative-index,index-1970-1,1970,1982,1982,0.7010149400000001,source-bounds,0.55640405,0.87592334,,Interval confidence level not verified in chart metadata,,2024-09-30,2026-10-08,2026-10-08,index-1970-100,70.101494,"{""ci_high"":""87.59233400000001"",""ci_low"":""55.640405"",""confidenceLevel"":null}",CC-BY-SA-4.0,https://creativecommons.org/licenses/by-sa/4.0/,"ZSL/WWF, Living Planet Index; source edition and retrieval date; Our World in Data processing where applicable.",36b87bf96cf579f6bcf5e9b97157573e897de62e65c7829bb9b3b460017d670c,"[{""datasetId"":""lpi-2024-owid"",""datasetVersion"":""OWID indicator 990513; updated 2024-09-30; snapshot 2026-10-08"",""sourceId"":""owid-lpi-2024"",""sourceUrl"":""https://ourworldindata.org/grapher/global-living-planet-index"",""sourceDate"":""2024-09-30"",""sourceEdition"":""LPR 2024"",""accessedDate"":""2026-10-08"",""inputPath"":""data/raw/public/owid-lpi-2024.csv"",""inputSha256"":""9764f5f4f9c9ff855090a34ba218b02d7878922eec485e7b42d497ce5b8b3f25"",""rowNumber"":166,""jsonPointer"":null,""locator"":""OWID lpi_final, ci_low, ci_high; conversionFactor=100; 2024 source edition"",""originalUnit"":""index-1970-100"",""originalValue"":""70.101494"",""originalUncertainty"":{""ci_high"":""87.59233400000001"",""ci_low"":""55.640405"",""confidenceLevel"":null},""rawRecord"":{""ci_high"":""87.59233400000001"",""ci_low"":""55.640405"",""code"":"""",""entity"":""Freshwater"",""lpi_final"":""70.101494"",""year"":""1982""},""transformations"":[""Whitespace/NFC normalization; original row retained"",""Divide published 1970=100 index and bounds by 100; explicit metadata scale, not interpolation""]}]"
lpi-2024-owid-freshwater-1983-1983,lpi-2024-owid,OWID indicator 990513; updated 2024-09-30; snapshot 2026-10-08,LPR 2024,lpi-2024-owid-freshwater,ecosystem,Global,Freshwater,Monitored vertebrates,relative-index,index-1970-1,1970,1983,1983,0.66945815,source-bounds,0.5298921,0.838559,,Interval confidence level not verified in chart metadata,,2024-09-30,2026-10-08,2026-10-08,index-1970-100,66.945815,"{""ci_high"":""83.8559"",""ci_low"":""52.98921"",""confidenceLevel"":null}",CC-BY-SA-4.0,https://creativecommons.org/licenses/by-sa/4.0/,"ZSL/WWF, Living Planet Index; source edition and retrieval date; Our World in Data processing where applicable.",36b87bf96cf579f6bcf5e9b97157573e897de62e65c7829bb9b3b460017d670c,"[{""datasetId"":""lpi-2024-owid"",""datasetVersion"":""OWID indicator 990513; updated 2024-09-30; snapshot 2026-10-08"",""sourceId"":""owid-lpi-2024"",""sourceUrl"":""https://ourworldindata.org/grapher/global-living-planet-index"",""sourceDate"":""2024-09-30"",""sourceEdition"":""LPR 2024"",""accessedDate"":""2026-10-08"",""inputPath"":""data/raw/public/owid-lpi-2024.csv"",""inputSha256"":""9764f5f4f9c9ff855090a34ba218b02d7878922eec485e7b42d497ce5b8b3f25"",""rowNumber"":167,""jsonPointer"":null,""locator"":""OWID lpi_final, ci_low, ci_high; conversionFactor=100; 2024 source edition"",""originalUnit"":""index-1970-100"",""originalValue"":""66.945815"",""originalUncertainty"":{""ci_high"":""83.8559"",""ci_low"":""52.98921"",""confidenceLevel"":null},""rawRecord"":{""ci_high"":""83.8559"",""ci_low"":""52.98921"",""code"":"""",""entity"":""Freshwater"",""lpi_final"":""66.945815"",""year"":""1983""},""transformations"":[""Whitespace/NFC normalization; original row retained"",""Divide published 1970=100 index and bounds by 100; explicit metadata scale, not interpolation""]}]"
lpi-2024-owid-freshwater-1984-1984,lpi-2024-owid,OWID indicator 990513; updated 2024-09-30; snapshot 2026-10-08,LPR 2024,lpi-2024-owid-freshwater,ecosystem,Global,Freshwater,Monitored vertebrates,relative-index,index-1970-1,1970,1984,1984,0.6383722,source-bounds,0.50369644,0.8036668,,Interval confidence level not verified in chart metadata,,2024-09-30,2026-10-08,2026-10-08,index-1970-100,63.837219999999995,"{""ci_high"":""80.36668"",""ci_low"":""50.369644"",""confidenceLevel"":null}",CC-BY-SA-4.0,https://creativecommons.org/licenses/by-sa/4.0/,"ZSL/WWF, Living Planet Index; source edition and retrieval date; Our World in Data processing where applicable.",36b87bf96cf579f6bcf5e9b97157573e897de62e65c7829bb9b3b460017d670c,"[{""datasetId"":""lpi-2024-owid"",""datasetVersion"":""OWID indicator 990513; updated 2024-09-30; snapshot 2026-10-08"",""sourceId"":""owid-lpi-2024"",""sourceUrl"":""https://ourworldindata.org/grapher/global-living-planet-index"",""sourceDate"":""2024-09-30"",""sourceEdition"":""LPR 2024"",""accessedDate"":""2026-10-08"",""inputPath"":""data/raw/public/owid-lpi-2024.csv"",""inputSha256"":""9764f5f4f9c9ff855090a34ba218b02d7878922eec485e7b42d497ce5b8b3f25"",""rowNumber"":168,""jsonPointer"":null,""locator"":""OWID lpi_final, ci_low, ci_high; conversionFactor=100; 2024 source edition"",""originalUnit"":""index-1970-100"",""originalValue"":""63.837219999999995"",""originalUncertainty"":{""ci_high"":""80.36668"",""ci_low"":""50.369644"",""confidenceLevel"":null},""rawRecord"":{""ci_high"":""80.36668"",""ci_low"":""50.369644"",""code"":"""",""entity"":""Freshwater"",""lpi_final"":""63.837219999999995"",""year"":""1984""},""transformations"":[""Whitespace/NFC normalization; original row retained"",""Divide published 1970=100 index and bounds by 100; explicit metadata scale, not interpolation""]}]"
lpi-2024-owid-freshwater-1985-1985,lpi-2024-owid,OWID indicator 990513; updated 2024-09-30; snapshot 2026-10-08,LPR 2024,lpi-2024-owid-freshwater,ecosystem,Global,Freshwater,Monitored vertebrates,relative-index,index-1970-1,1970,1985,1985,0.6114769,source-bounds,0.47911176,0.7760880600000001,,Interval confidence level not verified in chart metadata,,2024-09-30,2026-10-08,2026-10-08,index-1970-100,61.14769,"{""ci_high"":""77.608806"",""ci_low"":""47.911176"",""confidenceLevel"":null}",CC-BY-SA-4.0,https://creativecommons.org/licenses/by-sa/4.0/,"ZSL/WWF, Living Planet Index; source edition and retrieval date; Our World in Data processing where applicable.",36b87bf96cf579f6bcf5e9b97157573e897de62e65c7829bb9b3b460017d670c,"[{""datasetId"":""lpi-2024-owid"",""datasetVersion"":""OWID indicator 990513; updated 2024-09-30; snapshot 2026-10-08"",""sourceId"":""owid-lpi-2024"",""sourceUrl"":""https://ourworldindata.org/grapher/global-living-planet-index"",""sourceDate"":""2024-09-30"",""sourceEdition"":""LPR 2024"",""accessedDate"":""2026-10-08"",""inputPath"":""data/raw/public/owid-lpi-2024.csv"",""inputSha256"":""9764f5f4f9c9ff855090a34ba218b02d7878922eec485e7b42d497ce5b8b3f25"",""rowNumber"":169,""jsonPointer"":null,""locator"":""OWID lpi_final, ci_low, ci_high; conversionFactor=100; 2024 source edition"",""originalUnit"":""index-1970-100"",""originalValue"":""61.14769"",""originalUncertainty"":{""ci_high"":""77.608806"",""ci_low"":""47.911176"",""confidenceLevel"":null},""rawRecord"":{""ci_high"":""77.608806"",""ci_low"":""47.911176"",""code"":"""",""entity"":""Freshwater"",""lpi_final"":""61.14769"",""year"":""1985""},""transformations"":[""Whitespace/NFC normalization; original row retained"",""Divide published 1970=100 index and bounds by 100; explicit metadata scale, not interpolation""]}]"
lpi-2024-owid-freshwater-1986-1986,lpi-2024-owid,OWID indicator 990513; updated 2024-09-30; snapshot 2026-10-08,LPR 2024,lpi-2024-owid-freshwater,ecosystem,Global,Freshwater,Monitored vertebrates,relative-index,index-1970-1,1970,1986,1986,0.5906305,source-bounds,0.4596021800000001,0.7566067600000002,,Interval confidence level not verified in chart metadata,,2024-09-30,2026-10-08,2026-10-08,index-1970-100,59.06305,"{""ci_high"":""75.66067600000001"",""ci_low"":""45.960218000000005"",""confidenceLevel"":null}",CC-BY-SA-4.0,https://creativecommons.org/licenses/by-sa/4.0/,"ZSL/WWF, Living Planet Index; source edition and retrieval date; Our World in Data processing where applicable.",36b87bf96cf579f6bcf5e9b97157573e897de62e65c7829bb9b3b460017d670c,"[{""datasetId"":""lpi-2024-owid"",""datasetVersion"":""OWID indicator 990513; updated 2024-09-30; snapshot 2026-10-08"",""sourceId"":""owid-lpi-2024"",""sourceUrl"":""https://ourworldindata.org/grapher/global-living-planet-index"",""sourceDate"":""2024-09-30"",""sourceEdition"":""LPR 2024"",""accessedDate"":""2026-10-08"",""inputPath"":""data/raw/public/owid-lpi-2024.csv"",""inputSha256"":""9764f5f4f9c9ff855090a34ba218b02d7878922eec485e7b42d497ce5b8b3f25"",""rowNumber"":170,""jsonPointer"":null,""locator"":""OWID lpi_final, ci_low, ci_high; conversionFactor=100; 2024 source edition"",""originalUnit"":""index-1970-100"",""originalValue"":""59.06305"",""originalUncertainty"":{""ci_high"":""75.66067600000001"",""ci_low"":""45.960218000000005"",""confidenceLevel"":null},""rawRecord"":{""ci_high"":""75.66067600000001"",""ci_low"":""45.960218000000005"",""code"":"""",""entity"":""Freshwater"",""lpi_final"":""59.06305"",""year"":""1986""},""transformations"":[""Whitespace/NFC normalization; original row retained"",""Divide published 1970=100 index and bounds by 100; explicit metadata scale, not interpolation""]}]"
lpi-2024-owid-freshwater-1987-1987,lpi-2024-owid,OWID indicator 990513; updated 2024-09-30; snapshot 2026-10-08,LPR 2024,lpi-2024-owid-freshwater,ecosystem,Global,Freshwater,Monitored vertebrates,relative-index,index-1970-1,1970,1987,1987,0.56518734,source-bounds,0.43653455,0.7300162300000002,,Interval confidence level not verified in chart metadata,,2024-09-30,2026-10-08,2026-10-08,index-1970-100,56.518734,"{""ci_high"":""73.00162300000001"",""ci_low"":""43.653455"",""confidenceLevel"":null}",CC-BY-SA-4.0,https://creativecommons.org/licenses/by-sa/4.0/,"ZSL/WWF, Living Planet Index; source edition and retrieval date; Our World in Data processing where applicable.",36b87bf96cf579f6bcf5e9b97157573e897de62e65c7829bb9b3b460017d670c,"[{""datasetId"":""lpi-2024-owid"",""datasetVersion"":""OWID indicator 990513; updated 2024-09-30; snapshot 2026-10-08"",""sourceId"":""owid-lpi-2024"",""sourceUrl"":""https://ourworldindata.org/grapher/global-living-planet-index"",""sourceDate"":""2024-09-30"",""sourceEdition"":""LPR 2024"",""accessedDate"":""2026-10-08"",""inputPath"":""data/raw/public/owid-lpi-2024.csv"",""inputSha256"":""9764f5f4f9c9ff855090a34ba218b02d7878922eec485e7b42d497ce5b8b3f25"",""rowNumber"":171,""jsonPointer"":null,""locator"":""OWID lpi_final, ci_low, ci_high; conversionFactor=100; 2024 source edition"",""originalUnit"":""index-1970-100"",""originalValue"":""56.518734"",""originalUncertainty"":{""ci_high"":""73.00162300000001"",""ci_low"":""43.653455"",""confidenceLevel"":null},""rawRecord"":{""ci_high"":""73.00162300000001"",""ci_low"":""43.653455"",""code"":"""",""entity"":""Freshwater"",""lpi_final"":""56.518734"",""year"":""1987""},""transformations"":[""Whitespace/NFC normalization; original row retained"",""Divide published 1970=100 index and bounds by 100; explicit metadata scale, not interpolation""]}]"
lpi-2024-owid-freshwater-1988-1988,lpi-2024-owid,OWID indicator 990513; updated 2024-09-30; snapshot 2026-10-08,LPR 2024,lpi-2024-owid-freshwater,ecosystem,Global,Freshwater,Monitored vertebrates,relative-index,index-1970-1,1970,1988,1988,0.53848714,source-bounds,0.41375357,0.7003401500000002,,Interval confidence level not verified in chart metadata,,2024-09-30,2026-10-08,2026-10-08,index-1970-100,53.848714,"{""ci_high"":""70.03401500000001"",""ci_low"":""41.375357"",""confidenceLevel"":null}",CC-BY-SA-4.0,https://creativecommons.org/licenses/by-sa/4.0/,"ZSL/WWF, Living Planet Index; source edition and retrieval date; Our World in Data processing where applicable.",36b87bf96cf579f6bcf5e9b97157573e897de62e65c7829bb9b3b460017d670c,"[{""datasetId"":""lpi-2024-owid"",""datasetVersion"":""OWID indicator 990513; updated 2024-09-30; snapshot 2026-10-08"",""sourceId"":""owid-lpi-2024"",""sourceUrl"":""https://ourworldindata.org/grapher/global-living-planet-index"",""sourceDate"":""2024-09-30"",""sourceEdition"":""LPR 2024"",""accessedDate"":""2026-10-08"",""inputPath"":""data/raw/public/owid-lpi-2024.csv"",""inputSha256"":""9764f5f4f9c9ff855090a34ba218b02d7878922eec485e7b42d497ce5b8b3f25"",""rowNumber"":172,""jsonPointer"":null,""locator"":""OWID lpi_final, ci_low, ci_high; conversionFactor=100; 2024 source edition"",""originalUnit"":""index-1970-100"",""originalValue"":""53.848714"",""originalUncertainty"":{""ci_high"":""70.03401500000001"",""ci_low"":""41.375357"",""confidenceLevel"":null},""rawRecord"":{""ci_high"":""70.03401500000001"",""ci_low"":""41.375357"",""code"":"""",""entity"":""Freshwater"",""lpi_final"":""53.848714"",""year"":""1988""},""transformations"":[""Whitespace/NFC normalization; original row retained"",""Divide published 1970=100 index and bounds by 100; explicit metadata scale, not interpolation""]}]"
lpi-2024-owid-freshwater-1989-1989,lpi-2024-owid,OWID indicator 990513; updated 2024-09-30; snapshot 2026-10-08,LPR 2024,lpi-2024-owid-freshwater,ecosystem,Global,Freshwater,Monitored vertebrates,relative-index,index-1970-1,1970,1989,1989,0.51729435,source-bounds,0.39568967,0.67583334,,Interval confidence level not verified in chart metadata,,2024-09-30,2026-10-08,2026-10-08,index-1970-100,51.729435,"{""ci_high"":""67.583334"",""ci_low"":""39.568967"",""confidenceLevel"":null}",CC-BY-SA-4.0,https://creativecommons.org/licenses/by-sa/4.0/,"ZSL/WWF, Living Planet Index; source edition and retrieval date; Our World in Data processing where applicable.",36b87bf96cf579f6bcf5e9b97157573e897de62e65c7829bb9b3b460017d670c,"[{""datasetId"":""lpi-2024-owid"",""datasetVersion"":""OWID indicator 990513; updated 2024-09-30; snapshot 2026-10-08"",""sourceId"":""owid-lpi-2024"",""sourceUrl"":""https://ourworldindata.org/grapher/global-living-planet-index"",""sourceDate"":""2024-09-30"",""sourceEdition"":""LPR 2024"",""accessedDate"":""2026-10-08"",""inputPath"":""data/raw/public/owid-lpi-2024.csv"",""inputSha256"":""9764f5f4f9c9ff855090a34ba218b02d7878922eec485e7b42d497ce5b8b3f25"",""rowNumber"":173,""jsonPointer"":null,""locator"":""OWID lpi_final, ci_low, ci_high; conversionFactor=100; 2024 source edition"",""originalUnit"":""index-1970-100"",""originalValue"":""51.729435"",""originalUncertainty"":{""ci_high"":""67.583334"",""ci_low"":""39.568967"",""confidenceLevel"":null},""rawRecord"":{""ci_high"":""67.583334"",""ci_low"":""39.568967"",""code"":"""",""entity"":""Freshwater"",""lpi_final"":""51.729435"",""year"":""1989""},""transformations"":[""Whitespace/NFC normalization; original row retained"",""Divide published 1970=100 index and bounds by 100; explicit metadata scale, not interpolation""]}]"
lpi-2024-owid-freshwater-1990-1990,lpi-2024-owid,OWID indicator 990513; updated 2024-09-30; snapshot 2026-10-08,LPR 2024,lpi-2024-owid-freshwater,ecosystem,Global,Freshwater,Monitored vertebrates,relative-index,index-1970-1,1970,1990,1990,0.4923257200000001,source-bounds,0.37520882,0.6459233000000001,,Interval confidence level not verified in chart metadata,,2024-09-30,2026-10-08,2026-10-08,index-1970-100,49.232572000000005,"{""ci_high"":""64.59233"",""ci_low"":""37.520882"",""confidenceLevel"":null}",CC-BY-SA-4.0,https://creativecommons.org/licenses/by-sa/4.0/,"ZSL/WWF, Living Planet Index; source edition and retrieval date; Our World in Data processing where applicable.",36b87bf96cf579f6bcf5e9b97157573e897de62e65c7829bb9b3b460017d670c,"[{""datasetId"":""lpi-2024-owid"",""datasetVersion"":""OWID indicator 990513; updated 2024-09-30; snapshot 2026-10-08"",""sourceId"":""owid-lpi-2024"",""sourceUrl"":""https://ourworldindata.org/grapher/global-living-planet-index"",""sourceDate"":""2024-09-30"",""sourceEdition"":""LPR 2024"",""accessedDate"":""2026-10-08"",""inputPath"":""data/raw/public/owid-lpi-2024.csv"",""inputSha256"":""9764f5f4f9c9ff855090a34ba218b02d7878922eec485e7b42d497ce5b8b3f25"",""rowNumber"":174,""jsonPointer"":null,""locator"":""OWID lpi_final, ci_low, ci_high; conversionFactor=100; 2024 source edition"",""originalUnit"":""index-1970-100"",""originalValue"":""49.232572000000005"",""originalUncertainty"":{""ci_high"":""64.59233"",""ci_low"":""37.520882"",""confidenceLevel"":null},""rawRecord"":{""ci_high"":""64.59233"",""ci_low"":""37.520882"",""code"":"""",""entity"":""Freshwater"",""lpi_final"":""49.232572000000005"",""year"":""1990""},""transformations"":[""Whitespace/NFC normalization; original row retained"",""Divide published 1970=100 index and bounds by 100; explicit metadata scale, not interpolation""]}]"
lpi-2024-owid-freshwater-1991-1991,lpi-2024-owid,OWID indicator 990513; updated 2024-09-30; snapshot 2026-10-08,LPR 2024,lpi-2024-owid-freshwater,ecosystem,Global,Freshwater,Monitored vertebrates,relative-index,index-1970-1,1970,1991,1991,0.4723513,source-bounds,0.35784158,0.622397,,Interval confidence level not verified in chart metadata,,2024-09-30,2026-10-08,2026-10-08,index-1970-100,47.23513,"{""ci_high"":""62.2397"",""ci_low"":""35.784158"",""confidenceLevel"":null}",CC-BY-SA-4.0,https://creativecommons.org/licenses/by-sa/4.0/,"ZSL/WWF, Living Planet Index; source edition and retrieval date; Our World in Data processing where applicable.",36b87bf96cf579f6bcf5e9b97157573e897de62e65c7829bb9b3b460017d670c,"[{""datasetId"":""lpi-2024-owid"",""datasetVersion"":""OWID indicator 990513; updated 2024-09-30; snapshot 2026-10-08"",""sourceId"":""owid-lpi-2024"",""sourceUrl"":""https://ourworldindata.org/grapher/global-living-planet-index"",""sourceDate"":""2024-09-30"",""sourceEdition"":""LPR 2024"",""accessedDate"":""2026-10-08"",""inputPath"":""data/raw/public/owid-lpi-2024.csv"",""inputSha256"":""9764f5f4f9c9ff855090a34ba218b02d7878922eec485e7b42d497ce5b8b3f25"",""rowNumber"":175,""jsonPointer"":null,""locator"":""OWID lpi_final, ci_low, ci_high; conversionFactor=100; 2024 source edition"",""originalUnit"":""index-1970-100"",""originalValue"":""47.23513"",""originalUncertainty"":{""ci_high"":""62.2397"",""ci_low"":""35.784158"",""confidenceLevel"":null},""rawRecord"":{""ci_high"":""62.2397"",""ci_low"":""35.784158"",""code"":"""",""entity"":""Freshwater"",""lpi_final"":""47.23513"",""year"":""1991""},""transformations"":[""Whitespace/NFC normalization; original row retained"",""Divide published 1970=100 index and bounds by 100; explicit metadata scale, not interpolation""]}]"
lpi-2024-owid-freshwater-1992-1992,lpi-2024-owid,OWID indicator 990513; updated 2024-09-30; snapshot 2026-10-08,LPR 2024,lpi-2024-owid-freshwater,ecosystem,Global,Freshwater,Monitored vertebrates,relative-index,index-1970-1,1970,1992,1992,0.45171323,source-bounds,0.34040955000000006,0.59893125,,Interval confidence level not verified in chart metadata,,2024-09-30,2026-10-08,2026-10-08,index-1970-100,45.171323,"{""ci_high"":""59.893125000000005"",""ci_low"":""34.040955000000004"",""confidenceLevel"":null}",CC-BY-SA-4.0,https://creativecommons.org/licenses/by-sa/4.0/,"ZSL/WWF, Living Planet Index; source edition and retrieval date; Our World in Data processing where applicable.",36b87bf96cf579f6bcf5e9b97157573e897de62e65c7829bb9b3b460017d670c,"[{""datasetId"":""lpi-2024-owid"",""datasetVersion"":""OWID indicator 990513; updated 2024-09-30; snapshot 2026-10-08"",""sourceId"":""owid-lpi-2024"",""sourceUrl"":""https://ourworldindata.org/grapher/global-living-planet-index"",""sourceDate"":""2024-09-30"",""sourceEdition"":""LPR 2024"",""accessedDate"":""2026-10-08"",""inputPath"":""data/raw/public/owid-lpi-2024.csv"",""inputSha256"":""9764f5f4f9c9ff855090a34ba218b02d7878922eec485e7b42d497ce5b8b3f25"",""rowNumber"":176,""jsonPointer"":null,""locator"":""OWID lpi_final, ci_low, ci_high; conversionFactor=100; 2024 source edition"",""originalUnit"":""index-1970-100"",""originalValue"":""45.171323"",""originalUncertainty"":{""ci_high"":""59.893125000000005"",""ci_low"":""34.040955000000004"",""confidenceLevel"":null},""rawRecord"":{""ci_high"":""59.893125000000005"",""ci_low"":""34.040955000000004"",""code"":"""",""entity"":""Freshwater"",""lpi_final"":""45.171323"",""year"":""1992""},""transformations"":[""Whitespace/NFC normalization; original row retained"",""Divide published 1970=100 index and bounds by 100; explicit metadata scale, not interpolation""]}]"
lpi-2024-owid-freshwater-1993-1993,lpi-2024-owid,OWID indicator 990513; updated 2024-09-30; snapshot 2026-10-08,LPR 2024,lpi-2024-owid-freshwater,ecosystem,Global,Freshwater,Monitored vertebrates,relative-index,index-1970-1,1970,1993,1993,0.4315753,source-bounds,0.32341188,0.57582074,,Interval confidence level not verified in chart metadata,,2024-09-30,2026-10-08,2026-10-08,index-1970-100,43.15753,"{""ci_high"":""57.582074000000006"",""ci_low"":""32.341187999999995"",""confidenceLevel"":null}",CC-BY-SA-4.0,https://creativecommons.org/licenses/by-sa/4.0/,"ZSL/WWF, Living Planet Index; source edition and retrieval date; Our World in Data processing where applicable.",36b87bf96cf579f6bcf5e9b97157573e897de62e65c7829bb9b3b460017d670c,"[{""datasetId"":""lpi-2024-owid"",""datasetVersion"":""OWID indicator 990513; updated 2024-09-30; snapshot 2026-10-08"",""sourceId"":""owid-lpi-2024"",""sourceUrl"":""https://ourworldindata.org/grapher/global-living-planet-index"",""sourceDate"":""2024-09-30"",""sourceEdition"":""LPR 2024"",""accessedDate"":""2026-10-08"",""inputPath"":""data/raw/public/owid-lpi-2024.csv"",""inputSha256"":""9764f5f4f9c9ff855090a34ba218b02d7878922eec485e7b42d497ce5b8b3f25"",""rowNumber"":177,""jsonPointer"":null,""locator"":""OWID lpi_final, ci_low, ci_high; conversionFactor=100; 2024 source edition"",""originalUnit"":""index-1970-100"",""originalValue"":""43.15753"",""originalUncertainty"":{""ci_high"":""57.582074000000006"",""ci_low"":""32.341187999999995"",""confidenceLevel"":null},""rawRecord"":{""ci_high"":""57.582074000000006"",""ci_low"":""32.341187999999995"",""code"":"""",""entity"":""Freshwater"",""lpi_final"":""43.15753"",""year"":""1993""},""transformations"":[""Whitespace/NFC normalization; original row retained"",""Divide published 1970=100 index and bounds by 100; explicit metadata scale, not interpolation""]}]"
lpi-2024-owid-freshwater-1994-1994,lpi-2024-owid,OWID indicator 990513; updated 2024-09-30; snapshot 2026-10-08,LPR 2024,lpi-2024-owid-freshwater,ecosystem,Global,Freshwater,Monitored vertebrates,relative-index,index-1970-1,1970,1994,1994,0.4099806,source-bounds,0.3059935,0.5499923,,Interval confidence level not verified in chart metadata,,2024-09-30,2026-10-08,2026-10-08,index-1970-100,40.998059999999995,"{""ci_high"":""54.99923"",""ci_low"":""30.599349999999998"",""confidenceLevel"":null}",CC-BY-SA-4.0,https://creativecommons.org/licenses/by-sa/4.0/,"ZSL/WWF, Living Planet Index; source edition and retrieval date; Our World in Data processing where applicable.",36b87bf96cf579f6bcf5e9b97157573e897de62e65c7829bb9b3b460017d670c,"[{""datasetId"":""lpi-2024-owid"",""datasetVersion"":""OWID indicator 990513; updated 2024-09-30; snapshot 2026-10-08"",""sourceId"":""owid-lpi-2024"",""sourceUrl"":""https://ourworldindata.org/grapher/global-living-planet-index"",""sourceDate"":""2024-09-30"",""sourceEdition"":""LPR 2024"",""accessedDate"":""2026-10-08"",""inputPath"":""data/raw/public/owid-lpi-2024.csv"",""inputSha256"":""9764f5f4f9c9ff855090a34ba218b02d7878922eec485e7b42d497ce5b8b3f25"",""rowNumber"":178,""jsonPointer"":null,""locator"":""OWID lpi_final, ci_low, ci_high; conversionFactor=100; 2024 source edition"",""originalUnit"":""index-1970-100"",""originalValue"":""40.998059999999995"",""originalUncertainty"":{""ci_high"":""54.99923"",""ci_low"":""30.599349999999998"",""confidenceLevel"":null},""rawRecord"":{""ci_high"":""54.99923"",""ci_low"":""30.599349999999998"",""code"":"""",""entity"":""Freshwater"",""lpi_final"":""40.998059999999995"",""year"":""1994""},""transformations"":[""Whitespace/NFC normalization; original row retained"",""Divide published 1970=100 index and bounds by 100; explicit metadata scale, not interpolation""]}]"
lpi-2024-owid-freshwater-1995-1995,lpi-2024-owid,OWID indicator 990513; updated 2024-09-30; snapshot 2026-10-08,LPR 2024,lpi-2024-owid-freshwater,ecosystem,Global,Freshwater,Monitored vertebrates,relative-index,index-1970-1,1970,1995,1995,0.38219362000000007,source-bounds,0.28407916,0.51462716,,Interval confidence level not verified in chart metadata,,2024-09-30,2026-10-08,2026-10-08,index-1970-100,38.219362000000004,"{""ci_high"":""51.462716"",""ci_low"":""28.407916"",""confidenceLevel"":null}",CC-BY-SA-4.0,https://creativecommons.org/licenses/by-sa/4.0/,"ZSL/WWF, Living Planet Index; source edition and retrieval date; Our World in Data processing where applicable.",36b87bf96cf579f6bcf5e9b97157573e897de62e65c7829bb9b3b460017d670c,"[{""datasetId"":""lpi-2024-owid"",""datasetVersion"":""OWID indicator 990513; updated 2024-09-30; snapshot 2026-10-08"",""sourceId"":""owid-lpi-2024"",""sourceUrl"":""https://ourworldindata.org/grapher/global-living-planet-index"",""sourceDate"":""2024-09-30"",""sourceEdition"":""LPR 2024"",""accessedDate"":""2026-10-08"",""inputPath"":""data/raw/public/owid-lpi-2024.csv"",""inputSha256"":""9764f5f4f9c9ff855090a34ba218b02d7878922eec485e7b42d497ce5b8b3f25"",""rowNumber"":179,""jsonPointer"":null,""locator"":""OWID lpi_final, ci_low, ci_high; conversionFactor=100; 2024 source edition"",""originalUnit"":""index-1970-100"",""originalValue"":""38.219362000000004"",""originalUncertainty"":{""ci_high"":""51.462716"",""ci_low"":""28.407916"",""confidenceLevel"":null},""rawRecord"":{""ci_high"":""51.462716"",""ci_low"":""28.407916"",""code"":"""",""entity"":""Freshwater"",""lpi_final"":""38.219362000000004"",""year"":""1995""},""transformations"":[""Whitespace/NFC normalization; original row retained"",""Divide published 1970=100 index and bounds by 100; explicit metadata scale, not interpolation""]}]"
lpi-2024-owid-freshwater-1996-1996,lpi-2024-owid,OWID indicator 990513; updated 2024-09-30; snapshot 2026-10-08,LPR 2024,lpi-2024-owid-freshwater,ecosystem,Global,Freshwater,Monitored vertebrates,relative-index,index-1970-1,1970,1996,1996,0.36620688,source-bounds,0.2710934,0.49534264,,Interval confidence level not verified in chart metadata,,2024-09-30,2026-10-08,2026-10-08,index-1970-100,36.620688,"{""ci_high"":""49.534264"",""ci_low"":""27.10934"",""confidenceLevel"":null}",CC-BY-SA-4.0,https://creativecommons.org/licenses/by-sa/4.0/,"ZSL/WWF, Living Planet Index; source edition and retrieval date; Our World in Data processing where applicable.",36b87bf96cf579f6bcf5e9b97157573e897de62e65c7829bb9b3b460017d670c,"[{""datasetId"":""lpi-2024-owid"",""datasetVersion"":""OWID indicator 990513; updated 2024-09-30; snapshot 2026-10-08"",""sourceId"":""owid-lpi-2024"",""sourceUrl"":""https://ourworldindata.org/grapher/global-living-planet-index"",""sourceDate"":""2024-09-30"",""sourceEdition"":""LPR 2024"",""accessedDate"":""2026-10-08"",""inputPath"":""data/raw/public/owid-lpi-2024.csv"",""inputSha256"":""9764f5f4f9c9ff855090a34ba218b02d7878922eec485e7b42d497ce5b8b3f25"",""rowNumber"":180,""jsonPointer"":null,""locator"":""OWID lpi_final, ci_low, ci_high; conversionFactor=100; 2024 source edition"",""originalUnit"":""index-1970-100"",""originalValue"":""36.620688"",""originalUncertainty"":{""ci_high"":""49.534264"",""ci_low"":""27.10934"",""confidenceLevel"":null},""rawRecord"":{""ci_high"":""49.534264"",""ci_low"":""27.10934"",""code"":"""",""entity"":""Freshwater"",""lpi_final"":""36.620688"",""year"":""1996""},""transformations"":[""Whitespace/NFC normalization; original row retained"",""Divide published 1970=100 index and bounds by 100; explicit metadata scale, not interpolation""]}]"
lpi-2024-owid-freshwater-1997-1997,lpi-2024-owid,OWID indicator 990513; updated 2024-09-30; snapshot 2026-10-08,LPR 2024,lpi-2024-owid-freshwater,ecosystem,Global,Freshwater,Monitored vertebrates,relative-index,index-1970-1,1970,1997,1997,0.34177765,source-bounds,0.25199506,0.4650661,,Interval confidence level not verified in chart metadata,,2024-09-30,2026-10-08,2026-10-08,index-1970-100,34.177765,"{""ci_high"":""46.506609999999995"",""ci_low"":""25.199506"",""confidenceLevel"":null}",CC-BY-SA-4.0,https://creativecommons.org/licenses/by-sa/4.0/,"ZSL/WWF, Living Planet Index; source edition and retrieval date; Our World in Data processing where applicable.",36b87bf96cf579f6bcf5e9b97157573e897de62e65c7829bb9b3b460017d670c,"[{""datasetId"":""lpi-2024-owid"",""datasetVersion"":""OWID indicator 990513; updated 2024-09-30; snapshot 2026-10-08"",""sourceId"":""owid-lpi-2024"",""sourceUrl"":""https://ourworldindata.org/grapher/global-living-planet-index"",""sourceDate"":""2024-09-30"",""sourceEdition"":""LPR 2024"",""accessedDate"":""2026-10-08"",""inputPath"":""data/raw/public/owid-lpi-2024.csv"",""inputSha256"":""9764f5f4f9c9ff855090a34ba218b02d7878922eec485e7b42d497ce5b8b3f25"",""rowNumber"":181,""jsonPointer"":null,""locator"":""OWID lpi_final, ci_low, ci_high; conversionFactor=100; 2024 source edition"",""originalUnit"":""index-1970-100"",""originalValue"":""34.177765"",""originalUncertainty"":{""ci_high"":""46.506609999999995"",""ci_low"":""25.199506"",""confidenceLevel"":null},""rawRecord"":{""ci_high"":""46.506609999999995"",""ci_low"":""25.199506"",""code"":"""",""entity"":""Freshwater"",""lpi_final"":""34.177765"",""year"":""1997""},""transformations"":[""Whitespace/NFC normalization; original row retained"",""Divide published 1970=100 index and bounds by 100; explicit metadata scale, not interpolation""]}]"
lpi-2024-owid-freshwater-1998-1998,lpi-2024-owid,OWID indicator 990513; updated 2024-09-30; snapshot 2026-10-08,LPR 2024,lpi-2024-owid-freshwater,ecosystem,Global,Freshwater,Monitored vertebrates,relative-index,index-1970-1,1970,1998,1998,0.319803,source-bounds,0.23464794000000003,0.43739018,,Interval confidence level not verified in chart metadata,,2024-09-30,2026-10-08,2026-10-08,index-1970-100,31.9803,"{""ci_high"":""43.739018"",""ci_low"":""23.464794"",""confidenceLevel"":null}",CC-BY-SA-4.0,https://creativecommons.org/licenses/by-sa/4.0/,"ZSL/WWF, Living Planet Index; source edition and retrieval date; Our World in Data processing where applicable.",36b87bf96cf579f6bcf5e9b97157573e897de62e65c7829bb9b3b460017d670c,"[{""datasetId"":""lpi-2024-owid"",""datasetVersion"":""OWID indicator 990513; updated 2024-09-30; snapshot 2026-10-08"",""sourceId"":""owid-lpi-2024"",""sourceUrl"":""https://ourworldindata.org/grapher/global-living-planet-index"",""sourceDate"":""2024-09-30"",""sourceEdition"":""LPR 2024"",""accessedDate"":""2026-10-08"",""inputPath"":""data/raw/public/owid-lpi-2024.csv"",""inputSha256"":""9764f5f4f9c9ff855090a34ba218b02d7878922eec485e7b42d497ce5b8b3f25"",""rowNumber"":182,""jsonPointer"":null,""locator"":""OWID lpi_final, ci_low, ci_high; conversionFactor=100; 2024 source edition"",""originalUnit"":""index-1970-100"",""originalValue"":""31.9803"",""originalUncertainty"":{""ci_high"":""43.739018"",""ci_low"":""23.464794"",""confidenceLevel"":null},""rawRecord"":{""ci_high"":""43.739018"",""ci_low"":""23.464794"",""code"":"""",""entity"":""Freshwater"",""lpi_final"":""31.9803"",""year"":""1998""},""transformations"":[""Whitespace/NFC normalization; original row retained"",""Divide published 1970=100 index and bounds by 100; explicit metadata scale, not interpolation""]}]"
lpi-2024-owid-freshwater-1999-1999,lpi-2024-owid,OWID indicator 990513; updated 2024-09-30; snapshot 2026-10-08,LPR 2024,lpi-2024-owid-freshwater,ecosystem,Global,Freshwater,Monitored vertebrates,relative-index,index-1970-1,1970,1999,1999,0.29701427,source-bounds,0.2169364,0.4078633,,Interval confidence level not verified in chart metadata,,2024-09-30,2026-10-08,2026-10-08,index-1970-100,29.701427000000002,"{""ci_high"":""40.78633"",""ci_low"":""21.69364"",""confidenceLevel"":null}",CC-BY-SA-4.0,https://creativecommons.org/licenses/by-sa/4.0/,"ZSL/WWF, Living Planet Index; source edition and retrieval date; Our World in Data processing where applicable.",36b87bf96cf579f6bcf5e9b97157573e897de62e65c7829bb9b3b460017d670c,"[{""datasetId"":""lpi-2024-owid"",""datasetVersion"":""OWID indicator 990513; updated 2024-09-30; snapshot 2026-10-08"",""sourceId"":""owid-lpi-2024"",""sourceUrl"":""https://ourworldindata.org/grapher/global-living-planet-index"",""sourceDate"":""2024-09-30"",""sourceEdition"":""LPR 2024"",""accessedDate"":""2026-10-08"",""inputPath"":""data/raw/public/owid-lpi-2024.csv"",""inputSha256"":""9764f5f4f9c9ff855090a34ba218b02d7878922eec485e7b42d497ce5b8b3f25"",""rowNumber"":183,""jsonPointer"":null,""locator"":""OWID lpi_final, ci_low, ci_high; conversionFactor=100; 2024 source edition"",""originalUnit"":""index-1970-100"",""originalValue"":""29.701427000000002"",""originalUncertainty"":{""ci_high"":""40.78633"",""ci_low"":""21.69364"",""confidenceLevel"":null},""rawRecord"":{""ci_high"":""40.78633"",""ci_low"":""21.69364"",""code"":"""",""entity"":""Freshwater"",""lpi_final"":""29.701427000000002"",""year"":""1999""},""transformations"":[""Whitespace/NFC normalization; original row retained"",""Divide published 1970=100 index and bounds by 100; explicit metadata scale, not interpolation""]}]"
lpi-2024-owid-freshwater-2000-2000,lpi-2024-owid,OWID indicator 990513; updated 2024-09-30; snapshot 2026-10-08,LPR 2024,lpi-2024-owid-freshwater,ecosystem,Global,Freshwater,Monitored vertebrates,relative-index,index-1970-1,1970,2000,2000,0.28348047,source-bounds,0.20606549,0.39044443,,Interval confidence level not verified in chart metadata,,2024-09-30,2026-10-08,2026-10-08,index-1970-100,28.348046999999998,"{""ci_high"":""39.044443"",""ci_low"":""20.606548999999998"",""confidenceLevel"":null}",CC-BY-SA-4.0,https://creativecommons.org/licenses/by-sa/4.0/,"ZSL/WWF, Living Planet Index; source edition and retrieval date; Our World in Data processing where applicable.",36b87bf96cf579f6bcf5e9b97157573e897de62e65c7829bb9b3b460017d670c,"[{""datasetId"":""lpi-2024-owid"",""datasetVersion"":""OWID indicator 990513; updated 2024-09-30; snapshot 2026-10-08"",""sourceId"":""owid-lpi-2024"",""sourceUrl"":""https://ourworldindata.org/grapher/global-living-planet-index"",""sourceDate"":""2024-09-30"",""sourceEdition"":""LPR 2024"",""accessedDate"":""2026-10-08"",""inputPath"":""data/raw/public/owid-lpi-2024.csv"",""inputSha256"":""9764f5f4f9c9ff855090a34ba218b02d7878922eec485e7b42d497ce5b8b3f25"",""rowNumber"":184,""jsonPointer"":null,""locator"":""OWID lpi_final, ci_low, ci_high; conversionFactor=100; 2024 source edition"",""originalUnit"":""index-1970-100"",""originalValue"":""28.348046999999998"",""originalUncertainty"":{""ci_high"":""39.044443"",""ci_low"":""20.606548999999998"",""confidenceLevel"":null},""rawRecord"":{""ci_high"":""39.044443"",""ci_low"":""20.606548999999998"",""code"":"""",""entity"":""Freshwater"",""lpi_final"":""28.348046999999998"",""year"":""2000""},""transformations"":[""Whitespace/NFC normalization; original row retained"",""Divide published 1970=100 index and bounds by 100; explicit metadata scale, not interpolation""]}]"
lpi-2024-owid-freshwater-2001-2001,lpi-2024-owid,OWID indicator 990513; updated 2024-09-30; snapshot 2026-10-08,LPR 2024,lpi-2024-owid-freshwater,ecosystem,Global,Freshwater,Monitored vertebrates,relative-index,index-1970-1,1970,2001,2001,0.27037767,source-bounds,0.19559398000000003,0.3742447,,Interval confidence level not verified in chart metadata,,2024-09-30,2026-10-08,2026-10-08,index-1970-100,27.037767000000002,"{""ci_high"":""37.42447"",""ci_low"":""19.559398"",""confidenceLevel"":null}",CC-BY-SA-4.0,https://creativecommons.org/licenses/by-sa/4.0/,"ZSL/WWF, Living Planet Index; source edition and retrieval date; Our World in Data processing where applicable.",36b87bf96cf579f6bcf5e9b97157573e897de62e65c7829bb9b3b460017d670c,"[{""datasetId"":""lpi-2024-owid"",""datasetVersion"":""OWID indicator 990513; updated 2024-09-30; snapshot 2026-10-08"",""sourceId"":""owid-lpi-2024"",""sourceUrl"":""https://ourworldindata.org/grapher/global-living-planet-index"",""sourceDate"":""2024-09-30"",""sourceEdition"":""LPR 2024"",""accessedDate"":""2026-10-08"",""inputPath"":""data/raw/public/owid-lpi-2024.csv"",""inputSha256"":""9764f5f4f9c9ff855090a34ba218b02d7878922eec485e7b42d497ce5b8b3f25"",""rowNumber"":185,""jsonPointer"":null,""locator"":""OWID lpi_final, ci_low, ci_high; conversionFactor=100; 2024 source edition"",""originalUnit"":""index-1970-100"",""originalValue"":""27.037767000000002"",""originalUncertainty"":{""ci_high"":""37.42447"",""ci_low"":""19.559398"",""confidenceLevel"":null},""rawRecord"":{""ci_high"":""37.42447"",""ci_low"":""19.559398"",""code"":"""",""entity"":""Freshwater"",""lpi_final"":""27.037767000000002"",""year"":""2001""},""transformations"":[""Whitespace/NFC normalization; original row retained"",""Divide published 1970=100 index and bounds by 100; explicit metadata scale, not interpolation""]}]"
lpi-2024-owid-freshwater-2002-2002,lpi-2024-owid,OWID indicator 990513; updated 2024-09-30; snapshot 2026-10-08,LPR 2024,lpi-2024-owid-freshwater,ecosystem,Global,Freshwater,Monitored vertebrates,relative-index,index-1970-1,1970,2002,2002,0.2574576,source-bounds,0.18528287,0.3583897,,Interval confidence level not verified in chart metadata,,2024-09-30,2026-10-08,2026-10-08,index-1970-100,25.74576,"{""ci_high"":""35.838969999999996"",""ci_low"":""18.528287"",""confidenceLevel"":null}",CC-BY-SA-4.0,https://creativecommons.org/licenses/by-sa/4.0/,"ZSL/WWF, Living Planet Index; source edition and retrieval date; Our World in Data processing where applicable.",36b87bf96cf579f6bcf5e9b97157573e897de62e65c7829bb9b3b460017d670c,"[{""datasetId"":""lpi-2024-owid"",""datasetVersion"":""OWID indicator 990513; updated 2024-09-30; snapshot 2026-10-08"",""sourceId"":""owid-lpi-2024"",""sourceUrl"":""https://ourworldindata.org/grapher/global-living-planet-index"",""sourceDate"":""2024-09-30"",""sourceEdition"":""LPR 2024"",""accessedDate"":""2026-10-08"",""inputPath"":""data/raw/public/owid-lpi-2024.csv"",""inputSha256"":""9764f5f4f9c9ff855090a34ba218b02d7878922eec485e7b42d497ce5b8b3f25"",""rowNumber"":186,""jsonPointer"":null,""locator"":""OWID lpi_final, ci_low, ci_high; conversionFactor=100; 2024 source edition"",""originalUnit"":""index-1970-100"",""originalValue"":""25.74576"",""originalUncertainty"":{""ci_high"":""35.838969999999996"",""ci_low"":""18.528287"",""confidenceLevel"":null},""rawRecord"":{""ci_high"":""35.838969999999996"",""ci_low"":""18.528287"",""code"":"""",""entity"":""Freshwater"",""lpi_final"":""25.74576"",""year"":""2002""},""transformations"":[""Whitespace/NFC normalization; original row retained"",""Divide published 1970=100 index and bounds by 100; explicit metadata scale, not interpolation""]}]"
lpi-2024-owid-freshwater-2003-2003,lpi-2024-owid,OWID indicator 990513; updated 2024-09-30; snapshot 2026-10-08,LPR 2024,lpi-2024-owid-freshwater,ecosystem,Global,Freshwater,Monitored vertebrates,relative-index,index-1970-1,1970,2003,2003,0.24708813,source-bounds,0.176736,0.34658160000000005,,Interval confidence level not verified in chart metadata,,2024-09-30,2026-10-08,2026-10-08,index-1970-100,24.708813,"{""ci_high"":""34.65816"",""ci_low"":""17.6736"",""confidenceLevel"":null}",CC-BY-SA-4.0,https://creativecommons.org/licenses/by-sa/4.0/,"ZSL/WWF, Living Planet Index; source edition and retrieval date; Our World in Data processing where applicable.",36b87bf96cf579f6bcf5e9b97157573e897de62e65c7829bb9b3b460017d670c,"[{""datasetId"":""lpi-2024-owid"",""datasetVersion"":""OWID indicator 990513; updated 2024-09-30; snapshot 2026-10-08"",""sourceId"":""owid-lpi-2024"",""sourceUrl"":""https://ourworldindata.org/grapher/global-living-planet-index"",""sourceDate"":""2024-09-30"",""sourceEdition"":""LPR 2024"",""accessedDate"":""2026-10-08"",""inputPath"":""data/raw/public/owid-lpi-2024.csv"",""inputSha256"":""9764f5f4f9c9ff855090a34ba218b02d7878922eec485e7b42d497ce5b8b3f25"",""rowNumber"":187,""jsonPointer"":null,""locator"":""OWID lpi_final, ci_low, ci_high; conversionFactor=100; 2024 source edition"",""originalUnit"":""index-1970-100"",""originalValue"":""24.708813"",""originalUncertainty"":{""ci_high"":""34.65816"",""ci_low"":""17.6736"",""confidenceLevel"":null},""rawRecord"":{""ci_high"":""34.65816"",""ci_low"":""17.6736"",""code"":"""",""entity"":""Freshwater"",""lpi_final"":""24.708813"",""year"":""2003""},""transformations"":[""Whitespace/NFC normalization; original row retained"",""Divide published 1970=100 index and bounds by 100; explicit metadata scale, not interpolation""]}]"
lpi-2024-owid-freshwater-2004-2004,lpi-2024-owid,OWID indicator 990513; updated 2024-09-30; snapshot 2026-10-08,LPR 2024,lpi-2024-owid-freshwater,ecosystem,Global,Freshwater,Monitored vertebrates,relative-index,index-1970-1,1970,2004,2004,0.23750272,source-bounds,0.16887097,0.33571196000000003,,Interval confidence level not verified in chart metadata,,2024-09-30,2026-10-08,2026-10-08,index-1970-100,23.750272,"{""ci_high"":""33.571196"",""ci_low"":""16.887097"",""confidenceLevel"":null}",CC-BY-SA-4.0,https://creativecommons.org/licenses/by-sa/4.0/,"ZSL/WWF, Living Planet Index; source edition and retrieval date; Our World in Data processing where applicable.",36b87bf96cf579f6bcf5e9b97157573e897de62e65c7829bb9b3b460017d670c,"[{""datasetId"":""lpi-2024-owid"",""datasetVersion"":""OWID indicator 990513; updated 2024-09-30; snapshot 2026-10-08"",""sourceId"":""owid-lpi-2024"",""sourceUrl"":""https://ourworldindata.org/grapher/global-living-planet-index"",""sourceDate"":""2024-09-30"",""sourceEdition"":""LPR 2024"",""accessedDate"":""2026-10-08"",""inputPath"":""data/raw/public/owid-lpi-2024.csv"",""inputSha256"":""9764f5f4f9c9ff855090a34ba218b02d7878922eec485e7b42d497ce5b8b3f25"",""rowNumber"":188,""jsonPointer"":null,""locator"":""OWID lpi_final, ci_low, ci_high; conversionFactor=100; 2024 source edition"",""originalUnit"":""index-1970-100"",""originalValue"":""23.750272"",""originalUncertainty"":{""ci_high"":""33.571196"",""ci_low"":""16.887097"",""confidenceLevel"":null},""rawRecord"":{""ci_high"":""33.571196"",""ci_low"":""16.887097"",""code"":"""",""entity"":""Freshwater"",""lpi_final"":""23.750272"",""year"":""2004""},""transformations"":[""Whitespace/NFC normalization; original row retained"",""Divide published 1970=100 index and bounds by 100; explicit metadata scale, not interpolation""]}]"
lpi-2024-owid-freshwater-2005-2005,lpi-2024-owid,OWID indicator 990513; updated 2024-09-30; snapshot 2026-10-08,LPR 2024,lpi-2024-owid-freshwater,ecosystem,Global,Freshwater,Monitored vertebrates,relative-index,index-1970-1,1970,2005,2005,0.22809732000000002,source-bounds,0.16093716,0.32466483000000007,,Interval confidence level not verified in chart metadata,,2024-09-30,2026-10-08,2026-10-08,index-1970-100,22.809732,"{""ci_high"":""32.466483000000004"",""ci_low"":""16.093716"",""confidenceLevel"":null}",CC-BY-SA-4.0,https://creativecommons.org/licenses/by-sa/4.0/,"ZSL/WWF, Living Planet Index; source edition and retrieval date; Our World in Data processing where applicable.",36b87bf96cf579f6bcf5e9b97157573e897de62e65c7829bb9b3b460017d670c,"[{""datasetId"":""lpi-2024-owid"",""datasetVersion"":""OWID indicator 990513; updated 2024-09-30; snapshot 2026-10-08"",""sourceId"":""owid-lpi-2024"",""sourceUrl"":""https://ourworldindata.org/grapher/global-living-planet-index"",""sourceDate"":""2024-09-30"",""sourceEdition"":""LPR 2024"",""accessedDate"":""2026-10-08"",""inputPath"":""data/raw/public/owid-lpi-2024.csv"",""inputSha256"":""9764f5f4f9c9ff855090a34ba218b02d7878922eec485e7b42d497ce5b8b3f25"",""rowNumber"":189,""jsonPointer"":null,""locator"":""OWID lpi_final, ci_low, ci_high; conversionFactor=100; 2024 source edition"",""originalUnit"":""index-1970-100"",""originalValue"":""22.809732"",""originalUncertainty"":{""ci_high"":""32.466483000000004"",""ci_low"":""16.093716"",""confidenceLevel"":null},""rawRecord"":{""ci_high"":""32.466483000000004"",""ci_low"":""16.093716"",""code"":"""",""entity"":""Freshwater"",""lpi_final"":""22.809732"",""year"":""2005""},""transformations"":[""Whitespace/NFC normalization; original row retained"",""Divide published 1970=100 index and bounds by 100; explicit metadata scale, not interpolation""]}]"
lpi-2024-owid-freshwater-2006-2006,lpi-2024-owid,OWID indicator 990513; updated 2024-09-30; snapshot 2026-10-08,LPR 2024,lpi-2024-owid-freshwater,ecosystem,Global,Freshwater,Monitored vertebrates,relative-index,index-1970-1,1970,2006,2006,0.21496353000000004,source-bounds,0.15078409,0.30737883,,Interval confidence level not verified in chart metadata,,2024-09-30,2026-10-08,2026-10-08,index-1970-100,21.496353000000003,"{""ci_high"":""30.737883"",""ci_low"":""15.078409"",""confidenceLevel"":null}",CC-BY-SA-4.0,https://creativecommons.org/licenses/by-sa/4.0/,"ZSL/WWF, Living Planet Index; source edition and retrieval date; Our World in Data processing where applicable.",36b87bf96cf579f6bcf5e9b97157573e897de62e65c7829bb9b3b460017d670c,"[{""datasetId"":""lpi-2024-owid"",""datasetVersion"":""OWID indicator 990513; updated 2024-09-30; snapshot 2026-10-08"",""sourceId"":""owid-lpi-2024"",""sourceUrl"":""https://ourworldindata.org/grapher/global-living-planet-index"",""sourceDate"":""2024-09-30"",""sourceEdition"":""LPR 2024"",""accessedDate"":""2026-10-08"",""inputPath"":""data/raw/public/owid-lpi-2024.csv"",""inputSha256"":""9764f5f4f9c9ff855090a34ba218b02d7878922eec485e7b42d497ce5b8b3f25"",""rowNumber"":190,""jsonPointer"":null,""locator"":""OWID lpi_final, ci_low, ci_high; conversionFactor=100; 2024 source edition"",""originalUnit"":""index-1970-100"",""originalValue"":""21.496353000000003"",""originalUncertainty"":{""ci_high"":""30.737883"",""ci_low"":""15.078409"",""confidenceLevel"":null},""rawRecord"":{""ci_high"":""30.737883"",""ci_low"":""15.078409"",""code"":"""",""entity"":""Freshwater"",""lpi_final"":""21.496353000000003"",""year"":""2006""},""transformations"":[""Whitespace/NFC normalization; original row retained"",""Divide published 1970=100 index and bounds by 100; explicit metadata scale, not interpolation""]}]"
lpi-2024-owid-freshwater-2007-2007,lpi-2024-owid,OWID indicator 990513; updated 2024-09-30; snapshot 2026-10-08,LPR 2024,lpi-2024-owid-freshwater,ecosystem,Global,Freshwater,Monitored vertebrates,relative-index,index-1970-1,1970,2007,2007,0.20477219,source-bounds,0.14259061,0.29449975,,Interval confidence level not verified in chart metadata,,2024-09-30,2026-10-08,2026-10-08,index-1970-100,20.477218999999998,"{""ci_high"":""29.449975000000002"",""ci_low"":""14.259061"",""confidenceLevel"":null}",CC-BY-SA-4.0,https://creativecommons.org/licenses/by-sa/4.0/,"ZSL/WWF, Living Planet Index; source edition and retrieval date; Our World in Data processing where applicable.",36b87bf96cf579f6bcf5e9b97157573e897de62e65c7829bb9b3b460017d670c,"[{""datasetId"":""lpi-2024-owid"",""datasetVersion"":""OWID indicator 990513; updated 2024-09-30; snapshot 2026-10-08"",""sourceId"":""owid-lpi-2024"",""sourceUrl"":""https://ourworldindata.org/grapher/global-living-planet-index"",""sourceDate"":""2024-09-30"",""sourceEdition"":""LPR 2024"",""accessedDate"":""2026-10-08"",""inputPath"":""data/raw/public/owid-lpi-2024.csv"",""inputSha256"":""9764f5f4f9c9ff855090a34ba218b02d7878922eec485e7b42d497ce5b8b3f25"",""rowNumber"":191,""jsonPointer"":null,""locator"":""OWID lpi_final, ci_low, ci_high; conversionFactor=100; 2024 source edition"",""originalUnit"":""index-1970-100"",""originalValue"":""20.477218999999998"",""originalUncertainty"":{""ci_high"":""29.449975000000002"",""ci_low"":""14.259061"",""confidenceLevel"":null},""rawRecord"":{""ci_high"":""29.449975000000002"",""ci_low"":""14.259061"",""code"":"""",""entity"":""Freshwater"",""lpi_final"":""20.477218999999998"",""year"":""2007""},""transformations"":[""Whitespace/NFC normalization; original row retained"",""Divide published 1970=100 index and bounds by 100; explicit metadata scale, not interpolation""]}]"
lpi-2024-owid-freshwater-2008-2008,lpi-2024-owid,OWID indicator 990513; updated 2024-09-30; snapshot 2026-10-08,LPR 2024,lpi-2024-owid-freshwater,ecosystem,Global,Freshwater,Monitored vertebrates,relative-index,index-1970-1,1970,2008,2008,0.1942143,source-bounds,0.13446958,0.2813189,,Interval confidence level not verified in chart metadata,,2024-09-30,2026-10-08,2026-10-08,index-1970-100,19.42143,"{""ci_high"":""28.13189"",""ci_low"":""13.446958"",""confidenceLevel"":null}",CC-BY-SA-4.0,https://creativecommons.org/licenses/by-sa/4.0/,"ZSL/WWF, Living Planet Index; source edition and retrieval date; Our World in Data processing where applicable.",36b87bf96cf579f6bcf5e9b97157573e897de62e65c7829bb9b3b460017d670c,"[{""datasetId"":""lpi-2024-owid"",""datasetVersion"":""OWID indicator 990513; updated 2024-09-30; snapshot 2026-10-08"",""sourceId"":""owid-lpi-2024"",""sourceUrl"":""https://ourworldindata.org/grapher/global-living-planet-index"",""sourceDate"":""2024-09-30"",""sourceEdition"":""LPR 2024"",""accessedDate"":""2026-10-08"",""inputPath"":""data/raw/public/owid-lpi-2024.csv"",""inputSha256"":""9764f5f4f9c9ff855090a34ba218b02d7878922eec485e7b42d497ce5b8b3f25"",""rowNumber"":192,""jsonPointer"":null,""locator"":""OWID lpi_final, ci_low, ci_high; conversionFactor=100; 2024 source edition"",""originalUnit"":""index-1970-100"",""originalValue"":""19.42143"",""originalUncertainty"":{""ci_high"":""28.13189"",""ci_low"":""13.446958"",""confidenceLevel"":null},""rawRecord"":{""ci_high"":""28.13189"",""ci_low"":""13.446958"",""code"":"""",""entity"":""Freshwater"",""lpi_final"":""19.42143"",""year"":""2008""},""transformations"":[""Whitespace/NFC normalization; original row retained"",""Divide published 1970=100 index and bounds by 100; explicit metadata scale, not interpolation""]}]"
lpi-2024-owid-freshwater-2009-2009,lpi-2024-owid,OWID indicator 990513; updated 2024-09-30; snapshot 2026-10-08,LPR 2024,lpi-2024-owid-freshwater,ecosystem,Global,Freshwater,Monitored vertebrates,relative-index,index-1970-1,1970,2009,2009,0.18544841,source-bounds,0.12744154,0.27079186,,Interval confidence level not verified in chart metadata,,2024-09-30,2026-10-08,2026-10-08,index-1970-100,18.544841,"{""ci_high"":""27.079186"",""ci_low"":""12.744154"",""confidenceLevel"":null}",CC-BY-SA-4.0,https://creativecommons.org/licenses/by-sa/4.0/,"ZSL/WWF, Living Planet Index; source edition and retrieval date; Our World in Data processing where applicable.",36b87bf96cf579f6bcf5e9b97157573e897de62e65c7829bb9b3b460017d670c,"[{""datasetId"":""lpi-2024-owid"",""datasetVersion"":""OWID indicator 990513; updated 2024-09-30; snapshot 2026-10-08"",""sourceId"":""owid-lpi-2024"",""sourceUrl"":""https://ourworldindata.org/grapher/global-living-planet-index"",""sourceDate"":""2024-09-30"",""sourceEdition"":""LPR 2024"",""accessedDate"":""2026-10-08"",""inputPath"":""data/raw/public/owid-lpi-2024.csv"",""inputSha256"":""9764f5f4f9c9ff855090a34ba218b02d7878922eec485e7b42d497ce5b8b3f25"",""rowNumber"":193,""jsonPointer"":null,""locator"":""OWID lpi_final, ci_low, ci_high; conversionFactor=100; 2024 source edition"",""originalUnit"":""index-1970-100"",""originalValue"":""18.544841"",""originalUncertainty"":{""ci_high"":""27.079186"",""ci_low"":""12.744154"",""confidenceLevel"":null},""rawRecord"":{""ci_high"":""27.079186"",""ci_low"":""12.744154"",""code"":"""",""entity"":""Freshwater"",""lpi_final"":""18.544841"",""year"":""2009""},""transformations"":[""Whitespace/NFC normalization; original row retained"",""Divide published 1970=100 index and bounds by 100; explicit metadata scale, not interpolation""]}]"
lpi-2024-owid-freshwater-2010-2010,lpi-2024-owid,OWID indicator 990513; updated 2024-09-30; snapshot 2026-10-08,LPR 2024,lpi-2024-owid-freshwater,ecosystem,Global,Freshwater,Monitored vertebrates,relative-index,index-1970-1,1970,2010,2010,0.17565557,source-bounds,0.11964923,0.2592035,,Interval confidence level not verified in chart metadata,,2024-09-30,2026-10-08,2026-10-08,index-1970-100,17.565557000000002,"{""ci_high"":""25.92035"",""ci_low"":""11.964922999999999"",""confidenceLevel"":null}",CC-BY-SA-4.0,https://creativecommons.org/licenses/by-sa/4.0/,"ZSL/WWF, Living Planet Index; source edition and retrieval date; Our World in Data processing where applicable.",36b87bf96cf579f6bcf5e9b97157573e897de62e65c7829bb9b3b460017d670c,"[{""datasetId"":""lpi-2024-owid"",""datasetVersion"":""OWID indicator 990513; updated 2024-09-30; snapshot 2026-10-08"",""sourceId"":""owid-lpi-2024"",""sourceUrl"":""https://ourworldindata.org/grapher/global-living-planet-index"",""sourceDate"":""2024-09-30"",""sourceEdition"":""LPR 2024"",""accessedDate"":""2026-10-08"",""inputPath"":""data/raw/public/owid-lpi-2024.csv"",""inputSha256"":""9764f5f4f9c9ff855090a34ba218b02d7878922eec485e7b42d497ce5b8b3f25"",""rowNumber"":194,""jsonPointer"":null,""locator"":""OWID lpi_final, ci_low, ci_high; conversionFactor=100; 2024 source edition"",""originalUnit"":""index-1970-100"",""originalValue"":""17.565557000000002"",""originalUncertainty"":{""ci_high"":""25.92035"",""ci_low"":""11.964922999999999"",""confidenceLevel"":null},""rawRecord"":{""ci_high"":""25.92035"",""ci_low"":""11.964922999999999"",""code"":"""",""entity"":""Freshwater"",""lpi_final"":""17.565557000000002"",""year"":""2010""},""transformations"":[""Whitespace/NFC normalization; original row retained"",""Divide published 1970=100 index and bounds by 100; explicit metadata scale, not interpolation""]}]"
lpi-2024-owid-freshwater-2011-2011,lpi-2024-owid,OWID indicator 990513; updated 2024-09-30; snapshot 2026-10-08,LPR 2024,lpi-2024-owid-freshwater,ecosystem,Global,Freshwater,Monitored vertebrates,relative-index,index-1970-1,1970,2011,2011,0.16353667,source-bounds,0.11036079000000001,0.24336386,,Interval confidence level not verified in chart metadata,,2024-09-30,2026-10-08,2026-10-08,index-1970-100,16.353666999999998,"{""ci_high"":""24.336385999999997"",""ci_low"":""11.036079"",""confidenceLevel"":null}",CC-BY-SA-4.0,https://creativecommons.org/licenses/by-sa/4.0/,"ZSL/WWF, Living Planet Index; source edition and retrieval date; Our World in Data processing where applicable.",36b87bf96cf579f6bcf5e9b97157573e897de62e65c7829bb9b3b460017d670c,"[{""datasetId"":""lpi-2024-owid"",""datasetVersion"":""OWID indicator 990513; updated 2024-09-30; snapshot 2026-10-08"",""sourceId"":""owid-lpi-2024"",""sourceUrl"":""https://ourworldindata.org/grapher/global-living-planet-index"",""sourceDate"":""2024-09-30"",""sourceEdition"":""LPR 2024"",""accessedDate"":""2026-10-08"",""inputPath"":""data/raw/public/owid-lpi-2024.csv"",""inputSha256"":""9764f5f4f9c9ff855090a34ba218b02d7878922eec485e7b42d497ce5b8b3f25"",""rowNumber"":195,""jsonPointer"":null,""locator"":""OWID lpi_final, ci_low, ci_high; conversionFactor=100; 2024 source edition"",""originalUnit"":""index-1970-100"",""originalValue"":""16.353666999999998"",""originalUncertainty"":{""ci_high"":""24.336385999999997"",""ci_low"":""11.036079"",""confidenceLevel"":null},""rawRecord"":{""ci_high"":""24.336385999999997"",""ci_low"":""11.036079"",""code"":"""",""entity"":""Freshwater"",""lpi_final"":""16.353666999999998"",""year"":""2011""},""transformations"":[""Whitespace/NFC normalization; original row retained"",""Divide published 1970=100 index and bounds by 100; explicit metadata scale, not interpolation""]}]"
lpi-2024-owid-freshwater-2012-2012,lpi-2024-owid,OWID indicator 990513; updated 2024-09-30; snapshot 2026-10-08,LPR 2024,lpi-2024-owid-freshwater,ecosystem,Global,Freshwater,Monitored vertebrates,relative-index,index-1970-1,1970,2012,2012,0.1541621,source-bounds,0.10310328,0.23126236,,Interval confidence level not verified in chart metadata,,2024-09-30,2026-10-08,2026-10-08,index-1970-100,15.41621,"{""ci_high"":""23.126236"",""ci_low"":""10.310328"",""confidenceLevel"":null}",CC-BY-SA-4.0,https://creativecommons.org/licenses/by-sa/4.0/,"ZSL/WWF, Living Planet Index; source edition and retrieval date; Our World in Data processing where applicable.",36b87bf96cf579f6bcf5e9b97157573e897de62e65c7829bb9b3b460017d670c,"[{""datasetId"":""lpi-2024-owid"",""datasetVersion"":""OWID indicator 990513; updated 2024-09-30; snapshot 2026-10-08"",""sourceId"":""owid-lpi-2024"",""sourceUrl"":""https://ourworldindata.org/grapher/global-living-planet-index"",""sourceDate"":""2024-09-30"",""sourceEdition"":""LPR 2024"",""accessedDate"":""2026-10-08"",""inputPath"":""data/raw/public/owid-lpi-2024.csv"",""inputSha256"":""9764f5f4f9c9ff855090a34ba218b02d7878922eec485e7b42d497ce5b8b3f25"",""rowNumber"":196,""jsonPointer"":null,""locator"":""OWID lpi_final, ci_low, ci_high; conversionFactor=100; 2024 source edition"",""originalUnit"":""index-1970-100"",""originalValue"":""15.41621"",""originalUncertainty"":{""ci_high"":""23.126236"",""ci_low"":""10.310328"",""confidenceLevel"":null},""rawRecord"":{""ci_high"":""23.126236"",""ci_low"":""10.310328"",""code"":"""",""entity"":""Freshwater"",""lpi_final"":""15.41621"",""year"":""2012""},""transformations"":[""Whitespace/NFC normalization; original row retained"",""Divide published 1970=100 index and bounds by 100; explicit metadata scale, not interpolation""]}]"
lpi-2024-owid-freshwater-2013-2013,lpi-2024-owid,OWID indicator 990513; updated 2024-09-30; snapshot 2026-10-08,LPR 2024,lpi-2024-owid-freshwater,ecosystem,Global,Freshwater,Monitored vertebrates,relative-index,index-1970-1,1970,2013,2013,0.15310742,source-bounds,0.10198199,0.23042062,,Interval confidence level not verified in chart metadata,,2024-09-30,2026-10-08,2026-10-08,index-1970-100,15.310742,"{""ci_high"":""23.042061999999998"",""ci_low"":""10.198198999999999"",""confidenceLevel"":null}",CC-BY-SA-4.0,https://creativecommons.org/licenses/by-sa/4.0/,"ZSL/WWF, Living Planet Index; source edition and retrieval date; Our World in Data processing where applicable.",36b87bf96cf579f6bcf5e9b97157573e897de62e65c7829bb9b3b460017d670c,"[{""datasetId"":""lpi-2024-owid"",""datasetVersion"":""OWID indicator 990513; updated 2024-09-30; snapshot 2026-10-08"",""sourceId"":""owid-lpi-2024"",""sourceUrl"":""https://ourworldindata.org/grapher/global-living-planet-index"",""sourceDate"":""2024-09-30"",""sourceEdition"":""LPR 2024"",""accessedDate"":""2026-10-08"",""inputPath"":""data/raw/public/owid-lpi-2024.csv"",""inputSha256"":""9764f5f4f9c9ff855090a34ba218b02d7878922eec485e7b42d497ce5b8b3f25"",""rowNumber"":197,""jsonPointer"":null,""locator"":""OWID lpi_final, ci_low, ci_high; conversionFactor=100; 2024 source edition"",""originalUnit"":""index-1970-100"",""originalValue"":""15.310742"",""originalUncertainty"":{""ci_high"":""23.042061999999998"",""ci_low"":""10.198198999999999"",""confidenceLevel"":null},""rawRecord"":{""ci_high"":""23.042061999999998"",""ci_low"":""10.198198999999999"",""code"":"""",""entity"":""Freshwater"",""lpi_final"":""15.310742"",""year"":""2013""},""transformations"":[""Whitespace/NFC normalization; original row retained"",""Divide published 1970=100 index and bounds by 100; explicit metadata scale, not interpolation""]}]"
lpi-2024-owid-freshwater-2014-2014,lpi-2024-owid,OWID indicator 990513; updated 2024-09-30; snapshot 2026-10-08,LPR 2024,lpi-2024-owid-freshwater,ecosystem,Global,Freshwater,Monitored vertebrates,relative-index,index-1970-1,1970,2014,2014,0.15783352,source-bounds,0.10488863000000001,0.23846917,,Interval confidence level not verified in chart metadata,,2024-09-30,2026-10-08,2026-10-08,index-1970-100,15.783352,"{""ci_high"":""23.846917"",""ci_low"":""10.488863"",""confidenceLevel"":null}",CC-BY-SA-4.0,https://creativecommons.org/licenses/by-sa/4.0/,"ZSL/WWF, Living Planet Index; source edition and retrieval date; Our World in Data processing where applicable.",36b87bf96cf579f6bcf5e9b97157573e897de62e65c7829bb9b3b460017d670c,"[{""datasetId"":""lpi-2024-owid"",""datasetVersion"":""OWID indicator 990513; updated 2024-09-30; snapshot 2026-10-08"",""sourceId"":""owid-lpi-2024"",""sourceUrl"":""https://ourworldindata.org/grapher/global-living-planet-index"",""sourceDate"":""2024-09-30"",""sourceEdition"":""LPR 2024"",""accessedDate"":""2026-10-08"",""inputPath"":""data/raw/public/owid-lpi-2024.csv"",""inputSha256"":""9764f5f4f9c9ff855090a34ba218b02d7878922eec485e7b42d497ce5b8b3f25"",""rowNumber"":198,""jsonPointer"":null,""locator"":""OWID lpi_final, ci_low, ci_high; conversionFactor=100; 2024 source edition"",""originalUnit"":""index-1970-100"",""originalValue"":""15.783352"",""originalUncertainty"":{""ci_high"":""23.846917"",""ci_low"":""10.488863"",""confidenceLevel"":null},""rawRecord"":{""ci_high"":""23.846917"",""ci_low"":""10.488863"",""code"":"""",""entity"":""Freshwater"",""lpi_final"":""15.783352"",""year"":""2014""},""transformations"":[""Whitespace/NFC normalization; original row retained"",""Divide published 1970=100 index and bounds by 100; explicit metadata scale, not interpolation""]}]"
lpi-2024-owid-freshwater-2015-2015,lpi-2024-owid,OWID indicator 990513; updated 2024-09-30; snapshot 2026-10-08,LPR 2024,lpi-2024-owid-freshwater,ecosystem,Global,Freshwater,Monitored vertebrates,relative-index,index-1970-1,1970,2015,2015,0.16220301,source-bounds,0.1075936,0.24586739,,Interval confidence level not verified in chart metadata,,2024-09-30,2026-10-08,2026-10-08,index-1970-100,16.220301,"{""ci_high"":""24.586738999999998"",""ci_low"":""10.75936"",""confidenceLevel"":null}",CC-BY-SA-4.0,https://creativecommons.org/licenses/by-sa/4.0/,"ZSL/WWF, Living Planet Index; source edition and retrieval date; Our World in Data processing where applicable.",36b87bf96cf579f6bcf5e9b97157573e897de62e65c7829bb9b3b460017d670c,"[{""datasetId"":""lpi-2024-owid"",""datasetVersion"":""OWID indicator 990513; updated 2024-09-30; snapshot 2026-10-08"",""sourceId"":""owid-lpi-2024"",""sourceUrl"":""https://ourworldindata.org/grapher/global-living-planet-index"",""sourceDate"":""2024-09-30"",""sourceEdition"":""LPR 2024"",""accessedDate"":""2026-10-08"",""inputPath"":""data/raw/public/owid-lpi-2024.csv"",""inputSha256"":""9764f5f4f9c9ff855090a34ba218b02d7878922eec485e7b42d497ce5b8b3f25"",""rowNumber"":199,""jsonPointer"":null,""locator"":""OWID lpi_final, ci_low, ci_high; conversionFactor=100; 2024 source edition"",""originalUnit"":""index-1970-100"",""originalValue"":""16.220301"",""originalUncertainty"":{""ci_high"":""24.586738999999998"",""ci_low"":""10.75936"",""confidenceLevel"":null},""rawRecord"":{""ci_high"":""24.586738999999998"",""ci_low"":""10.75936"",""code"":"""",""entity"":""Freshwater"",""lpi_final"":""16.220301"",""year"":""2015""},""transformations"":[""Whitespace/NFC normalization; original row retained"",""Divide published 1970=100 index and bounds by 100; explicit metadata scale, not interpolation""]}]"
lpi-2024-owid-freshwater-2016-2016,lpi-2024-owid,OWID indicator 990513; updated 2024-09-30; snapshot 2026-10-08,LPR 2024,lpi-2024-owid-freshwater,ecosystem,Global,Freshwater,Monitored vertebrates,relative-index,index-1970-1,1970,2016,2016,0.16004752,source-bounds,0.10595112000000001,0.24309528,,Interval confidence level not verified in chart metadata,,2024-09-30,2026-10-08,2026-10-08,index-1970-100,16.004752,"{""ci_high"":""24.309528"",""ci_low"":""10.595112"",""confidenceLevel"":null}",CC-BY-SA-4.0,https://creativecommons.org/licenses/by-sa/4.0/,"ZSL/WWF, Living Planet Index; source edition and retrieval date; Our World in Data processing where applicable.",36b87bf96cf579f6bcf5e9b97157573e897de62e65c7829bb9b3b460017d670c,"[{""datasetId"":""lpi-2024-owid"",""datasetVersion"":""OWID indicator 990513; updated 2024-09-30; snapshot 2026-10-08"",""sourceId"":""owid-lpi-2024"",""sourceUrl"":""https://ourworldindata.org/grapher/global-living-planet-index"",""sourceDate"":""2024-09-30"",""sourceEdition"":""LPR 2024"",""accessedDate"":""2026-10-08"",""inputPath"":""data/raw/public/owid-lpi-2024.csv"",""inputSha256"":""9764f5f4f9c9ff855090a34ba218b02d7878922eec485e7b42d497ce5b8b3f25"",""rowNumber"":200,""jsonPointer"":null,""locator"":""OWID lpi_final, ci_low, ci_high; conversionFactor=100; 2024 source edition"",""originalUnit"":""index-1970-100"",""originalValue"":""16.004752"",""originalUncertainty"":{""ci_high"":""24.309528"",""ci_low"":""10.595112"",""confidenceLevel"":null},""rawRecord"":{""ci_high"":""24.309528"",""ci_low"":""10.595112"",""code"":"""",""entity"":""Freshwater"",""lpi_final"":""16.004752"",""year"":""2016""},""transformations"":[""Whitespace/NFC normalization; original row retained"",""Divide published 1970=100 index and bounds by 100; explicit metadata scale, not interpolation""]}]"
lpi-2024-owid-freshwater-2017-2017,lpi-2024-owid,OWID indicator 990513; updated 2024-09-30; snapshot 2026-10-08,LPR 2024,lpi-2024-owid-freshwater,ecosystem,Global,Freshwater,Monitored vertebrates,relative-index,index-1970-1,1970,2017,2017,0.1589659,source-bounds,0.10510856,0.24194585000000002,,Interval confidence level not verified in chart metadata,,2024-09-30,2026-10-08,2026-10-08,index-1970-100,15.89659,"{""ci_high"":""24.194585"",""ci_low"":""10.510856"",""confidenceLevel"":null}",CC-BY-SA-4.0,https://creativecommons.org/licenses/by-sa/4.0/,"ZSL/WWF, Living Planet Index; source edition and retrieval date; Our World in Data processing where applicable.",36b87bf96cf579f6bcf5e9b97157573e897de62e65c7829bb9b3b460017d670c,"[{""datasetId"":""lpi-2024-owid"",""datasetVersion"":""OWID indicator 990513; updated 2024-09-30; snapshot 2026-10-08"",""sourceId"":""owid-lpi-2024"",""sourceUrl"":""https://ourworldindata.org/grapher/global-living-planet-index"",""sourceDate"":""2024-09-30"",""sourceEdition"":""LPR 2024"",""accessedDate"":""2026-10-08"",""inputPath"":""data/raw/public/owid-lpi-2024.csv"",""inputSha256"":""9764f5f4f9c9ff855090a34ba218b02d7878922eec485e7b42d497ce5b8b3f25"",""rowNumber"":201,""jsonPointer"":null,""locator"":""OWID lpi_final, ci_low, ci_high; conversionFactor=100; 2024 source edition"",""originalUnit"":""index-1970-100"",""originalValue"":""15.89659"",""originalUncertainty"":{""ci_high"":""24.194585"",""ci_low"":""10.510856"",""confidenceLevel"":null},""rawRecord"":{""ci_high"":""24.194585"",""ci_low"":""10.510856"",""code"":"""",""entity"":""Freshwater"",""lpi_final"":""15.89659"",""year"":""2017""},""transformations"":[""Whitespace/NFC normalization; original row retained"",""Divide published 1970=100 index and bounds by 100; explicit metadata scale, not interpolation""]}]"
lpi-2024-owid-freshwater-2018-2018,lpi-2024-owid,OWID indicator 990513; updated 2024-09-30; snapshot 2026-10-08,LPR 2024,lpi-2024-owid-freshwater,ecosystem,Global,Freshwater,Monitored vertebrates,relative-index,index-1970-1,1970,2018,2018,0.15773053,source-bounds,0.10421389,0.24034216,,Interval confidence level not verified in chart metadata,,2024-09-30,2026-10-08,2026-10-08,index-1970-100,15.773053,"{""ci_high"":""24.034216"",""ci_low"":""10.421389"",""confidenceLevel"":null}",CC-BY-SA-4.0,https://creativecommons.org/licenses/by-sa/4.0/,"ZSL/WWF, Living Planet Index; source edition and retrieval date; Our World in Data processing where applicable.",36b87bf96cf579f6bcf5e9b97157573e897de62e65c7829bb9b3b460017d670c,"[{""datasetId"":""lpi-2024-owid"",""datasetVersion"":""OWID indicator 990513; updated 2024-09-30; snapshot 2026-10-08"",""sourceId"":""owid-lpi-2024"",""sourceUrl"":""https://ourworldindata.org/grapher/global-living-planet-index"",""sourceDate"":""2024-09-30"",""sourceEdition"":""LPR 2024"",""accessedDate"":""2026-10-08"",""inputPath"":""data/raw/public/owid-lpi-2024.csv"",""inputSha256"":""9764f5f4f9c9ff855090a34ba218b02d7878922eec485e7b42d497ce5b8b3f25"",""rowNumber"":202,""jsonPointer"":null,""locator"":""OWID lpi_final, ci_low, ci_high; conversionFactor=100; 2024 source edition"",""originalUnit"":""index-1970-100"",""originalValue"":""15.773053"",""originalUncertainty"":{""ci_high"":""24.034216"",""ci_low"":""10.421389"",""confidenceLevel"":null},""rawRecord"":{""ci_high"":""24.034216"",""ci_low"":""10.421389"",""code"":"""",""entity"":""Freshwater"",""lpi_final"":""15.773053"",""year"":""2018""},""transformations"":[""Whitespace/NFC normalization; original row retained"",""Divide published 1970=100 index and bounds by 100; explicit metadata scale, not interpolation""]}]"
lpi-2024-owid-freshwater-2019-2019,lpi-2024-owid,OWID indicator 990513; updated 2024-09-30; snapshot 2026-10-08,LPR 2024,lpi-2024-owid-freshwater,ecosystem,Global,Freshwater,Monitored vertebrates,relative-index,index-1970-1,1970,2019,2019,0.15531172,source-bounds,0.10273268,0.23702434,,Interval confidence level not verified in chart metadata,,2024-09-30,2026-10-08,2026-10-08,index-1970-100,15.531171999999998,"{""ci_high"":""23.702434"",""ci_low"":""10.273268"",""confidenceLevel"":null}",CC-BY-SA-4.0,https://creativecommons.org/licenses/by-sa/4.0/,"ZSL/WWF, Living Planet Index; source edition and retrieval date; Our World in Data processing where applicable.",36b87bf96cf579f6bcf5e9b97157573e897de62e65c7829bb9b3b460017d670c,"[{""datasetId"":""lpi-2024-owid"",""datasetVersion"":""OWID indicator 990513; updated 2024-09-30; snapshot 2026-10-08"",""sourceId"":""owid-lpi-2024"",""sourceUrl"":""https://ourworldindata.org/grapher/global-living-planet-index"",""sourceDate"":""2024-09-30"",""sourceEdition"":""LPR 2024"",""accessedDate"":""2026-10-08"",""inputPath"":""data/raw/public/owid-lpi-2024.csv"",""inputSha256"":""9764f5f4f9c9ff855090a34ba218b02d7878922eec485e7b42d497ce5b8b3f25"",""rowNumber"":203,""jsonPointer"":null,""locator"":""OWID lpi_final, ci_low, ci_high; conversionFactor=100; 2024 source edition"",""originalUnit"":""index-1970-100"",""originalValue"":""15.531171999999998"",""originalUncertainty"":{""ci_high"":""23.702434"",""ci_low"":""10.273268"",""confidenceLevel"":null},""rawRecord"":{""ci_high"":""23.702434"",""ci_low"":""10.273268"",""code"":"""",""entity"":""Freshwater"",""lpi_final"":""15.531171999999998"",""year"":""2019""},""transformations"":[""Whitespace/NFC normalization; original row retained"",""Divide published 1970=100 index and bounds by 100; explicit metadata scale, not interpolation""]}]"
lpi-2024-owid-freshwater-2020-2020,lpi-2024-owid,OWID indicator 990513; updated 2024-09-30; snapshot 2026-10-08,LPR 2024,lpi-2024-owid-freshwater,ecosystem,Global,Freshwater,Monitored vertebrates,relative-index,index-1970-1,1970,2020,2020,0.14783052,source-bounds,0.097944334,0.22584148000000004,,Interval confidence level not verified in chart metadata,,2024-09-30,2026-10-08,2026-10-08,index-1970-100,14.783052,"{""ci_high"":""22.584148000000003"",""ci_low"":""9.794433399999999"",""confidenceLevel"":null}",CC-BY-SA-4.0,https://creativecommons.org/licenses/by-sa/4.0/,"ZSL/WWF, Living Planet Index; source edition and retrieval date; Our World in Data processing where applicable.",36b87bf96cf579f6bcf5e9b97157573e897de62e65c7829bb9b3b460017d670c,"[{""datasetId"":""lpi-2024-owid"",""datasetVersion"":""OWID indicator 990513; updated 2024-09-30; snapshot 2026-10-08"",""sourceId"":""owid-lpi-2024"",""sourceUrl"":""https://ourworldindata.org/grapher/global-living-planet-index"",""sourceDate"":""2024-09-30"",""sourceEdition"":""LPR 2024"",""accessedDate"":""2026-10-08"",""inputPath"":""data/raw/public/owid-lpi-2024.csv"",""inputSha256"":""9764f5f4f9c9ff855090a34ba218b02d7878922eec485e7b42d497ce5b8b3f25"",""rowNumber"":204,""jsonPointer"":null,""locator"":""OWID lpi_final, ci_low, ci_high; conversionFactor=100; 2024 source edition"",""originalUnit"":""index-1970-100"",""originalValue"":""14.783052"",""originalUncertainty"":{""ci_high"":""22.584148000000003"",""ci_low"":""9.794433399999999"",""confidenceLevel"":null},""rawRecord"":{""ci_high"":""22.584148000000003"",""ci_low"":""9.794433399999999"",""code"":"""",""entity"":""Freshwater"",""lpi_final"":""14.783052"",""year"":""2020""},""transformations"":[""Whitespace/NFC normalization; original row retained"",""Divide published 1970=100 index and bounds by 100; explicit metadata scale, not interpolation""]}]"
lpi-2024-owid-latin-america-and-the-caribbean-1970-1970,lpi-2024-owid,OWID indicator 990513; updated 2024-09-30; snapshot 2026-10-08,LPR 2024,lpi-2024-owid-latin-america-and-the-caribbean,region,Latin America and Caribbean,All,Monitored vertebrates,relative-index,index-1970-1,1970,1970,1970,1,source-bounds,1,1,,Interval confidence level not verified in chart metadata,,2024-09-30,2026-10-08,2026-10-08,index-1970-100,100,"{""ci_high"":""100"",""ci_low"":""100"",""confidenceLevel"":null}",CC-BY-SA-4.0,https://creativecommons.org/licenses/by-sa/4.0/,"ZSL/WWF, Living Planet Index; source edition and retrieval date; Our World in Data processing where applicable.",36b87bf96cf579f6bcf5e9b97157573e897de62e65c7829bb9b3b460017d670c,"[{""datasetId"":""lpi-2024-owid"",""datasetVersion"":""OWID indicator 990513; updated 2024-09-30; snapshot 2026-10-08"",""sourceId"":""owid-lpi-2024"",""sourceUrl"":""https://ourworldindata.org/grapher/global-living-planet-index"",""sourceDate"":""2024-09-30"",""sourceEdition"":""LPR 2024"",""accessedDate"":""2026-10-08"",""inputPath"":""data/raw/public/owid-lpi-2024.csv"",""inputSha256"":""9764f5f4f9c9ff855090a34ba218b02d7878922eec485e7b42d497ce5b8b3f25"",""rowNumber"":205,""jsonPointer"":null,""locator"":""OWID lpi_final, ci_low, ci_high; conversionFactor=100; 2024 source edition"",""originalUnit"":""index-1970-100"",""originalValue"":""100"",""originalUncertainty"":{""ci_high"":""100"",""ci_low"":""100"",""confidenceLevel"":null},""rawRecord"":{""ci_high"":""100"",""ci_low"":""100"",""code"":"""",""entity"":""Latin America and the Caribbean"",""lpi_final"":""100"",""year"":""1970""},""transformations"":[""Whitespace/NFC normalization; original row retained"",""Divide published 1970=100 index and bounds by 100; explicit metadata scale, not interpolation""]}]"
lpi-2024-owid-latin-america-and-the-caribbean-1971-1971,lpi-2024-owid,OWID indicator 990513; updated 2024-09-30; snapshot 2026-10-08,LPR 2024,lpi-2024-owid-latin-america-and-the-caribbean,region,Latin America and Caribbean,All,Monitored vertebrates,relative-index,index-1970-1,1970,1971,1971,1.0100716,source-bounds,0.9841203000000001,1.0410949,,Interval confidence level not verified in chart metadata,,2024-09-30,2026-10-08,2026-10-08,index-1970-100,101.00716000000001,"{""ci_high"":""104.10949000000001"",""ci_low"":""98.41203"",""confidenceLevel"":null}",CC-BY-SA-4.0,https://creativecommons.org/licenses/by-sa/4.0/,"ZSL/WWF, Living Planet Index; source edition and retrieval date; Our World in Data processing where applicable.",36b87bf96cf579f6bcf5e9b97157573e897de62e65c7829bb9b3b460017d670c,"[{""datasetId"":""lpi-2024-owid"",""datasetVersion"":""OWID indicator 990513; updated 2024-09-30; snapshot 2026-10-08"",""sourceId"":""owid-lpi-2024"",""sourceUrl"":""https://ourworldindata.org/grapher/global-living-planet-index"",""sourceDate"":""2024-09-30"",""sourceEdition"":""LPR 2024"",""accessedDate"":""2026-10-08"",""inputPath"":""data/raw/public/owid-lpi-2024.csv"",""inputSha256"":""9764f5f4f9c9ff855090a34ba218b02d7878922eec485e7b42d497ce5b8b3f25"",""rowNumber"":206,""jsonPointer"":null,""locator"":""OWID lpi_final, ci_low, ci_high; conversionFactor=100; 2024 source edition"",""originalUnit"":""index-1970-100"",""originalValue"":""101.00716000000001"",""originalUncertainty"":{""ci_high"":""104.10949000000001"",""ci_low"":""98.41203"",""confidenceLevel"":null},""rawRecord"":{""ci_high"":""104.10949000000001"",""ci_low"":""98.41203"",""code"":"""",""entity"":""Latin America and the Caribbean"",""lpi_final"":""101.00716000000001"",""year"":""1971""},""transformations"":[""Whitespace/NFC normalization; original row retained"",""Divide published 1970=100 index and bounds by 100; explicit metadata scale, not interpolation""]}]"
lpi-2024-owid-latin-america-and-the-caribbean-1972-1972,lpi-2024-owid,OWID indicator 990513; updated 2024-09-30; snapshot 2026-10-08,LPR 2024,lpi-2024-owid-latin-america-and-the-caribbean,region,Latin America and Caribbean,All,Monitored vertebrates,relative-index,index-1970-1,1970,1972,1972,0.9945676,source-bounds,0.9357326600000001,1.0613146,,Interval confidence level not verified in chart metadata,,2024-09-30,2026-10-08,2026-10-08,index-1970-100,99.45676,"{""ci_high"":""106.13146"",""ci_low"":""93.573266"",""confidenceLevel"":null}",CC-BY-SA-4.0,https://creativecommons.org/licenses/by-sa/4.0/,"ZSL/WWF, Living Planet Index; source edition and retrieval date; Our World in Data processing where applicable.",36b87bf96cf579f6bcf5e9b97157573e897de62e65c7829bb9b3b460017d670c,"[{""datasetId"":""lpi-2024-owid"",""datasetVersion"":""OWID indicator 990513; updated 2024-09-30; snapshot 2026-10-08"",""sourceId"":""owid-lpi-2024"",""sourceUrl"":""https://ourworldindata.org/grapher/global-living-planet-index"",""sourceDate"":""2024-09-30"",""sourceEdition"":""LPR 2024"",""accessedDate"":""2026-10-08"",""inputPath"":""data/raw/public/owid-lpi-2024.csv"",""inputSha256"":""9764f5f4f9c9ff855090a34ba218b02d7878922eec485e7b42d497ce5b8b3f25"",""rowNumber"":207,""jsonPointer"":null,""locator"":""OWID lpi_final, ci_low, ci_high; conversionFactor=100; 2024 source edition"",""originalUnit"":""index-1970-100"",""originalValue"":""99.45676"",""originalUncertainty"":{""ci_high"":""106.13146"",""ci_low"":""93.573266"",""confidenceLevel"":null},""rawRecord"":{""ci_high"":""106.13146"",""ci_low"":""93.573266"",""code"":"""",""entity"":""Latin America and the Caribbean"",""lpi_final"":""99.45676"",""year"":""1972""},""transformations"":[""Whitespace/NFC normalization; original row retained"",""Divide published 1970=100 index and bounds by 100; explicit metadata scale, not interpolation""]}]"
lpi-2024-owid-latin-america-and-the-caribbean-1973-1973,lpi-2024-owid,OWID indicator 990513; updated 2024-09-30; snapshot 2026-10-08,LPR 2024,lpi-2024-owid-latin-america-and-the-caribbean,region,Latin America and Caribbean,All,Monitored vertebrates,relative-index,index-1970-1,1970,1973,1973,0.9500664000000001,source-bounds,0.85838896,1.0517311,,Interval confidence level not verified in chart metadata,,2024-09-30,2026-10-08,2026-10-08,index-1970-100,95.00664,"{""ci_high"":""105.17311000000001"",""ci_low"":""85.83889599999999"",""confidenceLevel"":null}",CC-BY-SA-4.0,https://creativecommons.org/licenses/by-sa/4.0/,"ZSL/WWF, Living Planet Index; source edition and retrieval date; Our World in Data processing where applicable.",36b87bf96cf579f6bcf5e9b97157573e897de62e65c7829bb9b3b460017d670c,"[{""datasetId"":""lpi-2024-owid"",""datasetVersion"":""OWID indicator 990513; updated 2024-09-30; snapshot 2026-10-08"",""sourceId"":""owid-lpi-2024"",""sourceUrl"":""https://ourworldindata.org/grapher/global-living-planet-index"",""sourceDate"":""2024-09-30"",""sourceEdition"":""LPR 2024"",""accessedDate"":""2026-10-08"",""inputPath"":""data/raw/public/owid-lpi-2024.csv"",""inputSha256"":""9764f5f4f9c9ff855090a34ba218b02d7878922eec485e7b42d497ce5b8b3f25"",""rowNumber"":208,""jsonPointer"":null,""locator"":""OWID lpi_final, ci_low, ci_high; conversionFactor=100; 2024 source edition"",""originalUnit"":""index-1970-100"",""originalValue"":""95.00664"",""originalUncertainty"":{""ci_high"":""105.17311000000001"",""ci_low"":""85.83889599999999"",""confidenceLevel"":null},""rawRecord"":{""ci_high"":""105.17311000000001"",""ci_low"":""85.83889599999999"",""code"":"""",""entity"":""Latin America and the Caribbean"",""lpi_final"":""95.00664"",""year"":""1973""},""transformations"":[""Whitespace/NFC normalization; original row retained"",""Divide published 1970=100 index and bounds by 100; explicit metadata scale, not interpolation""]}]"
lpi-2024-owid-latin-america-and-the-caribbean-1974-1974,lpi-2024-owid,OWID indicator 990513; updated 2024-09-30; snapshot 2026-10-08,LPR 2024,lpi-2024-owid-latin-america-and-the-caribbean,region,Latin America and Caribbean,All,Monitored vertebrates,relative-index,index-1970-1,1970,1974,1974,0.89129627,source-bounds,0.76631725,1.0299207,,Interval confidence level not verified in chart metadata,,2024-09-30,2026-10-08,2026-10-08,index-1970-100,89.129627,"{""ci_high"":""102.99206999999998"",""ci_low"":""76.63172499999999"",""confidenceLevel"":null}",CC-BY-SA-4.0,https://creativecommons.org/licenses/by-sa/4.0/,"ZSL/WWF, Living Planet Index; source edition and retrieval date; Our World in Data processing where applicable.",36b87bf96cf579f6bcf5e9b97157573e897de62e65c7829bb9b3b460017d670c,"[{""datasetId"":""lpi-2024-owid"",""datasetVersion"":""OWID indicator 990513; updated 2024-09-30; snapshot 2026-10-08"",""sourceId"":""owid-lpi-2024"",""sourceUrl"":""https://ourworldindata.org/grapher/global-living-planet-index"",""sourceDate"":""2024-09-30"",""sourceEdition"":""LPR 2024"",""accessedDate"":""2026-10-08"",""inputPath"":""data/raw/public/owid-lpi-2024.csv"",""inputSha256"":""9764f5f4f9c9ff855090a34ba218b02d7878922eec485e7b42d497ce5b8b3f25"",""rowNumber"":209,""jsonPointer"":null,""locator"":""OWID lpi_final, ci_low, ci_high; conversionFactor=100; 2024 source edition"",""originalUnit"":""index-1970-100"",""originalValue"":""89.129627"",""originalUncertainty"":{""ci_high"":""102.99206999999998"",""ci_low"":""76.63172499999999"",""confidenceLevel"":null},""rawRecord"":{""ci_high"":""102.99206999999998"",""ci_low"":""76.63172499999999"",""code"":"""",""entity"":""Latin America and the Caribbean"",""lpi_final"":""89.129627"",""year"":""1974""},""transformations"":[""Whitespace/NFC normalization; original row retained"",""Divide published 1970=100 index and bounds by 100; explicit metadata scale, not interpolation""]}]"
lpi-2024-owid-latin-america-and-the-caribbean-1975-1975,lpi-2024-owid,OWID indicator 990513; updated 2024-09-30; snapshot 2026-10-08,LPR 2024,lpi-2024-owid-latin-america-and-the-caribbean,region,Latin America and Caribbean,All,Monitored vertebrates,relative-index,index-1970-1,1970,1975,1975,0.82746035,source-bounds,0.6861408,0.9884500500000001,,Interval confidence level not verified in chart metadata,,2024-09-30,2026-10-08,2026-10-08,index-1970-100,82.74603499999999,"{""ci_high"":""98.845005"",""ci_low"":""68.61408"",""confidenceLevel"":null}",CC-BY-SA-4.0,https://creativecommons.org/licenses/by-sa/4.0/,"ZSL/WWF, Living Planet Index; source edition and retrieval date; Our World in Data processing where applicable.",36b87bf96cf579f6bcf5e9b97157573e897de62e65c7829bb9b3b460017d670c,"[{""datasetId"":""lpi-2024-owid"",""datasetVersion"":""OWID indicator 990513; updated 2024-09-30; snapshot 2026-10-08"",""sourceId"":""owid-lpi-2024"",""sourceUrl"":""https://ourworldindata.org/grapher/global-living-planet-index"",""sourceDate"":""2024-09-30"",""sourceEdition"":""LPR 2024"",""accessedDate"":""2026-10-08"",""inputPath"":""data/raw/public/owid-lpi-2024.csv"",""inputSha256"":""9764f5f4f9c9ff855090a34ba218b02d7878922eec485e7b42d497ce5b8b3f25"",""rowNumber"":210,""jsonPointer"":null,""locator"":""OWID lpi_final, ci_low, ci_high; conversionFactor=100; 2024 source edition"",""originalUnit"":""index-1970-100"",""originalValue"":""82.74603499999999"",""originalUncertainty"":{""ci_high"":""98.845005"",""ci_low"":""68.61408"",""confidenceLevel"":null},""rawRecord"":{""ci_high"":""98.845005"",""ci_low"":""68.61408"",""code"":"""",""entity"":""Latin America and the Caribbean"",""lpi_final"":""82.74603499999999"",""year"":""1975""},""transformations"":[""Whitespace/NFC normalization; original row retained"",""Divide published 1970=100 index and bounds by 100; explicit metadata scale, not interpolation""]}]"
lpi-2024-owid-latin-america-and-the-caribbean-1976-1976,lpi-2024-owid,OWID indicator 990513; updated 2024-09-30; snapshot 2026-10-08,LPR 2024,lpi-2024-owid-latin-america-and-the-caribbean,region,Latin America and Caribbean,All,Monitored vertebrates,relative-index,index-1970-1,1970,1976,1976,0.7716729,source-bounds,0.6251169,0.9442616000000001,,Interval confidence level not verified in chart metadata,,2024-09-30,2026-10-08,2026-10-08,index-1970-100,77.16729,"{""ci_high"":""94.42616000000001"",""ci_low"":""62.511689999999994"",""confidenceLevel"":null}",CC-BY-SA-4.0,https://creativecommons.org/licenses/by-sa/4.0/,"ZSL/WWF, Living Planet Index; source edition and retrieval date; Our World in Data processing where applicable.",36b87bf96cf579f6bcf5e9b97157573e897de62e65c7829bb9b3b460017d670c,"[{""datasetId"":""lpi-2024-owid"",""datasetVersion"":""OWID indicator 990513; updated 2024-09-30; snapshot 2026-10-08"",""sourceId"":""owid-lpi-2024"",""sourceUrl"":""https://ourworldindata.org/grapher/global-living-planet-index"",""sourceDate"":""2024-09-30"",""sourceEdition"":""LPR 2024"",""accessedDate"":""2026-10-08"",""inputPath"":""data/raw/public/owid-lpi-2024.csv"",""inputSha256"":""9764f5f4f9c9ff855090a34ba218b02d7878922eec485e7b42d497ce5b8b3f25"",""rowNumber"":211,""jsonPointer"":null,""locator"":""OWID lpi_final, ci_low, ci_high; conversionFactor=100; 2024 source edition"",""originalUnit"":""index-1970-100"",""originalValue"":""77.16729"",""originalUncertainty"":{""ci_high"":""94.42616000000001"",""ci_low"":""62.511689999999994"",""confidenceLevel"":null},""rawRecord"":{""ci_high"":""94.42616000000001"",""ci_low"":""62.511689999999994"",""code"":"""",""entity"":""Latin America and the Caribbean"",""lpi_final"":""77.16729"",""year"":""1976""},""transformations"":[""Whitespace/NFC normalization; original row retained"",""Divide published 1970=100 index and bounds by 100; explicit metadata scale, not interpolation""]}]"
lpi-2024-owid-latin-america-and-the-caribbean-1977-1977,lpi-2024-owid,OWID indicator 990513; updated 2024-09-30; snapshot 2026-10-08,LPR 2024,lpi-2024-owid-latin-america-and-the-caribbean,region,Latin America and Caribbean,All,Monitored vertebrates,relative-index,index-1970-1,1970,1977,1977,0.7191493,source-bounds,0.5783889,0.8887658,,Interval confidence level not verified in chart metadata,,2024-09-30,2026-10-08,2026-10-08,index-1970-100,71.91493,"{""ci_high"":""88.87658"",""ci_low"":""57.83889"",""confidenceLevel"":null}",CC-BY-SA-4.0,https://creativecommons.org/licenses/by-sa/4.0/,"ZSL/WWF, Living Planet Index; source edition and retrieval date; Our World in Data processing where applicable.",36b87bf96cf579f6bcf5e9b97157573e897de62e65c7829bb9b3b460017d670c,"[{""datasetId"":""lpi-2024-owid"",""datasetVersion"":""OWID indicator 990513; updated 2024-09-30; snapshot 2026-10-08"",""sourceId"":""owid-lpi-2024"",""sourceUrl"":""https://ourworldindata.org/grapher/global-living-planet-index"",""sourceDate"":""2024-09-30"",""sourceEdition"":""LPR 2024"",""accessedDate"":""2026-10-08"",""inputPath"":""data/raw/public/owid-lpi-2024.csv"",""inputSha256"":""9764f5f4f9c9ff855090a34ba218b02d7878922eec485e7b42d497ce5b8b3f25"",""rowNumber"":212,""jsonPointer"":null,""locator"":""OWID lpi_final, ci_low, ci_high; conversionFactor=100; 2024 source edition"",""originalUnit"":""index-1970-100"",""originalValue"":""71.91493"",""originalUncertainty"":{""ci_high"":""88.87658"",""ci_low"":""57.83889"",""confidenceLevel"":null},""rawRecord"":{""ci_high"":""88.87658"",""ci_low"":""57.83889"",""code"":"""",""entity"":""Latin America and the Caribbean"",""lpi_final"":""71.91493"",""year"":""1977""},""transformations"":[""Whitespace/NFC normalization; original row retained"",""Divide published 1970=100 index and bounds by 100; explicit metadata scale, not interpolation""]}]"
lpi-2024-owid-latin-america-and-the-caribbean-1978-1978,lpi-2024-owid,OWID indicator 990513; updated 2024-09-30; snapshot 2026-10-08,LPR 2024,lpi-2024-owid-latin-america-and-the-caribbean,region,Latin America and Caribbean,All,Monitored vertebrates,relative-index,index-1970-1,1970,1978,1978,0.68224823,source-bounds,0.5474471,0.8476329,,Interval confidence level not verified in chart metadata,,2024-09-30,2026-10-08,2026-10-08,index-1970-100,68.224823,"{""ci_high"":""84.76329"",""ci_low"":""54.74471"",""confidenceLevel"":null}",CC-BY-SA-4.0,https://creativecommons.org/licenses/by-sa/4.0/,"ZSL/WWF, Living Planet Index; source edition and retrieval date; Our World in Data processing where applicable.",36b87bf96cf579f6bcf5e9b97157573e897de62e65c7829bb9b3b460017d670c,"[{""datasetId"":""lpi-2024-owid"",""datasetVersion"":""OWID indicator 990513; updated 2024-09-30; snapshot 2026-10-08"",""sourceId"":""owid-lpi-2024"",""sourceUrl"":""https://ourworldindata.org/grapher/global-living-planet-index"",""sourceDate"":""2024-09-30"",""sourceEdition"":""LPR 2024"",""accessedDate"":""2026-10-08"",""inputPath"":""data/raw/public/owid-lpi-2024.csv"",""inputSha256"":""9764f5f4f9c9ff855090a34ba218b02d7878922eec485e7b42d497ce5b8b3f25"",""rowNumber"":213,""jsonPointer"":null,""locator"":""OWID lpi_final, ci_low, ci_high; conversionFactor=100; 2024 source edition"",""originalUnit"":""index-1970-100"",""originalValue"":""68.224823"",""originalUncertainty"":{""ci_high"":""84.76329"",""ci_low"":""54.74471"",""confidenceLevel"":null},""rawRecord"":{""ci_high"":""84.76329"",""ci_low"":""54.74471"",""code"":"""",""entity"":""Latin America and the Caribbean"",""lpi_final"":""68.224823"",""year"":""1978""},""transformations"":[""Whitespace/NFC normalization; original row retained"",""Divide published 1970=100 index and bounds by 100; explicit metadata scale, not interpolation""]}]"
lpi-2024-owid-latin-america-and-the-caribbean-1979-1979,lpi-2024-owid,OWID indicator 990513; updated 2024-09-30; snapshot 2026-10-08,LPR 2024,lpi-2024-owid-latin-america-and-the-caribbean,region,Latin America and Caribbean,All,Monitored vertebrates,relative-index,index-1970-1,1970,1979,1979,0.6598164,source-bounds,0.52813953,0.8241567,,Interval confidence level not verified in chart metadata,,2024-09-30,2026-10-08,2026-10-08,index-1970-100,65.98164,"{""ci_high"":""82.41566999999999"",""ci_low"":""52.813953000000005"",""confidenceLevel"":null}",CC-BY-SA-4.0,https://creativecommons.org/licenses/by-sa/4.0/,"ZSL/WWF, Living Planet Index; source edition and retrieval date; Our World in Data processing where applicable.",36b87bf96cf579f6bcf5e9b97157573e897de62e65c7829bb9b3b460017d670c,"[{""datasetId"":""lpi-2024-owid"",""datasetVersion"":""OWID indicator 990513; updated 2024-09-30; snapshot 2026-10-08"",""sourceId"":""owid-lpi-2024"",""sourceUrl"":""https://ourworldindata.org/grapher/global-living-planet-index"",""sourceDate"":""2024-09-30"",""sourceEdition"":""LPR 2024"",""accessedDate"":""2026-10-08"",""inputPath"":""data/raw/public/owid-lpi-2024.csv"",""inputSha256"":""9764f5f4f9c9ff855090a34ba218b02d7878922eec485e7b42d497ce5b8b3f25"",""rowNumber"":214,""jsonPointer"":null,""locator"":""OWID lpi_final, ci_low, ci_high; conversionFactor=100; 2024 source edition"",""originalUnit"":""index-1970-100"",""originalValue"":""65.98164"",""originalUncertainty"":{""ci_high"":""82.41566999999999"",""ci_low"":""52.813953000000005"",""confidenceLevel"":null},""rawRecord"":{""ci_high"":""82.41566999999999"",""ci_low"":""52.813953000000005"",""code"":"""",""entity"":""Latin America and the Caribbean"",""lpi_final"":""65.98164"",""year"":""1979""},""transformations"":[""Whitespace/NFC normalization; original row retained"",""Divide published 1970=100 index and bounds by 100; explicit metadata scale, not interpolation""]}]"
lpi-2024-owid-latin-america-and-the-caribbean-1980-1980,lpi-2024-owid,OWID indicator 990513; updated 2024-09-30; snapshot 2026-10-08,LPR 2024,lpi-2024-owid-latin-america-and-the-caribbean,region,Latin America and Caribbean,All,Monitored vertebrates,relative-index,index-1970-1,1970,1980,1980,0.6343763,source-bounds,0.50652254,0.7961504000000001,,Interval confidence level not verified in chart metadata,,2024-09-30,2026-10-08,2026-10-08,index-1970-100,63.43763,"{""ci_high"":""79.61504000000001"",""ci_low"":""50.652254"",""confidenceLevel"":null}",CC-BY-SA-4.0,https://creativecommons.org/licenses/by-sa/4.0/,"ZSL/WWF, Living Planet Index; source edition and retrieval date; Our World in Data processing where applicable.",36b87bf96cf579f6bcf5e9b97157573e897de62e65c7829bb9b3b460017d670c,"[{""datasetId"":""lpi-2024-owid"",""datasetVersion"":""OWID indicator 990513; updated 2024-09-30; snapshot 2026-10-08"",""sourceId"":""owid-lpi-2024"",""sourceUrl"":""https://ourworldindata.org/grapher/global-living-planet-index"",""sourceDate"":""2024-09-30"",""sourceEdition"":""LPR 2024"",""accessedDate"":""2026-10-08"",""inputPath"":""data/raw/public/owid-lpi-2024.csv"",""inputSha256"":""9764f5f4f9c9ff855090a34ba218b02d7878922eec485e7b42d497ce5b8b3f25"",""rowNumber"":215,""jsonPointer"":null,""locator"":""OWID lpi_final, ci_low, ci_high; conversionFactor=100; 2024 source edition"",""originalUnit"":""index-1970-100"",""originalValue"":""63.43763"",""originalUncertainty"":{""ci_high"":""79.61504000000001"",""ci_low"":""50.652254"",""confidenceLevel"":null},""rawRecord"":{""ci_high"":""79.61504000000001"",""ci_low"":""50.652254"",""code"":"""",""entity"":""Latin America and the Caribbean"",""lpi_final"":""63.43763"",""year"":""1980""},""transformations"":[""Whitespace/NFC normalization; original row retained"",""Divide published 1970=100 index and bounds by 100; explicit metadata scale, not interpolation""]}]"
lpi-2024-owid-latin-america-and-the-caribbean-1981-1981,lpi-2024-owid,OWID indicator 990513; updated 2024-09-30; snapshot 2026-10-08,LPR 2024,lpi-2024-owid-latin-america-and-the-caribbean,region,Latin America and Caribbean,All,Monitored vertebrates,relative-index,index-1970-1,1970,1981,1981,0.60964894,source-bounds,0.48473987,0.7679155,,Interval confidence level not verified in chart metadata,,2024-09-30,2026-10-08,2026-10-08,index-1970-100,60.964894,"{""ci_high"":""76.79155"",""ci_low"":""48.473987"",""confidenceLevel"":null}",CC-BY-SA-4.0,https://creativecommons.org/licenses/by-sa/4.0/,"ZSL/WWF, Living Planet Index; source edition and retrieval date; Our World in Data processing where applicable.",36b87bf96cf579f6bcf5e9b97157573e897de62e65c7829bb9b3b460017d670c,"[{""datasetId"":""lpi-2024-owid"",""datasetVersion"":""OWID indicator 990513; updated 2024-09-30; snapshot 2026-10-08"",""sourceId"":""owid-lpi-2024"",""sourceUrl"":""https://ourworldindata.org/grapher/global-living-planet-index"",""sourceDate"":""2024-09-30"",""sourceEdition"":""LPR 2024"",""accessedDate"":""2026-10-08"",""inputPath"":""data/raw/public/owid-lpi-2024.csv"",""inputSha256"":""9764f5f4f9c9ff855090a34ba218b02d7878922eec485e7b42d497ce5b8b3f25"",""rowNumber"":216,""jsonPointer"":null,""locator"":""OWID lpi_final, ci_low, ci_high; conversionFactor=100; 2024 source edition"",""originalUnit"":""index-1970-100"",""originalValue"":""60.964894"",""originalUncertainty"":{""ci_high"":""76.79155"",""ci_low"":""48.473987"",""confidenceLevel"":null},""rawRecord"":{""ci_high"":""76.79155"",""ci_low"":""48.473987"",""code"":"""",""entity"":""Latin America and the Caribbean"",""lpi_final"":""60.964894"",""year"":""1981""},""transformations"":[""Whitespace/NFC normalization; original row retained"",""Divide published 1970=100 index and bounds by 100; explicit metadata scale, not interpolation""]}]"
lpi-2024-owid-latin-america-and-the-caribbean-1982-1982,lpi-2024-owid,OWID indicator 990513; updated 2024-09-30; snapshot 2026-10-08,LPR 2024,lpi-2024-owid-latin-america-and-the-caribbean,region,Latin America and Caribbean,All,Monitored vertebrates,relative-index,index-1970-1,1970,1982,1982,0.56798995,source-bounds,0.44821763,0.7193925,,Interval confidence level not verified in chart metadata,,2024-09-30,2026-10-08,2026-10-08,index-1970-100,56.798995,"{""ci_high"":""71.93925"",""ci_low"":""44.821763"",""confidenceLevel"":null}",CC-BY-SA-4.0,https://creativecommons.org/licenses/by-sa/4.0/,"ZSL/WWF, Living Planet Index; source edition and retrieval date; Our World in Data processing where applicable.",36b87bf96cf579f6bcf5e9b97157573e897de62e65c7829bb9b3b460017d670c,"[{""datasetId"":""lpi-2024-owid"",""datasetVersion"":""OWID indicator 990513; updated 2024-09-30; snapshot 2026-10-08"",""sourceId"":""owid-lpi-2024"",""sourceUrl"":""https://ourworldindata.org/grapher/global-living-planet-index"",""sourceDate"":""2024-09-30"",""sourceEdition"":""LPR 2024"",""accessedDate"":""2026-10-08"",""inputPath"":""data/raw/public/owid-lpi-2024.csv"",""inputSha256"":""9764f5f4f9c9ff855090a34ba218b02d7878922eec485e7b42d497ce5b8b3f25"",""rowNumber"":217,""jsonPointer"":null,""locator"":""OWID lpi_final, ci_low, ci_high; conversionFactor=100; 2024 source edition"",""originalUnit"":""index-1970-100"",""originalValue"":""56.798995"",""originalUncertainty"":{""ci_high"":""71.93925"",""ci_low"":""44.821763"",""confidenceLevel"":null},""rawRecord"":{""ci_high"":""71.93925"",""ci_low"":""44.821763"",""code"":"""",""entity"":""Latin America and the Caribbean"",""lpi_final"":""56.798995"",""year"":""1982""},""transformations"":[""Whitespace/NFC normalization; original row retained"",""Divide published 1970=100 index and bounds by 100; explicit metadata scale, not interpolation""]}]"
lpi-2024-owid-latin-america-and-the-caribbean-1983-1983,lpi-2024-owid,OWID indicator 990513; updated 2024-09-30; snapshot 2026-10-08,LPR 2024,lpi-2024-owid-latin-america-and-the-caribbean,region,Latin America and Caribbean,All,Monitored vertebrates,relative-index,index-1970-1,1970,1983,1983,0.52261955,source-bounds,0.40875345,0.66569215,,Interval confidence level not verified in chart metadata,,2024-09-30,2026-10-08,2026-10-08,index-1970-100,52.26195500000001,"{""ci_high"":""66.569215"",""ci_low"":""40.875345"",""confidenceLevel"":null}",CC-BY-SA-4.0,https://creativecommons.org/licenses/by-sa/4.0/,"ZSL/WWF, Living Planet Index; source edition and retrieval date; Our World in Data processing where applicable.",36b87bf96cf579f6bcf5e9b97157573e897de62e65c7829bb9b3b460017d670c,"[{""datasetId"":""lpi-2024-owid"",""datasetVersion"":""OWID indicator 990513; updated 2024-09-30; snapshot 2026-10-08"",""sourceId"":""owid-lpi-2024"",""sourceUrl"":""https://ourworldindata.org/grapher/global-living-planet-index"",""sourceDate"":""2024-09-30"",""sourceEdition"":""LPR 2024"",""accessedDate"":""2026-10-08"",""inputPath"":""data/raw/public/owid-lpi-2024.csv"",""inputSha256"":""9764f5f4f9c9ff855090a34ba218b02d7878922eec485e7b42d497ce5b8b3f25"",""rowNumber"":218,""jsonPointer"":null,""locator"":""OWID lpi_final, ci_low, ci_high; conversionFactor=100; 2024 source edition"",""originalUnit"":""index-1970-100"",""originalValue"":""52.26195500000001"",""originalUncertainty"":{""ci_high"":""66.569215"",""ci_low"":""40.875345"",""confidenceLevel"":null},""rawRecord"":{""ci_high"":""66.569215"",""ci_low"":""40.875345"",""code"":"""",""entity"":""Latin America and the Caribbean"",""lpi_final"":""52.26195500000001"",""year"":""1983""},""transformations"":[""Whitespace/NFC normalization; original row retained"",""Divide published 1970=100 index and bounds by 100; explicit metadata scale, not interpolation""]}]"
lpi-2024-owid-latin-america-and-the-caribbean-1984-1984,lpi-2024-owid,OWID indicator 990513; updated 2024-09-30; snapshot 2026-10-08,LPR 2024,lpi-2024-owid-latin-america-and-the-caribbean,region,Latin America and Caribbean,All,Monitored vertebrates,relative-index,index-1970-1,1970,1984,1984,0.48506236,source-bounds,0.37565857,0.62246484,,Interval confidence level not verified in chart metadata,,2024-09-30,2026-10-08,2026-10-08,index-1970-100,48.506236,"{""ci_high"":""62.246484"",""ci_low"":""37.565857"",""confidenceLevel"":null}",CC-BY-SA-4.0,https://creativecommons.org/licenses/by-sa/4.0/,"ZSL/WWF, Living Planet Index; source edition and retrieval date; Our World in Data processing where applicable.",36b87bf96cf579f6bcf5e9b97157573e897de62e65c7829bb9b3b460017d670c,"[{""datasetId"":""lpi-2024-owid"",""datasetVersion"":""OWID indicator 990513; updated 2024-09-30; snapshot 2026-10-08"",""sourceId"":""owid-lpi-2024"",""sourceUrl"":""https://ourworldindata.org/grapher/global-living-planet-index"",""sourceDate"":""2024-09-30"",""sourceEdition"":""LPR 2024"",""accessedDate"":""2026-10-08"",""inputPath"":""data/raw/public/owid-lpi-2024.csv"",""inputSha256"":""9764f5f4f9c9ff855090a34ba218b02d7878922eec485e7b42d497ce5b8b3f25"",""rowNumber"":219,""jsonPointer"":null,""locator"":""OWID lpi_final, ci_low, ci_high; conversionFactor=100; 2024 source edition"",""originalUnit"":""index-1970-100"",""originalValue"":""48.506236"",""originalUncertainty"":{""ci_high"":""62.246484"",""ci_low"":""37.565857"",""confidenceLevel"":null},""rawRecord"":{""ci_high"":""62.246484"",""ci_low"":""37.565857"",""code"":"""",""entity"":""Latin America and the Caribbean"",""lpi_final"":""48.506236"",""year"":""1984""},""transformations"":[""Whitespace/NFC normalization; original row retained"",""Divide published 1970=100 index and bounds by 100; explicit metadata scale, not interpolation""]}]"
lpi-2024-owid-latin-america-and-the-caribbean-1985-1985,lpi-2024-owid,OWID indicator 990513; updated 2024-09-30; snapshot 2026-10-08,LPR 2024,lpi-2024-owid-latin-america-and-the-caribbean,region,Latin America and Caribbean,All,Monitored vertebrates,relative-index,index-1970-1,1970,1985,1985,0.4600974,source-bounds,0.35386180000000006,0.59313744,,Interval confidence level not verified in chart metadata,,2024-09-30,2026-10-08,2026-10-08,index-1970-100,46.00974,"{""ci_high"":""59.313744"",""ci_low"":""35.38618"",""confidenceLevel"":null}",CC-BY-SA-4.0,https://creativecommons.org/licenses/by-sa/4.0/,"ZSL/WWF, Living Planet Index; source edition and retrieval date; Our World in Data processing where applicable.",36b87bf96cf579f6bcf5e9b97157573e897de62e65c7829bb9b3b460017d670c,"[{""datasetId"":""lpi-2024-owid"",""datasetVersion"":""OWID indicator 990513; updated 2024-09-30; snapshot 2026-10-08"",""sourceId"":""owid-lpi-2024"",""sourceUrl"":""https://ourworldindata.org/grapher/global-living-planet-index"",""sourceDate"":""2024-09-30"",""sourceEdition"":""LPR 2024"",""accessedDate"":""2026-10-08"",""inputPath"":""data/raw/public/owid-lpi-2024.csv"",""inputSha256"":""9764f5f4f9c9ff855090a34ba218b02d7878922eec485e7b42d497ce5b8b3f25"",""rowNumber"":220,""jsonPointer"":null,""locator"":""OWID lpi_final, ci_low, ci_high; conversionFactor=100; 2024 source edition"",""originalUnit"":""index-1970-100"",""originalValue"":""46.00974"",""originalUncertainty"":{""ci_high"":""59.313744"",""ci_low"":""35.38618"",""confidenceLevel"":null},""rawRecord"":{""ci_high"":""59.313744"",""ci_low"":""35.38618"",""code"":"""",""entity"":""Latin America and the Caribbean"",""lpi_final"":""46.00974"",""year"":""1985""},""transformations"":[""Whitespace/NFC normalization; original row retained"",""Divide published 1970=100 index and bounds by 100; explicit metadata scale, not interpolation""]}]"
lpi-2024-owid-latin-america-and-the-caribbean-1986-1986,lpi-2024-owid,OWID indicator 990513; updated 2024-09-30; snapshot 2026-10-08,LPR 2024,lpi-2024-owid-latin-america-and-the-caribbean,region,Latin America and Caribbean,All,Monitored vertebrates,relative-index,index-1970-1,1970,1986,1986,0.43925965,source-bounds,0.33576077,0.5688592,,Interval confidence level not verified in chart metadata,,2024-09-30,2026-10-08,2026-10-08,index-1970-100,43.925965,"{""ci_high"":""56.88592"",""ci_low"":""33.576077"",""confidenceLevel"":null}",CC-BY-SA-4.0,https://creativecommons.org/licenses/by-sa/4.0/,"ZSL/WWF, Living Planet Index; source edition and retrieval date; Our World in Data processing where applicable.",36b87bf96cf579f6bcf5e9b97157573e897de62e65c7829bb9b3b460017d670c,"[{""datasetId"":""lpi-2024-owid"",""datasetVersion"":""OWID indicator 990513; updated 2024-09-30; snapshot 2026-10-08"",""sourceId"":""owid-lpi-2024"",""sourceUrl"":""https://ourworldindata.org/grapher/global-living-planet-index"",""sourceDate"":""2024-09-30"",""sourceEdition"":""LPR 2024"",""accessedDate"":""2026-10-08"",""inputPath"":""data/raw/public/owid-lpi-2024.csv"",""inputSha256"":""9764f5f4f9c9ff855090a34ba218b02d7878922eec485e7b42d497ce5b8b3f25"",""rowNumber"":221,""jsonPointer"":null,""locator"":""OWID lpi_final, ci_low, ci_high; conversionFactor=100; 2024 source edition"",""originalUnit"":""index-1970-100"",""originalValue"":""43.925965"",""originalUncertainty"":{""ci_high"":""56.88592"",""ci_low"":""33.576077"",""confidenceLevel"":null},""rawRecord"":{""ci_high"":""56.88592"",""ci_low"":""33.576077"",""code"":"""",""entity"":""Latin America and the Caribbean"",""lpi_final"":""43.925965"",""year"":""1986""},""transformations"":[""Whitespace/NFC normalization; original row retained"",""Divide published 1970=100 index and bounds by 100; explicit metadata scale, not interpolation""]}]"
lpi-2024-owid-latin-america-and-the-caribbean-1987-1987,lpi-2024-owid,OWID indicator 990513; updated 2024-09-30; snapshot 2026-10-08,LPR 2024,lpi-2024-owid-latin-america-and-the-caribbean,region,Latin America and Caribbean,All,Monitored vertebrates,relative-index,index-1970-1,1970,1987,1987,0.41303524,source-bounds,0.3142669,0.5378197,,Interval confidence level not verified in chart metadata,,2024-09-30,2026-10-08,2026-10-08,index-1970-100,41.303524,"{""ci_high"":""53.78197"",""ci_low"":""31.42669"",""confidenceLevel"":null}",CC-BY-SA-4.0,https://creativecommons.org/licenses/by-sa/4.0/,"ZSL/WWF, Living Planet Index; source edition and retrieval date; Our World in Data processing where applicable.",36b87bf96cf579f6bcf5e9b97157573e897de62e65c7829bb9b3b460017d670c,"[{""datasetId"":""lpi-2024-owid"",""datasetVersion"":""OWID indicator 990513; updated 2024-09-30; snapshot 2026-10-08"",""sourceId"":""owid-lpi-2024"",""sourceUrl"":""https://ourworldindata.org/grapher/global-living-planet-index"",""sourceDate"":""2024-09-30"",""sourceEdition"":""LPR 2024"",""accessedDate"":""2026-10-08"",""inputPath"":""data/raw/public/owid-lpi-2024.csv"",""inputSha256"":""9764f5f4f9c9ff855090a34ba218b02d7878922eec485e7b42d497ce5b8b3f25"",""rowNumber"":222,""jsonPointer"":null,""locator"":""OWID lpi_final, ci_low, ci_high; conversionFactor=100; 2024 source edition"",""originalUnit"":""index-1970-100"",""originalValue"":""41.303524"",""originalUncertainty"":{""ci_high"":""53.78197"",""ci_low"":""31.42669"",""confidenceLevel"":null},""rawRecord"":{""ci_high"":""53.78197"",""ci_low"":""31.42669"",""code"":"""",""entity"":""Latin America and the Caribbean"",""lpi_final"":""41.303524"",""year"":""1987""},""transformations"":[""Whitespace/NFC normalization; original row retained"",""Divide published 1970=100 index and bounds by 100; explicit metadata scale, not interpolation""]}]"
lpi-2024-owid-latin-america-and-the-caribbean-1988-1988,lpi-2024-owid,OWID indicator 990513; updated 2024-09-30; snapshot 2026-10-08,LPR 2024,lpi-2024-owid-latin-america-and-the-caribbean,region,Latin America and Caribbean,All,Monitored vertebrates,relative-index,index-1970-1,1970,1988,1988,0.38984850000000004,source-bounds,0.2952322,0.5102106,,Interval confidence level not verified in chart metadata,,2024-09-30,2026-10-08,2026-10-08,index-1970-100,38.98485,"{""ci_high"":""51.02106"",""ci_low"":""29.52322"",""confidenceLevel"":null}",CC-BY-SA-4.0,https://creativecommons.org/licenses/by-sa/4.0/,"ZSL/WWF, Living Planet Index; source edition and retrieval date; Our World in Data processing where applicable.",36b87bf96cf579f6bcf5e9b97157573e897de62e65c7829bb9b3b460017d670c,"[{""datasetId"":""lpi-2024-owid"",""datasetVersion"":""OWID indicator 990513; updated 2024-09-30; snapshot 2026-10-08"",""sourceId"":""owid-lpi-2024"",""sourceUrl"":""https://ourworldindata.org/grapher/global-living-planet-index"",""sourceDate"":""2024-09-30"",""sourceEdition"":""LPR 2024"",""accessedDate"":""2026-10-08"",""inputPath"":""data/raw/public/owid-lpi-2024.csv"",""inputSha256"":""9764f5f4f9c9ff855090a34ba218b02d7878922eec485e7b42d497ce5b8b3f25"",""rowNumber"":223,""jsonPointer"":null,""locator"":""OWID lpi_final, ci_low, ci_high; conversionFactor=100; 2024 source edition"",""originalUnit"":""index-1970-100"",""originalValue"":""38.98485"",""originalUncertainty"":{""ci_high"":""51.02106"",""ci_low"":""29.52322"",""confidenceLevel"":null},""rawRecord"":{""ci_high"":""51.02106"",""ci_low"":""29.52322"",""code"":"""",""entity"":""Latin America and the Caribbean"",""lpi_final"":""38.98485"",""year"":""1988""},""transformations"":[""Whitespace/NFC normalization; original row retained"",""Divide published 1970=100 index and bounds by 100; explicit metadata scale, not interpolation""]}]"
lpi-2024-owid-latin-america-and-the-caribbean-1989-1989,lpi-2024-owid,OWID indicator 990513; updated 2024-09-30; snapshot 2026-10-08,LPR 2024,lpi-2024-owid-latin-america-and-the-caribbean,region,Latin America and Caribbean,All,Monitored vertebrates,relative-index,index-1970-1,1970,1989,1989,0.37020263000000003,source-bounds,0.2797011,0.4863389,,Interval confidence level not verified in chart metadata,,2024-09-30,2026-10-08,2026-10-08,index-1970-100,37.020263,"{""ci_high"":""48.63389"",""ci_low"":""27.97011"",""confidenceLevel"":null}",CC-BY-SA-4.0,https://creativecommons.org/licenses/by-sa/4.0/,"ZSL/WWF, Living Planet Index; source edition and retrieval date; Our World in Data processing where applicable.",36b87bf96cf579f6bcf5e9b97157573e897de62e65c7829bb9b3b460017d670c,"[{""datasetId"":""lpi-2024-owid"",""datasetVersion"":""OWID indicator 990513; updated 2024-09-30; snapshot 2026-10-08"",""sourceId"":""owid-lpi-2024"",""sourceUrl"":""https://ourworldindata.org/grapher/global-living-planet-index"",""sourceDate"":""2024-09-30"",""sourceEdition"":""LPR 2024"",""accessedDate"":""2026-10-08"",""inputPath"":""data/raw/public/owid-lpi-2024.csv"",""inputSha256"":""9764f5f4f9c9ff855090a34ba218b02d7878922eec485e7b42d497ce5b8b3f25"",""rowNumber"":224,""jsonPointer"":null,""locator"":""OWID lpi_final, ci_low, ci_high; conversionFactor=100; 2024 source edition"",""originalUnit"":""index-1970-100"",""originalValue"":""37.020263"",""originalUncertainty"":{""ci_high"":""48.63389"",""ci_low"":""27.97011"",""confidenceLevel"":null},""rawRecord"":{""ci_high"":""48.63389"",""ci_low"":""27.97011"",""code"":"""",""entity"":""Latin America and the Caribbean"",""lpi_final"":""37.020263"",""year"":""1989""},""transformations"":[""Whitespace/NFC normalization; original row retained"",""Divide published 1970=100 index and bounds by 100; explicit metadata scale, not interpolation""]}]"
lpi-2024-owid-latin-america-and-the-caribbean-1990-1990,lpi-2024-owid,OWID indicator 990513; updated 2024-09-30; snapshot 2026-10-08,LPR 2024,lpi-2024-owid-latin-america-and-the-caribbean,region,Latin America and Caribbean,All,Monitored vertebrates,relative-index,index-1970-1,1970,1990,1990,0.35569572,source-bounds,0.26823467,0.468732,,Interval confidence level not verified in chart metadata,,2024-09-30,2026-10-08,2026-10-08,index-1970-100,35.569572,"{""ci_high"":""46.8732"",""ci_low"":""26.823467"",""confidenceLevel"":null}",CC-BY-SA-4.0,https://creativecommons.org/licenses/by-sa/4.0/,"ZSL/WWF, Living Planet Index; source edition and retrieval date; Our World in Data processing where applicable.",36b87bf96cf579f6bcf5e9b97157573e897de62e65c7829bb9b3b460017d670c,"[{""datasetId"":""lpi-2024-owid"",""datasetVersion"":""OWID indicator 990513; updated 2024-09-30; snapshot 2026-10-08"",""sourceId"":""owid-lpi-2024"",""sourceUrl"":""https://ourworldindata.org/grapher/global-living-planet-index"",""sourceDate"":""2024-09-30"",""sourceEdition"":""LPR 2024"",""accessedDate"":""2026-10-08"",""inputPath"":""data/raw/public/owid-lpi-2024.csv"",""inputSha256"":""9764f5f4f9c9ff855090a34ba218b02d7878922eec485e7b42d497ce5b8b3f25"",""rowNumber"":225,""jsonPointer"":null,""locator"":""OWID lpi_final, ci_low, ci_high; conversionFactor=100; 2024 source edition"",""originalUnit"":""index-1970-100"",""originalValue"":""35.569572"",""originalUncertainty"":{""ci_high"":""46.8732"",""ci_low"":""26.823467"",""confidenceLevel"":null},""rawRecord"":{""ci_high"":""46.8732"",""ci_low"":""26.823467"",""code"":"""",""entity"":""Latin America and the Caribbean"",""lpi_final"":""35.569572"",""year"":""1990""},""transformations"":[""Whitespace/NFC normalization; original row retained"",""Divide published 1970=100 index and bounds by 100; explicit metadata scale, not interpolation""]}]"
lpi-2024-owid-latin-america-and-the-caribbean-1991-1991,lpi-2024-owid,OWID indicator 990513; updated 2024-09-30; snapshot 2026-10-08,LPR 2024,lpi-2024-owid-latin-america-and-the-caribbean,region,Latin America and Caribbean,All,Monitored vertebrates,relative-index,index-1970-1,1970,1991,1991,0.3413244200000001,source-bounds,0.25710654,0.45032108000000004,,Interval confidence level not verified in chart metadata,,2024-09-30,2026-10-08,2026-10-08,index-1970-100,34.132442000000005,"{""ci_high"":""45.032108"",""ci_low"":""25.710653999999998"",""confidenceLevel"":null}",CC-BY-SA-4.0,https://creativecommons.org/licenses/by-sa/4.0/,"ZSL/WWF, Living Planet Index; source edition and retrieval date; Our World in Data processing where applicable.",36b87bf96cf579f6bcf5e9b97157573e897de62e65c7829bb9b3b460017d670c,"[{""datasetId"":""lpi-2024-owid"",""datasetVersion"":""OWID indicator 990513; updated 2024-09-30; snapshot 2026-10-08"",""sourceId"":""owid-lpi-2024"",""sourceUrl"":""https://ourworldindata.org/grapher/global-living-planet-index"",""sourceDate"":""2024-09-30"",""sourceEdition"":""LPR 2024"",""accessedDate"":""2026-10-08"",""inputPath"":""data/raw/public/owid-lpi-2024.csv"",""inputSha256"":""9764f5f4f9c9ff855090a34ba218b02d7878922eec485e7b42d497ce5b8b3f25"",""rowNumber"":226,""jsonPointer"":null,""locator"":""OWID lpi_final, ci_low, ci_high; conversionFactor=100; 2024 source edition"",""originalUnit"":""index-1970-100"",""originalValue"":""34.132442000000005"",""originalUncertainty"":{""ci_high"":""45.032108"",""ci_low"":""25.710653999999998"",""confidenceLevel"":null},""rawRecord"":{""ci_high"":""45.032108"",""ci_low"":""25.710653999999998"",""code"":"""",""entity"":""Latin America and the Caribbean"",""lpi_final"":""34.132442000000005"",""year"":""1991""},""transformations"":[""Whitespace/NFC normalization; original row retained"",""Divide published 1970=100 index and bounds by 100; explicit metadata scale, not interpolation""]}]"
lpi-2024-owid-latin-america-and-the-caribbean-1992-1992,lpi-2024-owid,OWID indicator 990513; updated 2024-09-30; snapshot 2026-10-08,LPR 2024,lpi-2024-owid-latin-america-and-the-caribbean,region,Latin America and Caribbean,All,Monitored vertebrates,relative-index,index-1970-1,1970,1992,1992,0.32499528,source-bounds,0.24431415,0.42954782,,Interval confidence level not verified in chart metadata,,2024-09-30,2026-10-08,2026-10-08,index-1970-100,32.499528,"{""ci_high"":""42.954782"",""ci_low"":""24.431415"",""confidenceLevel"":null}",CC-BY-SA-4.0,https://creativecommons.org/licenses/by-sa/4.0/,"ZSL/WWF, Living Planet Index; source edition and retrieval date; Our World in Data processing where applicable.",36b87bf96cf579f6bcf5e9b97157573e897de62e65c7829bb9b3b460017d670c,"[{""datasetId"":""lpi-2024-owid"",""datasetVersion"":""OWID indicator 990513; updated 2024-09-30; snapshot 2026-10-08"",""sourceId"":""owid-lpi-2024"",""sourceUrl"":""https://ourworldindata.org/grapher/global-living-planet-index"",""sourceDate"":""2024-09-30"",""sourceEdition"":""LPR 2024"",""accessedDate"":""2026-10-08"",""inputPath"":""data/raw/public/owid-lpi-2024.csv"",""inputSha256"":""9764f5f4f9c9ff855090a34ba218b02d7878922eec485e7b42d497ce5b8b3f25"",""rowNumber"":227,""jsonPointer"":null,""locator"":""OWID lpi_final, ci_low, ci_high; conversionFactor=100; 2024 source edition"",""originalUnit"":""index-1970-100"",""originalValue"":""32.499528"",""originalUncertainty"":{""ci_high"":""42.954782"",""ci_low"":""24.431415"",""confidenceLevel"":null},""rawRecord"":{""ci_high"":""42.954782"",""ci_low"":""24.431415"",""code"":"""",""entity"":""Latin America and the Caribbean"",""lpi_final"":""32.499528"",""year"":""1992""},""transformations"":[""Whitespace/NFC normalization; original row retained"",""Divide published 1970=100 index and bounds by 100; explicit metadata scale, not interpolation""]}]"
lpi-2024-owid-latin-america-and-the-caribbean-1993-1993,lpi-2024-owid,OWID indicator 990513; updated 2024-09-30; snapshot 2026-10-08,LPR 2024,lpi-2024-owid-latin-america-and-the-caribbean,region,Latin America and Caribbean,All,Monitored vertebrates,relative-index,index-1970-1,1970,1993,1993,0.303478,source-bounds,0.22727378,0.4022976,,Interval confidence level not verified in chart metadata,,2024-09-30,2026-10-08,2026-10-08,index-1970-100,30.347800000000003,"{""ci_high"":""40.22976"",""ci_low"":""22.727378"",""confidenceLevel"":null}",CC-BY-SA-4.0,https://creativecommons.org/licenses/by-sa/4.0/,"ZSL/WWF, Living Planet Index; source edition and retrieval date; Our World in Data processing where applicable.",36b87bf96cf579f6bcf5e9b97157573e897de62e65c7829bb9b3b460017d670c,"[{""datasetId"":""lpi-2024-owid"",""datasetVersion"":""OWID indicator 990513; updated 2024-09-30; snapshot 2026-10-08"",""sourceId"":""owid-lpi-2024"",""sourceUrl"":""https://ourworldindata.org/grapher/global-living-planet-index"",""sourceDate"":""2024-09-30"",""sourceEdition"":""LPR 2024"",""accessedDate"":""2026-10-08"",""inputPath"":""data/raw/public/owid-lpi-2024.csv"",""inputSha256"":""9764f5f4f9c9ff855090a34ba218b02d7878922eec485e7b42d497ce5b8b3f25"",""rowNumber"":228,""jsonPointer"":null,""locator"":""OWID lpi_final, ci_low, ci_high; conversionFactor=100; 2024 source edition"",""originalUnit"":""index-1970-100"",""originalValue"":""30.347800000000003"",""originalUncertainty"":{""ci_high"":""40.22976"",""ci_low"":""22.727378"",""confidenceLevel"":null},""rawRecord"":{""ci_high"":""40.22976"",""ci_low"":""22.727378"",""code"":"""",""entity"":""Latin America and the Caribbean"",""lpi_final"":""30.347800000000003"",""year"":""1993""},""transformations"":[""Whitespace/NFC normalization; original row retained"",""Divide published 1970=100 index and bounds by 100; explicit metadata scale, not interpolation""]}]"
lpi-2024-owid-latin-america-and-the-caribbean-1994-1994,lpi-2024-owid,OWID indicator 990513; updated 2024-09-30; snapshot 2026-10-08,LPR 2024,lpi-2024-owid-latin-america-and-the-caribbean,region,Latin America and Caribbean,All,Monitored vertebrates,relative-index,index-1970-1,1970,1994,1994,0.28054798,source-bounds,0.20924860000000003,0.3734429,,Interval confidence level not verified in chart metadata,,2024-09-30,2026-10-08,2026-10-08,index-1970-100,28.054797999999998,"{""ci_high"":""37.34429"",""ci_low"":""20.924860000000002"",""confidenceLevel"":null}",CC-BY-SA-4.0,https://creativecommons.org/licenses/by-sa/4.0/,"ZSL/WWF, Living Planet Index; source edition and retrieval date; Our World in Data processing where applicable.",36b87bf96cf579f6bcf5e9b97157573e897de62e65c7829bb9b3b460017d670c,"[{""datasetId"":""lpi-2024-owid"",""datasetVersion"":""OWID indicator 990513; updated 2024-09-30; snapshot 2026-10-08"",""sourceId"":""owid-lpi-2024"",""sourceUrl"":""https://ourworldindata.org/grapher/global-living-planet-index"",""sourceDate"":""2024-09-30"",""sourceEdition"":""LPR 2024"",""accessedDate"":""2026-10-08"",""inputPath"":""data/raw/public/owid-lpi-2024.csv"",""inputSha256"":""9764f5f4f9c9ff855090a34ba218b02d7878922eec485e7b42d497ce5b8b3f25"",""rowNumber"":229,""jsonPointer"":null,""locator"":""OWID lpi_final, ci_low, ci_high; conversionFactor=100; 2024 source edition"",""originalUnit"":""index-1970-100"",""originalValue"":""28.054797999999998"",""originalUncertainty"":{""ci_high"":""37.34429"",""ci_low"":""20.924860000000002"",""confidenceLevel"":null},""rawRecord"":{""ci_high"":""37.34429"",""ci_low"":""20.924860000000002"",""code"":"""",""entity"":""Latin America and the Caribbean"",""lpi_final"":""28.054797999999998"",""year"":""1994""},""transformations"":[""Whitespace/NFC normalization; original row retained"",""Divide published 1970=100 index and bounds by 100; explicit metadata scale, not interpolation""]}]"
lpi-2024-owid-latin-america-and-the-caribbean-1995-1995,lpi-2024-owid,OWID indicator 990513; updated 2024-09-30; snapshot 2026-10-08,LPR 2024,lpi-2024-owid-latin-america-and-the-caribbean,region,Latin America and Caribbean,All,Monitored vertebrates,relative-index,index-1970-1,1970,1995,1995,0.258467,source-bounds,0.19220512,0.3452739,,Interval confidence level not verified in chart metadata,,2024-09-30,2026-10-08,2026-10-08,index-1970-100,25.8467,"{""ci_high"":""34.527390000000004"",""ci_low"":""19.220512"",""confidenceLevel"":null}",CC-BY-SA-4.0,https://creativecommons.org/licenses/by-sa/4.0/,"ZSL/WWF, Living Planet Index; source edition and retrieval date; Our World in Data processing where applicable.",36b87bf96cf579f6bcf5e9b97157573e897de62e65c7829bb9b3b460017d670c,"[{""datasetId"":""lpi-2024-owid"",""datasetVersion"":""OWID indicator 990513; updated 2024-09-30; snapshot 2026-10-08"",""sourceId"":""owid-lpi-2024"",""sourceUrl"":""https://ourworldindata.org/grapher/global-living-planet-index"",""sourceDate"":""2024-09-30"",""sourceEdition"":""LPR 2024"",""accessedDate"":""2026-10-08"",""inputPath"":""data/raw/public/owid-lpi-2024.csv"",""inputSha256"":""9764f5f4f9c9ff855090a34ba218b02d7878922eec485e7b42d497ce5b8b3f25"",""rowNumber"":230,""jsonPointer"":null,""locator"":""OWID lpi_final, ci_low, ci_high; conversionFactor=100; 2024 source edition"",""originalUnit"":""index-1970-100"",""originalValue"":""25.8467"",""originalUncertainty"":{""ci_high"":""34.527390000000004"",""ci_low"":""19.220512"",""confidenceLevel"":null},""rawRecord"":{""ci_high"":""34.527390000000004"",""ci_low"":""19.220512"",""code"":"""",""entity"":""Latin America and the Caribbean"",""lpi_final"":""25.8467"",""year"":""1995""},""transformations"":[""Whitespace/NFC normalization; original row retained"",""Divide published 1970=100 index and bounds by 100; explicit metadata scale, not interpolation""]}]"
lpi-2024-owid-latin-america-and-the-caribbean-1996-1996,lpi-2024-owid,OWID indicator 990513; updated 2024-09-30; snapshot 2026-10-08,LPR 2024,lpi-2024-owid-latin-america-and-the-caribbean,region,Latin America and Caribbean,All,Monitored vertebrates,relative-index,index-1970-1,1970,1996,1996,0.24747573,source-bounds,0.18344122,0.33144860000000004,,Interval confidence level not verified in chart metadata,,2024-09-30,2026-10-08,2026-10-08,index-1970-100,24.747573,"{""ci_high"":""33.14486"",""ci_low"":""18.344122"",""confidenceLevel"":null}",CC-BY-SA-4.0,https://creativecommons.org/licenses/by-sa/4.0/,"ZSL/WWF, Living Planet Index; source edition and retrieval date; Our World in Data processing where applicable.",36b87bf96cf579f6bcf5e9b97157573e897de62e65c7829bb9b3b460017d670c,"[{""datasetId"":""lpi-2024-owid"",""datasetVersion"":""OWID indicator 990513; updated 2024-09-30; snapshot 2026-10-08"",""sourceId"":""owid-lpi-2024"",""sourceUrl"":""https://ourworldindata.org/grapher/global-living-planet-index"",""sourceDate"":""2024-09-30"",""sourceEdition"":""LPR 2024"",""accessedDate"":""2026-10-08"",""inputPath"":""data/raw/public/owid-lpi-2024.csv"",""inputSha256"":""9764f5f4f9c9ff855090a34ba218b02d7878922eec485e7b42d497ce5b8b3f25"",""rowNumber"":231,""jsonPointer"":null,""locator"":""OWID lpi_final, ci_low, ci_high; conversionFactor=100; 2024 source edition"",""originalUnit"":""index-1970-100"",""originalValue"":""24.747573"",""originalUncertainty"":{""ci_high"":""33.14486"",""ci_low"":""18.344122"",""confidenceLevel"":null},""rawRecord"":{""ci_high"":""33.14486"",""ci_low"":""18.344122"",""code"":"""",""entity"":""Latin America and the Caribbean"",""lpi_final"":""24.747573"",""year"":""1996""},""transformations"":[""Whitespace/NFC normalization; original row retained"",""Divide published 1970=100 index and bounds by 100; explicit metadata scale, not interpolation""]}]"
lpi-2024-owid-latin-america-and-the-caribbean-1997-1997,lpi-2024-owid,OWID indicator 990513; updated 2024-09-30; snapshot 2026-10-08,LPR 2024,lpi-2024-owid-latin-america-and-the-caribbean,region,Latin America and Caribbean,All,Monitored vertebrates,relative-index,index-1970-1,1970,1997,1997,0.23336671,source-bounds,0.17249441,0.31381455,,Interval confidence level not verified in chart metadata,,2024-09-30,2026-10-08,2026-10-08,index-1970-100,23.336671,"{""ci_high"":""31.381455000000003"",""ci_low"":""17.249440999999997"",""confidenceLevel"":null}",CC-BY-SA-4.0,https://creativecommons.org/licenses/by-sa/4.0/,"ZSL/WWF, Living Planet Index; source edition and retrieval date; Our World in Data processing where applicable.",36b87bf96cf579f6bcf5e9b97157573e897de62e65c7829bb9b3b460017d670c,"[{""datasetId"":""lpi-2024-owid"",""datasetVersion"":""OWID indicator 990513; updated 2024-09-30; snapshot 2026-10-08"",""sourceId"":""owid-lpi-2024"",""sourceUrl"":""https://ourworldindata.org/grapher/global-living-planet-index"",""sourceDate"":""2024-09-30"",""sourceEdition"":""LPR 2024"",""accessedDate"":""2026-10-08"",""inputPath"":""data/raw/public/owid-lpi-2024.csv"",""inputSha256"":""9764f5f4f9c9ff855090a34ba218b02d7878922eec485e7b42d497ce5b8b3f25"",""rowNumber"":232,""jsonPointer"":null,""locator"":""OWID lpi_final, ci_low, ci_high; conversionFactor=100; 2024 source edition"",""originalUnit"":""index-1970-100"",""originalValue"":""23.336671"",""originalUncertainty"":{""ci_high"":""31.381455000000003"",""ci_low"":""17.249440999999997"",""confidenceLevel"":null},""rawRecord"":{""ci_high"":""31.381455000000003"",""ci_low"":""17.249440999999997"",""code"":"""",""entity"":""Latin America and the Caribbean"",""lpi_final"":""23.336671"",""year"":""1997""},""transformations"":[""Whitespace/NFC normalization; original row retained"",""Divide published 1970=100 index and bounds by 100; explicit metadata scale, not interpolation""]}]"
lpi-2024-owid-latin-america-and-the-caribbean-1998-1998,lpi-2024-owid,OWID indicator 990513; updated 2024-09-30; snapshot 2026-10-08,LPR 2024,lpi-2024-owid-latin-america-and-the-caribbean,region,Latin America and Caribbean,All,Monitored vertebrates,relative-index,index-1970-1,1970,1998,1998,0.21812765,source-bounds,0.16011396000000003,0.2953353,,Interval confidence level not verified in chart metadata,,2024-09-30,2026-10-08,2026-10-08,index-1970-100,21.812765,"{""ci_high"":""29.533530000000003"",""ci_low"":""16.011396"",""confidenceLevel"":null}",CC-BY-SA-4.0,https://creativecommons.org/licenses/by-sa/4.0/,"ZSL/WWF, Living Planet Index; source edition and retrieval date; Our World in Data processing where applicable.",36b87bf96cf579f6bcf5e9b97157573e897de62e65c7829bb9b3b460017d670c,"[{""datasetId"":""lpi-2024-owid"",""datasetVersion"":""OWID indicator 990513; updated 2024-09-30; snapshot 2026-10-08"",""sourceId"":""owid-lpi-2024"",""sourceUrl"":""https://ourworldindata.org/grapher/global-living-planet-index"",""sourceDate"":""2024-09-30"",""sourceEdition"":""LPR 2024"",""accessedDate"":""2026-10-08"",""inputPath"":""data/raw/public/owid-lpi-2024.csv"",""inputSha256"":""9764f5f4f9c9ff855090a34ba218b02d7878922eec485e7b42d497ce5b8b3f25"",""rowNumber"":233,""jsonPointer"":null,""locator"":""OWID lpi_final, ci_low, ci_high; conversionFactor=100; 2024 source edition"",""originalUnit"":""index-1970-100"",""originalValue"":""21.812765"",""originalUncertainty"":{""ci_high"":""29.533530000000003"",""ci_low"":""16.011396"",""confidenceLevel"":null},""rawRecord"":{""ci_high"":""29.533530000000003"",""ci_low"":""16.011396"",""code"":"""",""entity"":""Latin America and the Caribbean"",""lpi_final"":""21.812765"",""year"":""1998""},""transformations"":[""Whitespace/NFC normalization; original row retained"",""Divide published 1970=100 index and bounds by 100; explicit metadata scale, not interpolation""]}]"
lpi-2024-owid-latin-america-and-the-caribbean-1999-1999,lpi-2024-owid,OWID indicator 990513; updated 2024-09-30; snapshot 2026-10-08,LPR 2024,lpi-2024-owid-latin-america-and-the-caribbean,region,Latin America and Caribbean,All,Monitored vertebrates,relative-index,index-1970-1,1970,1999,1999,0.1995835,source-bounds,0.14557816,0.27219638,,Interval confidence level not verified in chart metadata,,2024-09-30,2026-10-08,2026-10-08,index-1970-100,19.95835,"{""ci_high"":""27.219638000000003"",""ci_low"":""14.557816"",""confidenceLevel"":null}",CC-BY-SA-4.0,https://creativecommons.org/licenses/by-sa/4.0/,"ZSL/WWF, Living Planet Index; source edition and retrieval date; Our World in Data processing where applicable.",36b87bf96cf579f6bcf5e9b97157573e897de62e65c7829bb9b3b460017d670c,"[{""datasetId"":""lpi-2024-owid"",""datasetVersion"":""OWID indicator 990513; updated 2024-09-30; snapshot 2026-10-08"",""sourceId"":""owid-lpi-2024"",""sourceUrl"":""https://ourworldindata.org/grapher/global-living-planet-index"",""sourceDate"":""2024-09-30"",""sourceEdition"":""LPR 2024"",""accessedDate"":""2026-10-08"",""inputPath"":""data/raw/public/owid-lpi-2024.csv"",""inputSha256"":""9764f5f4f9c9ff855090a34ba218b02d7878922eec485e7b42d497ce5b8b3f25"",""rowNumber"":234,""jsonPointer"":null,""locator"":""OWID lpi_final, ci_low, ci_high; conversionFactor=100; 2024 source edition"",""originalUnit"":""index-1970-100"",""originalValue"":""19.95835"",""originalUncertainty"":{""ci_high"":""27.219638000000003"",""ci_low"":""14.557816"",""confidenceLevel"":null},""rawRecord"":{""ci_high"":""27.219638000000003"",""ci_low"":""14.557816"",""code"":"""",""entity"":""Latin America and the Caribbean"",""lpi_final"":""19.95835"",""year"":""1999""},""transformations"":[""Whitespace/NFC normalization; original row retained"",""Divide published 1970=100 index and bounds by 100; explicit metadata scale, not interpolation""]}]"
lpi-2024-owid-latin-america-and-the-caribbean-2000-2000,lpi-2024-owid,OWID indicator 990513; updated 2024-09-30; snapshot 2026-10-08,LPR 2024,lpi-2024-owid-latin-america-and-the-caribbean,region,Latin America and Caribbean,All,Monitored vertebrates,relative-index,index-1970-1,1970,2000,2000,0.19016159,source-bounds,0.13778743,0.2611951,,Interval confidence level not verified in chart metadata,,2024-09-30,2026-10-08,2026-10-08,index-1970-100,19.016159,"{""ci_high"":""26.119510000000002"",""ci_low"":""13.778742999999999"",""confidenceLevel"":null}",CC-BY-SA-4.0,https://creativecommons.org/licenses/by-sa/4.0/,"ZSL/WWF, Living Planet Index; source edition and retrieval date; Our World in Data processing where applicable.",36b87bf96cf579f6bcf5e9b97157573e897de62e65c7829bb9b3b460017d670c,"[{""datasetId"":""lpi-2024-owid"",""datasetVersion"":""OWID indicator 990513; updated 2024-09-30; snapshot 2026-10-08"",""sourceId"":""owid-lpi-2024"",""sourceUrl"":""https://ourworldindata.org/grapher/global-living-planet-index"",""sourceDate"":""2024-09-30"",""sourceEdition"":""LPR 2024"",""accessedDate"":""2026-10-08"",""inputPath"":""data/raw/public/owid-lpi-2024.csv"",""inputSha256"":""9764f5f4f9c9ff855090a34ba218b02d7878922eec485e7b42d497ce5b8b3f25"",""rowNumber"":235,""jsonPointer"":null,""locator"":""OWID lpi_final, ci_low, ci_high; conversionFactor=100; 2024 source edition"",""originalUnit"":""index-1970-100"",""originalValue"":""19.016159"",""originalUncertainty"":{""ci_high"":""26.119510000000002"",""ci_low"":""13.778742999999999"",""confidenceLevel"":null},""rawRecord"":{""ci_high"":""26.119510000000002"",""ci_low"":""13.778742999999999"",""code"":"""",""entity"":""Latin America and the Caribbean"",""lpi_final"":""19.016159"",""year"":""2000""},""transformations"":[""Whitespace/NFC normalization; original row retained"",""Divide published 1970=100 index and bounds by 100; explicit metadata scale, not interpolation""]}]"
lpi-2024-owid-latin-america-and-the-caribbean-2001-2001,lpi-2024-owid,OWID indicator 990513; updated 2024-09-30; snapshot 2026-10-08,LPR 2024,lpi-2024-owid-latin-america-and-the-caribbean,region,Latin America and Caribbean,All,Monitored vertebrates,relative-index,index-1970-1,1970,2001,2001,0.18458152,source-bounds,0.1330605,0.25514263,,Interval confidence level not verified in chart metadata,,2024-09-30,2026-10-08,2026-10-08,index-1970-100,18.458152,"{""ci_high"":""25.514263"",""ci_low"":""13.306049999999999"",""confidenceLevel"":null}",CC-BY-SA-4.0,https://creativecommons.org/licenses/by-sa/4.0/,"ZSL/WWF, Living Planet Index; source edition and retrieval date; Our World in Data processing where applicable.",36b87bf96cf579f6bcf5e9b97157573e897de62e65c7829bb9b3b460017d670c,"[{""datasetId"":""lpi-2024-owid"",""datasetVersion"":""OWID indicator 990513; updated 2024-09-30; snapshot 2026-10-08"",""sourceId"":""owid-lpi-2024"",""sourceUrl"":""https://ourworldindata.org/grapher/global-living-planet-index"",""sourceDate"":""2024-09-30"",""sourceEdition"":""LPR 2024"",""accessedDate"":""2026-10-08"",""inputPath"":""data/raw/public/owid-lpi-2024.csv"",""inputSha256"":""9764f5f4f9c9ff855090a34ba218b02d7878922eec485e7b42d497ce5b8b3f25"",""rowNumber"":236,""jsonPointer"":null,""locator"":""OWID lpi_final, ci_low, ci_high; conversionFactor=100; 2024 source edition"",""originalUnit"":""index-1970-100"",""originalValue"":""18.458152"",""originalUncertainty"":{""ci_high"":""25.514263"",""ci_low"":""13.306049999999999"",""confidenceLevel"":null},""rawRecord"":{""ci_high"":""25.514263"",""ci_low"":""13.306049999999999"",""code"":"""",""entity"":""Latin America and the Caribbean"",""lpi_final"":""18.458152"",""year"":""2001""},""transformations"":[""Whitespace/NFC normalization; original row retained"",""Divide published 1970=100 index and bounds by 100; explicit metadata scale, not interpolation""]}]"
lpi-2024-owid-latin-america-and-the-caribbean-2002-2002,lpi-2024-owid,OWID indicator 990513; updated 2024-09-30; snapshot 2026-10-08,LPR 2024,lpi-2024-owid-latin-america-and-the-caribbean,region,Latin America and Caribbean,All,Monitored vertebrates,relative-index,index-1970-1,1970,2002,2002,0.17764032000000002,source-bounds,0.12730238,0.24755512,,Interval confidence level not verified in chart metadata,,2024-09-30,2026-10-08,2026-10-08,index-1970-100,17.764032,"{""ci_high"":""24.755512"",""ci_low"":""12.730238"",""confidenceLevel"":null}",CC-BY-SA-4.0,https://creativecommons.org/licenses/by-sa/4.0/,"ZSL/WWF, Living Planet Index; source edition and retrieval date; Our World in Data processing where applicable.",36b87bf96cf579f6bcf5e9b97157573e897de62e65c7829bb9b3b460017d670c,"[{""datasetId"":""lpi-2024-owid"",""datasetVersion"":""OWID indicator 990513; updated 2024-09-30; snapshot 2026-10-08"",""sourceId"":""owid-lpi-2024"",""sourceUrl"":""https://ourworldindata.org/grapher/global-living-planet-index"",""sourceDate"":""2024-09-30"",""sourceEdition"":""LPR 2024"",""accessedDate"":""2026-10-08"",""inputPath"":""data/raw/public/owid-lpi-2024.csv"",""inputSha256"":""9764f5f4f9c9ff855090a34ba218b02d7878922eec485e7b42d497ce5b8b3f25"",""rowNumber"":237,""jsonPointer"":null,""locator"":""OWID lpi_final, ci_low, ci_high; conversionFactor=100; 2024 source edition"",""originalUnit"":""index-1970-100"",""originalValue"":""17.764032"",""originalUncertainty"":{""ci_high"":""24.755512"",""ci_low"":""12.730238"",""confidenceLevel"":null},""rawRecord"":{""ci_high"":""24.755512"",""ci_low"":""12.730238"",""code"":"""",""entity"":""Latin America and the Caribbean"",""lpi_final"":""17.764032"",""year"":""2002""},""transformations"":[""Whitespace/NFC normalization; original row retained"",""Divide published 1970=100 index and bounds by 100; explicit metadata scale, not interpolation""]}]"
lpi-2024-owid-latin-america-and-the-caribbean-2003-2003,lpi-2024-owid,OWID indicator 990513; updated 2024-09-30; snapshot 2026-10-08,LPR 2024,lpi-2024-owid-latin-america-and-the-caribbean,region,Latin America and Caribbean,All,Monitored vertebrates,relative-index,index-1970-1,1970,2003,2003,0.16717969,source-bounds,0.11887056,0.23513713,,Interval confidence level not verified in chart metadata,,2024-09-30,2026-10-08,2026-10-08,index-1970-100,16.717969,"{""ci_high"":""23.513713"",""ci_low"":""11.887056"",""confidenceLevel"":null}",CC-BY-SA-4.0,https://creativecommons.org/licenses/by-sa/4.0/,"ZSL/WWF, Living Planet Index; source edition and retrieval date; Our World in Data processing where applicable.",36b87bf96cf579f6bcf5e9b97157573e897de62e65c7829bb9b3b460017d670c,"[{""datasetId"":""lpi-2024-owid"",""datasetVersion"":""OWID indicator 990513; updated 2024-09-30; snapshot 2026-10-08"",""sourceId"":""owid-lpi-2024"",""sourceUrl"":""https://ourworldindata.org/grapher/global-living-planet-index"",""sourceDate"":""2024-09-30"",""sourceEdition"":""LPR 2024"",""accessedDate"":""2026-10-08"",""inputPath"":""data/raw/public/owid-lpi-2024.csv"",""inputSha256"":""9764f5f4f9c9ff855090a34ba218b02d7878922eec485e7b42d497ce5b8b3f25"",""rowNumber"":238,""jsonPointer"":null,""locator"":""OWID lpi_final, ci_low, ci_high; conversionFactor=100; 2024 source edition"",""originalUnit"":""index-1970-100"",""originalValue"":""16.717969"",""originalUncertainty"":{""ci_high"":""23.513713"",""ci_low"":""11.887056"",""confidenceLevel"":null},""rawRecord"":{""ci_high"":""23.513713"",""ci_low"":""11.887056"",""code"":"""",""entity"":""Latin America and the Caribbean"",""lpi_final"":""16.717969"",""year"":""2003""},""transformations"":[""Whitespace/NFC normalization; original row retained"",""Divide published 1970=100 index and bounds by 100; explicit metadata scale, not interpolation""]}]"
lpi-2024-owid-latin-america-and-the-caribbean-2004-2004,lpi-2024-owid,OWID indicator 990513; updated 2024-09-30; snapshot 2026-10-08,LPR 2024,lpi-2024-owid-latin-america-and-the-caribbean,region,Latin America and Caribbean,All,Monitored vertebrates,relative-index,index-1970-1,1970,2004,2004,0.15834408,source-bounds,0.1116257,0.22500454000000003,,Interval confidence level not verified in chart metadata,,2024-09-30,2026-10-08,2026-10-08,index-1970-100,15.834408,"{""ci_high"":""22.500454"",""ci_low"":""11.162569999999999"",""confidenceLevel"":null}",CC-BY-SA-4.0,https://creativecommons.org/licenses/by-sa/4.0/,"ZSL/WWF, Living Planet Index; source edition and retrieval date; Our World in Data processing where applicable.",36b87bf96cf579f6bcf5e9b97157573e897de62e65c7829bb9b3b460017d670c,"[{""datasetId"":""lpi-2024-owid"",""datasetVersion"":""OWID indicator 990513; updated 2024-09-30; snapshot 2026-10-08"",""sourceId"":""owid-lpi-2024"",""sourceUrl"":""https://ourworldindata.org/grapher/global-living-planet-index"",""sourceDate"":""2024-09-30"",""sourceEdition"":""LPR 2024"",""accessedDate"":""2026-10-08"",""inputPath"":""data/raw/public/owid-lpi-2024.csv"",""inputSha256"":""9764f5f4f9c9ff855090a34ba218b02d7878922eec485e7b42d497ce5b8b3f25"",""rowNumber"":239,""jsonPointer"":null,""locator"":""OWID lpi_final, ci_low, ci_high; conversionFactor=100; 2024 source edition"",""originalUnit"":""index-1970-100"",""originalValue"":""15.834408"",""originalUncertainty"":{""ci_high"":""22.500454"",""ci_low"":""11.162569999999999"",""confidenceLevel"":null},""rawRecord"":{""ci_high"":""22.500454"",""ci_low"":""11.162569999999999"",""code"":"""",""entity"":""Latin America and the Caribbean"",""lpi_final"":""15.834408"",""year"":""2004""},""transformations"":[""Whitespace/NFC normalization; original row retained"",""Divide published 1970=100 index and bounds by 100; explicit metadata scale, not interpolation""]}]"
lpi-2024-owid-latin-america-and-the-caribbean-2005-2005,lpi-2024-owid,OWID indicator 990513; updated 2024-09-30; snapshot 2026-10-08,LPR 2024,lpi-2024-owid-latin-america-and-the-caribbean,region,Latin America and Caribbean,All,Monitored vertebrates,relative-index,index-1970-1,1970,2005,2005,0.15409875,source-bounds,0.10751541000000002,0.22153673,,Interval confidence level not verified in chart metadata,,2024-09-30,2026-10-08,2026-10-08,index-1970-100,15.409875000000001,"{""ci_high"":""22.153672999999998"",""ci_low"":""10.751541000000001"",""confidenceLevel"":null}",CC-BY-SA-4.0,https://creativecommons.org/licenses/by-sa/4.0/,"ZSL/WWF, Living Planet Index; source edition and retrieval date; Our World in Data processing where applicable.",36b87bf96cf579f6bcf5e9b97157573e897de62e65c7829bb9b3b460017d670c,"[{""datasetId"":""lpi-2024-owid"",""datasetVersion"":""OWID indicator 990513; updated 2024-09-30; snapshot 2026-10-08"",""sourceId"":""owid-lpi-2024"",""sourceUrl"":""https://ourworldindata.org/grapher/global-living-planet-index"",""sourceDate"":""2024-09-30"",""sourceEdition"":""LPR 2024"",""accessedDate"":""2026-10-08"",""inputPath"":""data/raw/public/owid-lpi-2024.csv"",""inputSha256"":""9764f5f4f9c9ff855090a34ba218b02d7878922eec485e7b42d497ce5b8b3f25"",""rowNumber"":240,""jsonPointer"":null,""locator"":""OWID lpi_final, ci_low, ci_high; conversionFactor=100; 2024 source edition"",""originalUnit"":""index-1970-100"",""originalValue"":""15.409875000000001"",""originalUncertainty"":{""ci_high"":""22.153672999999998"",""ci_low"":""10.751541000000001"",""confidenceLevel"":null},""rawRecord"":{""ci_high"":""22.153672999999998"",""ci_low"":""10.751541000000001"",""code"":"""",""entity"":""Latin America and the Caribbean"",""lpi_final"":""15.409875000000001"",""year"":""2005""},""transformations"":[""Whitespace/NFC normalization; original row retained"",""Divide published 1970=100 index and bounds by 100; explicit metadata scale, not interpolation""]}]"
lpi-2024-owid-latin-america-and-the-caribbean-2006-2006,lpi-2024-owid,OWID indicator 990513; updated 2024-09-30; snapshot 2026-10-08,LPR 2024,lpi-2024-owid-latin-america-and-the-caribbean,region,Latin America and Caribbean,All,Monitored vertebrates,relative-index,index-1970-1,1970,2006,2006,0.15119104,source-bounds,0.10431736,0.21938896,,Interval confidence level not verified in chart metadata,,2024-09-30,2026-10-08,2026-10-08,index-1970-100,15.119104,"{""ci_high"":""21.938896"",""ci_low"":""10.431735999999999"",""confidenceLevel"":null}",CC-BY-SA-4.0,https://creativecommons.org/licenses/by-sa/4.0/,"ZSL/WWF, Living Planet Index; source edition and retrieval date; Our World in Data processing where applicable.",36b87bf96cf579f6bcf5e9b97157573e897de62e65c7829bb9b3b460017d670c,"[{""datasetId"":""lpi-2024-owid"",""datasetVersion"":""OWID indicator 990513; updated 2024-09-30; snapshot 2026-10-08"",""sourceId"":""owid-lpi-2024"",""sourceUrl"":""https://ourworldindata.org/grapher/global-living-planet-index"",""sourceDate"":""2024-09-30"",""sourceEdition"":""LPR 2024"",""accessedDate"":""2026-10-08"",""inputPath"":""data/raw/public/owid-lpi-2024.csv"",""inputSha256"":""9764f5f4f9c9ff855090a34ba218b02d7878922eec485e7b42d497ce5b8b3f25"",""rowNumber"":241,""jsonPointer"":null,""locator"":""OWID lpi_final, ci_low, ci_high; conversionFactor=100; 2024 source edition"",""originalUnit"":""index-1970-100"",""originalValue"":""15.119104"",""originalUncertainty"":{""ci_high"":""21.938896"",""ci_low"":""10.431735999999999"",""confidenceLevel"":null},""rawRecord"":{""ci_high"":""21.938896"",""ci_low"":""10.431735999999999"",""code"":"""",""entity"":""Latin America and the Caribbean"",""lpi_final"":""15.119104"",""year"":""2006""},""transformations"":[""Whitespace/NFC normalization; original row retained"",""Divide published 1970=100 index and bounds by 100; explicit metadata scale, not interpolation""]}]"
lpi-2024-owid-latin-america-and-the-caribbean-2007-2007,lpi-2024-owid,OWID indicator 990513; updated 2024-09-30; snapshot 2026-10-08,LPR 2024,lpi-2024-owid-latin-america-and-the-caribbean,region,Latin America and Caribbean,All,Monitored vertebrates,relative-index,index-1970-1,1970,2007,2007,0.14422369,source-bounds,0.09833661000000002,0.21204594000000002,,Interval confidence level not verified in chart metadata,,2024-09-30,2026-10-08,2026-10-08,index-1970-100,14.422368999999998,"{""ci_high"":""21.204594"",""ci_low"":""9.833661000000001"",""confidenceLevel"":null}",CC-BY-SA-4.0,https://creativecommons.org/licenses/by-sa/4.0/,"ZSL/WWF, Living Planet Index; source edition and retrieval date; Our World in Data processing where applicable.",36b87bf96cf579f6bcf5e9b97157573e897de62e65c7829bb9b3b460017d670c,"[{""datasetId"":""lpi-2024-owid"",""datasetVersion"":""OWID indicator 990513; updated 2024-09-30; snapshot 2026-10-08"",""sourceId"":""owid-lpi-2024"",""sourceUrl"":""https://ourworldindata.org/grapher/global-living-planet-index"",""sourceDate"":""2024-09-30"",""sourceEdition"":""LPR 2024"",""accessedDate"":""2026-10-08"",""inputPath"":""data/raw/public/owid-lpi-2024.csv"",""inputSha256"":""9764f5f4f9c9ff855090a34ba218b02d7878922eec485e7b42d497ce5b8b3f25"",""rowNumber"":242,""jsonPointer"":null,""locator"":""OWID lpi_final, ci_low, ci_high; conversionFactor=100; 2024 source edition"",""originalUnit"":""index-1970-100"",""originalValue"":""14.422368999999998"",""originalUncertainty"":{""ci_high"":""21.204594"",""ci_low"":""9.833661000000001"",""confidenceLevel"":null},""rawRecord"":{""ci_high"":""21.204594"",""ci_low"":""9.833661000000001"",""code"":"""",""entity"":""Latin America and the Caribbean"",""lpi_final"":""14.422368999999998"",""year"":""2007""},""transformations"":[""Whitespace/NFC normalization; original row retained"",""Divide published 1970=100 index and bounds by 100; explicit metadata scale, not interpolation""]}]"
lpi-2024-owid-latin-america-and-the-caribbean-2008-2008,lpi-2024-owid,OWID indicator 990513; updated 2024-09-30; snapshot 2026-10-08,LPR 2024,lpi-2024-owid-latin-america-and-the-caribbean,region,Latin America and Caribbean,All,Monitored vertebrates,relative-index,index-1970-1,1970,2008,2008,0.13092011,source-bounds,0.08802731,0.19457492,,Interval confidence level not verified in chart metadata,,2024-09-30,2026-10-08,2026-10-08,index-1970-100,13.092011000000001,"{""ci_high"":""19.457492000000002"",""ci_low"":""8.802731"",""confidenceLevel"":null}",CC-BY-SA-4.0,https://creativecommons.org/licenses/by-sa/4.0/,"ZSL/WWF, Living Planet Index; source edition and retrieval date; Our World in Data processing where applicable.",36b87bf96cf579f6bcf5e9b97157573e897de62e65c7829bb9b3b460017d670c,"[{""datasetId"":""lpi-2024-owid"",""datasetVersion"":""OWID indicator 990513; updated 2024-09-30; snapshot 2026-10-08"",""sourceId"":""owid-lpi-2024"",""sourceUrl"":""https://ourworldindata.org/grapher/global-living-planet-index"",""sourceDate"":""2024-09-30"",""sourceEdition"":""LPR 2024"",""accessedDate"":""2026-10-08"",""inputPath"":""data/raw/public/owid-lpi-2024.csv"",""inputSha256"":""9764f5f4f9c9ff855090a34ba218b02d7878922eec485e7b42d497ce5b8b3f25"",""rowNumber"":243,""jsonPointer"":null,""locator"":""OWID lpi_final, ci_low, ci_high; conversionFactor=100; 2024 source edition"",""originalUnit"":""index-1970-100"",""originalValue"":""13.092011000000001"",""originalUncertainty"":{""ci_high"":""19.457492000000002"",""ci_low"":""8.802731"",""confidenceLevel"":null},""rawRecord"":{""ci_high"":""19.457492000000002"",""ci_low"":""8.802731"",""code"":"""",""entity"":""Latin America and the Caribbean"",""lpi_final"":""13.092011000000001"",""year"":""2008""},""transformations"":[""Whitespace/NFC normalization; original row retained"",""Divide published 1970=100 index and bounds by 100; explicit metadata scale, not interpolation""]}]"
lpi-2024-owid-latin-america-and-the-caribbean-2009-2009,lpi-2024-owid,OWID indicator 990513; updated 2024-09-30; snapshot 2026-10-08,LPR 2024,lpi-2024-owid-latin-america-and-the-caribbean,region,Latin America and Caribbean,All,Monitored vertebrates,relative-index,index-1970-1,1970,2009,2009,0.111881,source-bounds,0.07402469,0.16914701,,Interval confidence level not verified in chart metadata,,2024-09-30,2026-10-08,2026-10-08,index-1970-100,11.188099999999999,"{""ci_high"":""16.914700999999997"",""ci_low"":""7.402469"",""confidenceLevel"":null}",CC-BY-SA-4.0,https://creativecommons.org/licenses/by-sa/4.0/,"ZSL/WWF, Living Planet Index; source edition and retrieval date; Our World in Data processing where applicable.",36b87bf96cf579f6bcf5e9b97157573e897de62e65c7829bb9b3b460017d670c,"[{""datasetId"":""lpi-2024-owid"",""datasetVersion"":""OWID indicator 990513; updated 2024-09-30; snapshot 2026-10-08"",""sourceId"":""owid-lpi-2024"",""sourceUrl"":""https://ourworldindata.org/grapher/global-living-planet-index"",""sourceDate"":""2024-09-30"",""sourceEdition"":""LPR 2024"",""accessedDate"":""2026-10-08"",""inputPath"":""data/raw/public/owid-lpi-2024.csv"",""inputSha256"":""9764f5f4f9c9ff855090a34ba218b02d7878922eec485e7b42d497ce5b8b3f25"",""rowNumber"":244,""jsonPointer"":null,""locator"":""OWID lpi_final, ci_low, ci_high; conversionFactor=100; 2024 source edition"",""originalUnit"":""index-1970-100"",""originalValue"":""11.188099999999999"",""originalUncertainty"":{""ci_high"":""16.914700999999997"",""ci_low"":""7.402469"",""confidenceLevel"":null},""rawRecord"":{""ci_high"":""16.914700999999997"",""ci_low"":""7.402469"",""code"":"""",""entity"":""Latin America and the Caribbean"",""lpi_final"":""11.188099999999999"",""year"":""2009""},""transformations"":[""Whitespace/NFC normalization; original row retained"",""Divide published 1970=100 index and bounds by 100; explicit metadata scale, not interpolation""]}]"
lpi-2024-owid-latin-america-and-the-caribbean-2010-2010,lpi-2024-owid,OWID indicator 990513; updated 2024-09-30; snapshot 2026-10-08,LPR 2024,lpi-2024-owid-latin-america-and-the-caribbean,region,Latin America and Caribbean,All,Monitored vertebrates,relative-index,index-1970-1,1970,2010,2010,0.094993964,source-bounds,0.061809430000000005,0.14578323,,Interval confidence level not verified in chart metadata,,2024-09-30,2026-10-08,2026-10-08,index-1970-100,9.4993964,"{""ci_high"":""14.578323000000001"",""ci_low"":""6.180943"",""confidenceLevel"":null}",CC-BY-SA-4.0,https://creativecommons.org/licenses/by-sa/4.0/,"ZSL/WWF, Living Planet Index; source edition and retrieval date; Our World in Data processing where applicable.",36b87bf96cf579f6bcf5e9b97157573e897de62e65c7829bb9b3b460017d670c,"[{""datasetId"":""lpi-2024-owid"",""datasetVersion"":""OWID indicator 990513; updated 2024-09-30; snapshot 2026-10-08"",""sourceId"":""owid-lpi-2024"",""sourceUrl"":""https://ourworldindata.org/grapher/global-living-planet-index"",""sourceDate"":""2024-09-30"",""sourceEdition"":""LPR 2024"",""accessedDate"":""2026-10-08"",""inputPath"":""data/raw/public/owid-lpi-2024.csv"",""inputSha256"":""9764f5f4f9c9ff855090a34ba218b02d7878922eec485e7b42d497ce5b8b3f25"",""rowNumber"":245,""jsonPointer"":null,""locator"":""OWID lpi_final, ci_low, ci_high; conversionFactor=100; 2024 source edition"",""originalUnit"":""index-1970-100"",""originalValue"":""9.4993964"",""originalUncertainty"":{""ci_high"":""14.578323000000001"",""ci_low"":""6.180943"",""confidenceLevel"":null},""rawRecord"":{""ci_high"":""14.578323000000001"",""ci_low"":""6.180943"",""code"":"""",""entity"":""Latin America and the Caribbean"",""lpi_final"":""9.4993964"",""year"":""2010""},""transformations"":[""Whitespace/NFC normalization; original row retained"",""Divide published 1970=100 index and bounds by 100; explicit metadata scale, not interpolation""]}]"
lpi-2024-owid-latin-america-and-the-caribbean-2011-2011,lpi-2024-owid,OWID indicator 990513; updated 2024-09-30; snapshot 2026-10-08,LPR 2024,lpi-2024-owid-latin-america-and-the-caribbean,region,Latin America and Caribbean,All,Monitored vertebrates,relative-index,index-1970-1,1970,2011,2011,0.08084096,source-bounds,0.051746633,0.12643512,,Interval confidence level not verified in chart metadata,,2024-09-30,2026-10-08,2026-10-08,index-1970-100,8.084096,"{""ci_high"":""12.643512000000001"",""ci_low"":""5.1746633"",""confidenceLevel"":null}",CC-BY-SA-4.0,https://creativecommons.org/licenses/by-sa/4.0/,"ZSL/WWF, Living Planet Index; source edition and retrieval date; Our World in Data processing where applicable.",36b87bf96cf579f6bcf5e9b97157573e897de62e65c7829bb9b3b460017d670c,"[{""datasetId"":""lpi-2024-owid"",""datasetVersion"":""OWID indicator 990513; updated 2024-09-30; snapshot 2026-10-08"",""sourceId"":""owid-lpi-2024"",""sourceUrl"":""https://ourworldindata.org/grapher/global-living-planet-index"",""sourceDate"":""2024-09-30"",""sourceEdition"":""LPR 2024"",""accessedDate"":""2026-10-08"",""inputPath"":""data/raw/public/owid-lpi-2024.csv"",""inputSha256"":""9764f5f4f9c9ff855090a34ba218b02d7878922eec485e7b42d497ce5b8b3f25"",""rowNumber"":246,""jsonPointer"":null,""locator"":""OWID lpi_final, ci_low, ci_high; conversionFactor=100; 2024 source edition"",""originalUnit"":""index-1970-100"",""originalValue"":""8.084096"",""originalUncertainty"":{""ci_high"":""12.643512000000001"",""ci_low"":""5.1746633"",""confidenceLevel"":null},""rawRecord"":{""ci_high"":""12.643512000000001"",""ci_low"":""5.1746633"",""code"":"""",""entity"":""Latin America and the Caribbean"",""lpi_final"":""8.084096"",""year"":""2011""},""transformations"":[""Whitespace/NFC normalization; original row retained"",""Divide published 1970=100 index and bounds by 100; explicit metadata scale, not interpolation""]}]"
lpi-2024-owid-latin-america-and-the-caribbean-2012-2012,lpi-2024-owid,OWID indicator 990513; updated 2024-09-30; snapshot 2026-10-08,LPR 2024,lpi-2024-owid-latin-america-and-the-caribbean,region,Latin America and Caribbean,All,Monitored vertebrates,relative-index,index-1970-1,1970,2012,2012,0.07323765,source-bounds,0.04634344,0.116158985,,Interval confidence level not verified in chart metadata,,2024-09-30,2026-10-08,2026-10-08,index-1970-100,7.323765,"{""ci_high"":""11.6158985"",""ci_low"":""4.634344"",""confidenceLevel"":null}",CC-BY-SA-4.0,https://creativecommons.org/licenses/by-sa/4.0/,"ZSL/WWF, Living Planet Index; source edition and retrieval date; Our World in Data processing where applicable.",36b87bf96cf579f6bcf5e9b97157573e897de62e65c7829bb9b3b460017d670c,"[{""datasetId"":""lpi-2024-owid"",""datasetVersion"":""OWID indicator 990513; updated 2024-09-30; snapshot 2026-10-08"",""sourceId"":""owid-lpi-2024"",""sourceUrl"":""https://ourworldindata.org/grapher/global-living-planet-index"",""sourceDate"":""2024-09-30"",""sourceEdition"":""LPR 2024"",""accessedDate"":""2026-10-08"",""inputPath"":""data/raw/public/owid-lpi-2024.csv"",""inputSha256"":""9764f5f4f9c9ff855090a34ba218b02d7878922eec485e7b42d497ce5b8b3f25"",""rowNumber"":247,""jsonPointer"":null,""locator"":""OWID lpi_final, ci_low, ci_high; conversionFactor=100; 2024 source edition"",""originalUnit"":""index-1970-100"",""originalValue"":""7.323765"",""originalUncertainty"":{""ci_high"":""11.6158985"",""ci_low"":""4.634344"",""confidenceLevel"":null},""rawRecord"":{""ci_high"":""11.6158985"",""ci_low"":""4.634344"",""code"":"""",""entity"":""Latin America and the Caribbean"",""lpi_final"":""7.323765"",""year"":""2012""},""transformations"":[""Whitespace/NFC normalization; original row retained"",""Divide published 1970=100 index and bounds by 100; explicit metadata scale, not interpolation""]}]"
lpi-2024-owid-latin-america-and-the-caribbean-2013-2013,lpi-2024-owid,OWID indicator 990513; updated 2024-09-30; snapshot 2026-10-08,LPR 2024,lpi-2024-owid-latin-america-and-the-caribbean,region,Latin America and Caribbean,All,Monitored vertebrates,relative-index,index-1970-1,1970,2013,2013,0.06918912,source-bounds,0.043535337,0.11055605,,Interval confidence level not verified in chart metadata,,2024-09-30,2026-10-08,2026-10-08,index-1970-100,6.918912000000001,"{""ci_high"":""11.055605"",""ci_low"":""4.3535337"",""confidenceLevel"":null}",CC-BY-SA-4.0,https://creativecommons.org/licenses/by-sa/4.0/,"ZSL/WWF, Living Planet Index; source edition and retrieval date; Our World in Data processing where applicable.",36b87bf96cf579f6bcf5e9b97157573e897de62e65c7829bb9b3b460017d670c,"[{""datasetId"":""lpi-2024-owid"",""datasetVersion"":""OWID indicator 990513; updated 2024-09-30; snapshot 2026-10-08"",""sourceId"":""owid-lpi-2024"",""sourceUrl"":""https://ourworldindata.org/grapher/global-living-planet-index"",""sourceDate"":""2024-09-30"",""sourceEdition"":""LPR 2024"",""accessedDate"":""2026-10-08"",""inputPath"":""data/raw/public/owid-lpi-2024.csv"",""inputSha256"":""9764f5f4f9c9ff855090a34ba218b02d7878922eec485e7b42d497ce5b8b3f25"",""rowNumber"":248,""jsonPointer"":null,""locator"":""OWID lpi_final, ci_low, ci_high; conversionFactor=100; 2024 source edition"",""originalUnit"":""index-1970-100"",""originalValue"":""6.918912000000001"",""originalUncertainty"":{""ci_high"":""11.055605"",""ci_low"":""4.3535337"",""confidenceLevel"":null},""rawRecord"":{""ci_high"":""11.055605"",""ci_low"":""4.3535337"",""code"":"""",""entity"":""Latin America and the Caribbean"",""lpi_final"":""6.918912000000001"",""year"":""2013""},""transformations"":[""Whitespace/NFC normalization; original row retained"",""Divide published 1970=100 index and bounds by 100; explicit metadata scale, not interpolation""]}]"
lpi-2024-owid-latin-america-and-the-caribbean-2014-2014,lpi-2024-owid,OWID indicator 990513; updated 2024-09-30; snapshot 2026-10-08,LPR 2024,lpi-2024-owid-latin-america-and-the-caribbean,region,Latin America and Caribbean,All,Monitored vertebrates,relative-index,index-1970-1,1970,2014,2014,0.06663473,source-bounds,0.041790810000000005,0.10695252,,Interval confidence level not verified in chart metadata,,2024-09-30,2026-10-08,2026-10-08,index-1970-100,6.663473000000001,"{""ci_high"":""10.695252"",""ci_low"":""4.179081"",""confidenceLevel"":null}",CC-BY-SA-4.0,https://creativecommons.org/licenses/by-sa/4.0/,"ZSL/WWF, Living Planet Index; source edition and retrieval date; Our World in Data processing where applicable.",36b87bf96cf579f6bcf5e9b97157573e897de62e65c7829bb9b3b460017d670c,"[{""datasetId"":""lpi-2024-owid"",""datasetVersion"":""OWID indicator 990513; updated 2024-09-30; snapshot 2026-10-08"",""sourceId"":""owid-lpi-2024"",""sourceUrl"":""https://ourworldindata.org/grapher/global-living-planet-index"",""sourceDate"":""2024-09-30"",""sourceEdition"":""LPR 2024"",""accessedDate"":""2026-10-08"",""inputPath"":""data/raw/public/owid-lpi-2024.csv"",""inputSha256"":""9764f5f4f9c9ff855090a34ba218b02d7878922eec485e7b42d497ce5b8b3f25"",""rowNumber"":249,""jsonPointer"":null,""locator"":""OWID lpi_final, ci_low, ci_high; conversionFactor=100; 2024 source edition"",""originalUnit"":""index-1970-100"",""originalValue"":""6.663473000000001"",""originalUncertainty"":{""ci_high"":""10.695252"",""ci_low"":""4.179081"",""confidenceLevel"":null},""rawRecord"":{""ci_high"":""10.695252"",""ci_low"":""4.179081"",""code"":"""",""entity"":""Latin America and the Caribbean"",""lpi_final"":""6.663473000000001"",""year"":""2014""},""transformations"":[""Whitespace/NFC normalization; original row retained"",""Divide published 1970=100 index and bounds by 100; explicit metadata scale, not interpolation""]}]"
lpi-2024-owid-latin-america-and-the-caribbean-2015-2015,lpi-2024-owid,OWID indicator 990513; updated 2024-09-30; snapshot 2026-10-08,LPR 2024,lpi-2024-owid-latin-america-and-the-caribbean,region,Latin America and Caribbean,All,Monitored vertebrates,relative-index,index-1970-1,1970,2015,2015,0.06525281,source-bounds,0.04076643,0.10489141,,Interval confidence level not verified in chart metadata,,2024-09-30,2026-10-08,2026-10-08,index-1970-100,6.525281,"{""ci_high"":""10.489141"",""ci_low"":""4.076643"",""confidenceLevel"":null}",CC-BY-SA-4.0,https://creativecommons.org/licenses/by-sa/4.0/,"ZSL/WWF, Living Planet Index; source edition and retrieval date; Our World in Data processing where applicable.",36b87bf96cf579f6bcf5e9b97157573e897de62e65c7829bb9b3b460017d670c,"[{""datasetId"":""lpi-2024-owid"",""datasetVersion"":""OWID indicator 990513; updated 2024-09-30; snapshot 2026-10-08"",""sourceId"":""owid-lpi-2024"",""sourceUrl"":""https://ourworldindata.org/grapher/global-living-planet-index"",""sourceDate"":""2024-09-30"",""sourceEdition"":""LPR 2024"",""accessedDate"":""2026-10-08"",""inputPath"":""data/raw/public/owid-lpi-2024.csv"",""inputSha256"":""9764f5f4f9c9ff855090a34ba218b02d7878922eec485e7b42d497ce5b8b3f25"",""rowNumber"":250,""jsonPointer"":null,""locator"":""OWID lpi_final, ci_low, ci_high; conversionFactor=100; 2024 source edition"",""originalUnit"":""index-1970-100"",""originalValue"":""6.525281"",""originalUncertainty"":{""ci_high"":""10.489141"",""ci_low"":""4.076643"",""confidenceLevel"":null},""rawRecord"":{""ci_high"":""10.489141"",""ci_low"":""4.076643"",""code"":"""",""entity"":""Latin America and the Caribbean"",""lpi_final"":""6.525281"",""year"":""2015""},""transformations"":[""Whitespace/NFC normalization; original row retained"",""Divide published 1970=100 index and bounds by 100; explicit metadata scale, not interpolation""]}]"
lpi-2024-owid-latin-america-and-the-caribbean-2016-2016,lpi-2024-owid,OWID indicator 990513; updated 2024-09-30; snapshot 2026-10-08,LPR 2024,lpi-2024-owid-latin-america-and-the-caribbean,region,Latin America and Caribbean,All,Monitored vertebrates,relative-index,index-1970-1,1970,2016,2016,0.059761600000000005,source-bounds,0.03676321,0.09739527,,Interval confidence level not verified in chart metadata,,2024-09-30,2026-10-08,2026-10-08,index-1970-100,5.97616,"{""ci_high"":""9.739527"",""ci_low"":""3.6763209999999997"",""confidenceLevel"":null}",CC-BY-SA-4.0,https://creativecommons.org/licenses/by-sa/4.0/,"ZSL/WWF, Living Planet Index; source edition and retrieval date; Our World in Data processing where applicable.",36b87bf96cf579f6bcf5e9b97157573e897de62e65c7829bb9b3b460017d670c,"[{""datasetId"":""lpi-2024-owid"",""datasetVersion"":""OWID indicator 990513; updated 2024-09-30; snapshot 2026-10-08"",""sourceId"":""owid-lpi-2024"",""sourceUrl"":""https://ourworldindata.org/grapher/global-living-planet-index"",""sourceDate"":""2024-09-30"",""sourceEdition"":""LPR 2024"",""accessedDate"":""2026-10-08"",""inputPath"":""data/raw/public/owid-lpi-2024.csv"",""inputSha256"":""9764f5f4f9c9ff855090a34ba218b02d7878922eec485e7b42d497ce5b8b3f25"",""rowNumber"":251,""jsonPointer"":null,""locator"":""OWID lpi_final, ci_low, ci_high; conversionFactor=100; 2024 source edition"",""originalUnit"":""index-1970-100"",""originalValue"":""5.97616"",""originalUncertainty"":{""ci_high"":""9.739527"",""ci_low"":""3.6763209999999997"",""confidenceLevel"":null},""rawRecord"":{""ci_high"":""9.739527"",""ci_low"":""3.6763209999999997"",""code"":"""",""entity"":""Latin America and the Caribbean"",""lpi_final"":""5.97616"",""year"":""2016""},""transformations"":[""Whitespace/NFC normalization; original row retained"",""Divide published 1970=100 index and bounds by 100; explicit metadata scale, not interpolation""]}]"
lpi-2024-owid-latin-america-and-the-caribbean-2017-2017,lpi-2024-owid,OWID indicator 990513; updated 2024-09-30; snapshot 2026-10-08,LPR 2024,lpi-2024-owid-latin-america-and-the-caribbean,region,Latin America and Caribbean,All,Monitored vertebrates,relative-index,index-1970-1,1970,2017,2017,0.055900894,source-bounds,0.03300528,0.09517395,,Interval confidence level not verified in chart metadata,,2024-09-30,2026-10-08,2026-10-08,index-1970-100,5.5900894,"{""ci_high"":""9.517394999999999"",""ci_low"":""3.300528"",""confidenceLevel"":null}",CC-BY-SA-4.0,https://creativecommons.org/licenses/by-sa/4.0/,"ZSL/WWF, Living Planet Index; source edition and retrieval date; Our World in Data processing where applicable.",36b87bf96cf579f6bcf5e9b97157573e897de62e65c7829bb9b3b460017d670c,"[{""datasetId"":""lpi-2024-owid"",""datasetVersion"":""OWID indicator 990513; updated 2024-09-30; snapshot 2026-10-08"",""sourceId"":""owid-lpi-2024"",""sourceUrl"":""https://ourworldindata.org/grapher/global-living-planet-index"",""sourceDate"":""2024-09-30"",""sourceEdition"":""LPR 2024"",""accessedDate"":""2026-10-08"",""inputPath"":""data/raw/public/owid-lpi-2024.csv"",""inputSha256"":""9764f5f4f9c9ff855090a34ba218b02d7878922eec485e7b42d497ce5b8b3f25"",""rowNumber"":252,""jsonPointer"":null,""locator"":""OWID lpi_final, ci_low, ci_high; conversionFactor=100; 2024 source edition"",""originalUnit"":""index-1970-100"",""originalValue"":""5.5900894"",""originalUncertainty"":{""ci_high"":""9.517394999999999"",""ci_low"":""3.300528"",""confidenceLevel"":null},""rawRecord"":{""ci_high"":""9.517394999999999"",""ci_low"":""3.300528"",""code"":"""",""entity"":""Latin America and the Caribbean"",""lpi_final"":""5.5900894"",""year"":""2017""},""transformations"":[""Whitespace/NFC normalization; original row retained"",""Divide published 1970=100 index and bounds by 100; explicit metadata scale, not interpolation""]}]"
lpi-2024-owid-latin-america-and-the-caribbean-2018-2018,lpi-2024-owid,OWID indicator 990513; updated 2024-09-30; snapshot 2026-10-08,LPR 2024,lpi-2024-owid-latin-america-and-the-caribbean,region,Latin America and Caribbean,All,Monitored vertebrates,relative-index,index-1970-1,1970,2018,2018,0.056217987,source-bounds,0.031272035,0.10154877,,Interval confidence level not verified in chart metadata,,2024-09-30,2026-10-08,2026-10-08,index-1970-100,5.621798699999999,"{""ci_high"":""10.154876999999999"",""ci_low"":""3.1272035"",""confidenceLevel"":null}",CC-BY-SA-4.0,https://creativecommons.org/licenses/by-sa/4.0/,"ZSL/WWF, Living Planet Index; source edition and retrieval date; Our World in Data processing where applicable.",36b87bf96cf579f6bcf5e9b97157573e897de62e65c7829bb9b3b460017d670c,"[{""datasetId"":""lpi-2024-owid"",""datasetVersion"":""OWID indicator 990513; updated 2024-09-30; snapshot 2026-10-08"",""sourceId"":""owid-lpi-2024"",""sourceUrl"":""https://ourworldindata.org/grapher/global-living-planet-index"",""sourceDate"":""2024-09-30"",""sourceEdition"":""LPR 2024"",""accessedDate"":""2026-10-08"",""inputPath"":""data/raw/public/owid-lpi-2024.csv"",""inputSha256"":""9764f5f4f9c9ff855090a34ba218b02d7878922eec485e7b42d497ce5b8b3f25"",""rowNumber"":253,""jsonPointer"":null,""locator"":""OWID lpi_final, ci_low, ci_high; conversionFactor=100; 2024 source edition"",""originalUnit"":""index-1970-100"",""originalValue"":""5.621798699999999"",""originalUncertainty"":{""ci_high"":""10.154876999999999"",""ci_low"":""3.1272035"",""confidenceLevel"":null},""rawRecord"":{""ci_high"":""10.154876999999999"",""ci_low"":""3.1272035"",""code"":"""",""entity"":""Latin America and the Caribbean"",""lpi_final"":""5.621798699999999"",""year"":""2018""},""transformations"":[""Whitespace/NFC normalization; original row retained"",""Divide published 1970=100 index and bounds by 100; explicit metadata scale, not interpolation""]}]"
lpi-2024-owid-latin-america-and-the-caribbean-2019-2019,lpi-2024-owid,OWID indicator 990513; updated 2024-09-30; snapshot 2026-10-08,LPR 2024,lpi-2024-owid-latin-america-and-the-caribbean,region,Latin America and Caribbean,All,Monitored vertebrates,relative-index,index-1970-1,1970,2019,2019,0.057098597,source-bounds,0.030585924000000004,0.10694054,,Interval confidence level not verified in chart metadata,,2024-09-30,2026-10-08,2026-10-08,index-1970-100,5.7098597,"{""ci_high"":""10.694054"",""ci_low"":""3.0585924"",""confidenceLevel"":null}",CC-BY-SA-4.0,https://creativecommons.org/licenses/by-sa/4.0/,"ZSL/WWF, Living Planet Index; source edition and retrieval date; Our World in Data processing where applicable.",36b87bf96cf579f6bcf5e9b97157573e897de62e65c7829bb9b3b460017d670c,"[{""datasetId"":""lpi-2024-owid"",""datasetVersion"":""OWID indicator 990513; updated 2024-09-30; snapshot 2026-10-08"",""sourceId"":""owid-lpi-2024"",""sourceUrl"":""https://ourworldindata.org/grapher/global-living-planet-index"",""sourceDate"":""2024-09-30"",""sourceEdition"":""LPR 2024"",""accessedDate"":""2026-10-08"",""inputPath"":""data/raw/public/owid-lpi-2024.csv"",""inputSha256"":""9764f5f4f9c9ff855090a34ba218b02d7878922eec485e7b42d497ce5b8b3f25"",""rowNumber"":254,""jsonPointer"":null,""locator"":""OWID lpi_final, ci_low, ci_high; conversionFactor=100; 2024 source edition"",""originalUnit"":""index-1970-100"",""originalValue"":""5.7098597"",""originalUncertainty"":{""ci_high"":""10.694054"",""ci_low"":""3.0585924"",""confidenceLevel"":null},""rawRecord"":{""ci_high"":""10.694054"",""ci_low"":""3.0585924"",""code"":"""",""entity"":""Latin America and the Caribbean"",""lpi_final"":""5.7098597"",""year"":""2019""},""transformations"":[""Whitespace/NFC normalization; original row retained"",""Divide published 1970=100 index and bounds by 100; explicit metadata scale, not interpolation""]}]"
lpi-2024-owid-latin-america-and-the-caribbean-2020-2020,lpi-2024-owid,OWID indicator 990513; updated 2024-09-30; snapshot 2026-10-08,LPR 2024,lpi-2024-owid-latin-america-and-the-caribbean,region,Latin America and Caribbean,All,Monitored vertebrates,relative-index,index-1970-1,1970,2020,2020,0.053773150000000006,source-bounds,0.028329503,0.10206671,,Interval confidence level not verified in chart metadata,,2024-09-30,2026-10-08,2026-10-08,index-1970-100,5.377315,"{""ci_high"":""10.206671"",""ci_low"":""2.8329503"",""confidenceLevel"":null}",CC-BY-SA-4.0,https://creativecommons.org/licenses/by-sa/4.0/,"ZSL/WWF, Living Planet Index; source edition and retrieval date; Our World in Data processing where applicable.",36b87bf96cf579f6bcf5e9b97157573e897de62e65c7829bb9b3b460017d670c,"[{""datasetId"":""lpi-2024-owid"",""datasetVersion"":""OWID indicator 990513; updated 2024-09-30; snapshot 2026-10-08"",""sourceId"":""owid-lpi-2024"",""sourceUrl"":""https://ourworldindata.org/grapher/global-living-planet-index"",""sourceDate"":""2024-09-30"",""sourceEdition"":""LPR 2024"",""accessedDate"":""2026-10-08"",""inputPath"":""data/raw/public/owid-lpi-2024.csv"",""inputSha256"":""9764f5f4f9c9ff855090a34ba218b02d7878922eec485e7b42d497ce5b8b3f25"",""rowNumber"":255,""jsonPointer"":null,""locator"":""OWID lpi_final, ci_low, ci_high; conversionFactor=100; 2024 source edition"",""originalUnit"":""index-1970-100"",""originalValue"":""5.377315"",""originalUncertainty"":{""ci_high"":""10.206671"",""ci_low"":""2.8329503"",""confidenceLevel"":null},""rawRecord"":{""ci_high"":""10.206671"",""ci_low"":""2.8329503"",""code"":"""",""entity"":""Latin America and the Caribbean"",""lpi_final"":""5.377315"",""year"":""2020""},""transformations"":[""Whitespace/NFC normalization; original row retained"",""Divide published 1970=100 index and bounds by 100; explicit metadata scale, not interpolation""]}]"
lpi-2024-owid-north-america-1970-1970,lpi-2024-owid,OWID indicator 990513; updated 2024-09-30; snapshot 2026-10-08,LPR 2024,lpi-2024-owid-north-america,region,North America,All,Monitored vertebrates,relative-index,index-1970-1,1970,1970,1970,1,source-bounds,1,1,,Interval confidence level not verified in chart metadata,,2024-09-30,2026-10-08,2026-10-08,index-1970-100,100,"{""ci_high"":""100"",""ci_low"":""100"",""confidenceLevel"":null}",CC-BY-SA-4.0,https://creativecommons.org/licenses/by-sa/4.0/,"ZSL/WWF, Living Planet Index; source edition and retrieval date; Our World in Data processing where applicable.",36b87bf96cf579f6bcf5e9b97157573e897de62e65c7829bb9b3b460017d670c,"[{""datasetId"":""lpi-2024-owid"",""datasetVersion"":""OWID indicator 990513; updated 2024-09-30; snapshot 2026-10-08"",""sourceId"":""owid-lpi-2024"",""sourceUrl"":""https://ourworldindata.org/grapher/global-living-planet-index"",""sourceDate"":""2024-09-30"",""sourceEdition"":""LPR 2024"",""accessedDate"":""2026-10-08"",""inputPath"":""data/raw/public/owid-lpi-2024.csv"",""inputSha256"":""9764f5f4f9c9ff855090a34ba218b02d7878922eec485e7b42d497ce5b8b3f25"",""rowNumber"":256,""jsonPointer"":null,""locator"":""OWID lpi_final, ci_low, ci_high; conversionFactor=100; 2024 source edition"",""originalUnit"":""index-1970-100"",""originalValue"":""100"",""originalUncertainty"":{""ci_high"":""100"",""ci_low"":""100"",""confidenceLevel"":null},""rawRecord"":{""ci_high"":""100"",""ci_low"":""100"",""code"":""OWID_NAM"",""entity"":""North America"",""lpi_final"":""100"",""year"":""1970""},""transformations"":[""Whitespace/NFC normalization; original row retained"",""Divide published 1970=100 index and bounds by 100; explicit metadata scale, not interpolation""]}]"
lpi-2024-owid-north-america-1971-1971,lpi-2024-owid,OWID indicator 990513; updated 2024-09-30; snapshot 2026-10-08,LPR 2024,lpi-2024-owid-north-america,region,North America,All,Monitored vertebrates,relative-index,index-1970-1,1970,1971,1971,0.99518985,source-bounds,0.9509994400000001,1.0529366,,Interval confidence level not verified in chart metadata,,2024-09-30,2026-10-08,2026-10-08,index-1970-100,99.518985,"{""ci_high"":""105.29366"",""ci_low"":""95.09994400000001"",""confidenceLevel"":null}",CC-BY-SA-4.0,https://creativecommons.org/licenses/by-sa/4.0/,"ZSL/WWF, Living Planet Index; source edition and retrieval date; Our World in Data processing where applicable.",36b87bf96cf579f6bcf5e9b97157573e897de62e65c7829bb9b3b460017d670c,"[{""datasetId"":""lpi-2024-owid"",""datasetVersion"":""OWID indicator 990513; updated 2024-09-30; snapshot 2026-10-08"",""sourceId"":""owid-lpi-2024"",""sourceUrl"":""https://ourworldindata.org/grapher/global-living-planet-index"",""sourceDate"":""2024-09-30"",""sourceEdition"":""LPR 2024"",""accessedDate"":""2026-10-08"",""inputPath"":""data/raw/public/owid-lpi-2024.csv"",""inputSha256"":""9764f5f4f9c9ff855090a34ba218b02d7878922eec485e7b42d497ce5b8b3f25"",""rowNumber"":257,""jsonPointer"":null,""locator"":""OWID lpi_final, ci_low, ci_high; conversionFactor=100; 2024 source edition"",""originalUnit"":""index-1970-100"",""originalValue"":""99.518985"",""originalUncertainty"":{""ci_high"":""105.29366"",""ci_low"":""95.09994400000001"",""confidenceLevel"":null},""rawRecord"":{""ci_high"":""105.29366"",""ci_low"":""95.09994400000001"",""code"":""OWID_NAM"",""entity"":""North America"",""lpi_final"":""99.518985"",""year"":""1971""},""transformations"":[""Whitespace/NFC normalization; original row retained"",""Divide published 1970=100 index and bounds by 100; explicit metadata scale, not interpolation""]}]"
lpi-2024-owid-north-america-1972-1972,lpi-2024-owid,OWID indicator 990513; updated 2024-09-30; snapshot 2026-10-08,LPR 2024,lpi-2024-owid-north-america,region,North America,All,Monitored vertebrates,relative-index,index-1970-1,1970,1972,1972,0.9791978,source-bounds,0.9042873,1.0801061,,Interval confidence level not verified in chart metadata,,2024-09-30,2026-10-08,2026-10-08,index-1970-100,97.91978,"{""ci_high"":""108.01061000000001"",""ci_low"":""90.42873"",""confidenceLevel"":null}",CC-BY-SA-4.0,https://creativecommons.org/licenses/by-sa/4.0/,"ZSL/WWF, Living Planet Index; source edition and retrieval date; Our World in Data processing where applicable.",36b87bf96cf579f6bcf5e9b97157573e897de62e65c7829bb9b3b460017d670c,"[{""datasetId"":""lpi-2024-owid"",""datasetVersion"":""OWID indicator 990513; updated 2024-09-30; snapshot 2026-10-08"",""sourceId"":""owid-lpi-2024"",""sourceUrl"":""https://ourworldindata.org/grapher/global-living-planet-index"",""sourceDate"":""2024-09-30"",""sourceEdition"":""LPR 2024"",""accessedDate"":""2026-10-08"",""inputPath"":""data/raw/public/owid-lpi-2024.csv"",""inputSha256"":""9764f5f4f9c9ff855090a34ba218b02d7878922eec485e7b42d497ce5b8b3f25"",""rowNumber"":258,""jsonPointer"":null,""locator"":""OWID lpi_final, ci_low, ci_high; conversionFactor=100; 2024 source edition"",""originalUnit"":""index-1970-100"",""originalValue"":""97.91978"",""originalUncertainty"":{""ci_high"":""108.01061000000001"",""ci_low"":""90.42873"",""confidenceLevel"":null},""rawRecord"":{""ci_high"":""108.01061000000001"",""ci_low"":""90.42873"",""code"":""OWID_NAM"",""entity"":""North America"",""lpi_final"":""97.91978"",""year"":""1972""},""transformations"":[""Whitespace/NFC normalization; original row retained"",""Divide published 1970=100 index and bounds by 100; explicit metadata scale, not interpolation""]}]"
lpi-2024-owid-north-america-1973-1973,lpi-2024-owid,OWID indicator 990513; updated 2024-09-30; snapshot 2026-10-08,LPR 2024,lpi-2024-owid-north-america,region,North America,All,Monitored vertebrates,relative-index,index-1970-1,1970,1973,1973,0.9573132,source-bounds,0.865427,1.0867143,,Interval confidence level not verified in chart metadata,,2024-09-30,2026-10-08,2026-10-08,index-1970-100,95.73132,"{""ci_high"":""108.67142999999999"",""ci_low"":""86.5427"",""confidenceLevel"":null}",CC-BY-SA-4.0,https://creativecommons.org/licenses/by-sa/4.0/,"ZSL/WWF, Living Planet Index; source edition and retrieval date; Our World in Data processing where applicable.",36b87bf96cf579f6bcf5e9b97157573e897de62e65c7829bb9b3b460017d670c,"[{""datasetId"":""lpi-2024-owid"",""datasetVersion"":""OWID indicator 990513; updated 2024-09-30; snapshot 2026-10-08"",""sourceId"":""owid-lpi-2024"",""sourceUrl"":""https://ourworldindata.org/grapher/global-living-planet-index"",""sourceDate"":""2024-09-30"",""sourceEdition"":""LPR 2024"",""accessedDate"":""2026-10-08"",""inputPath"":""data/raw/public/owid-lpi-2024.csv"",""inputSha256"":""9764f5f4f9c9ff855090a34ba218b02d7878922eec485e7b42d497ce5b8b3f25"",""rowNumber"":259,""jsonPointer"":null,""locator"":""OWID lpi_final, ci_low, ci_high; conversionFactor=100; 2024 source edition"",""originalUnit"":""index-1970-100"",""originalValue"":""95.73132"",""originalUncertainty"":{""ci_high"":""108.67142999999999"",""ci_low"":""86.5427"",""confidenceLevel"":null},""rawRecord"":{""ci_high"":""108.67142999999999"",""ci_low"":""86.5427"",""code"":""OWID_NAM"",""entity"":""North America"",""lpi_final"":""95.73132"",""year"":""1973""},""transformations"":[""Whitespace/NFC normalization; original row retained"",""Divide published 1970=100 index and bounds by 100; explicit metadata scale, not interpolation""]}]"
lpi-2024-owid-north-america-1974-1974,lpi-2024-owid,OWID indicator 990513; updated 2024-09-30; snapshot 2026-10-08,LPR 2024,lpi-2024-owid-north-america,region,North America,All,Monitored vertebrates,relative-index,index-1970-1,1970,1974,1974,0.9189177,source-bounds,0.82405466,1.0481436,,Interval confidence level not verified in chart metadata,,2024-09-30,2026-10-08,2026-10-08,index-1970-100,91.89177,"{""ci_high"":""104.81436"",""ci_low"":""82.405466"",""confidenceLevel"":null}",CC-BY-SA-4.0,https://creativecommons.org/licenses/by-sa/4.0/,"ZSL/WWF, Living Planet Index; source edition and retrieval date; Our World in Data processing where applicable.",36b87bf96cf579f6bcf5e9b97157573e897de62e65c7829bb9b3b460017d670c,"[{""datasetId"":""lpi-2024-owid"",""datasetVersion"":""OWID indicator 990513; updated 2024-09-30; snapshot 2026-10-08"",""sourceId"":""owid-lpi-2024"",""sourceUrl"":""https://ourworldindata.org/grapher/global-living-planet-index"",""sourceDate"":""2024-09-30"",""sourceEdition"":""LPR 2024"",""accessedDate"":""2026-10-08"",""inputPath"":""data/raw/public/owid-lpi-2024.csv"",""inputSha256"":""9764f5f4f9c9ff855090a34ba218b02d7878922eec485e7b42d497ce5b8b3f25"",""rowNumber"":260,""jsonPointer"":null,""locator"":""OWID lpi_final, ci_low, ci_high; conversionFactor=100; 2024 source edition"",""originalUnit"":""index-1970-100"",""originalValue"":""91.89177"",""originalUncertainty"":{""ci_high"":""104.81436"",""ci_low"":""82.405466"",""confidenceLevel"":null},""rawRecord"":{""ci_high"":""104.81436"",""ci_low"":""82.405466"",""code"":""OWID_NAM"",""entity"":""North America"",""lpi_final"":""91.89177"",""year"":""1974""},""transformations"":[""Whitespace/NFC normalization; original row retained"",""Divide published 1970=100 index and bounds by 100; explicit metadata scale, not interpolation""]}]"
lpi-2024-owid-north-america-1975-1975,lpi-2024-owid,OWID indicator 990513; updated 2024-09-30; snapshot 2026-10-08,LPR 2024,lpi-2024-owid-north-america,region,North America,All,Monitored vertebrates,relative-index,index-1970-1,1970,1975,1975,0.8991088,source-bounds,0.8009464,1.0306742,,Interval confidence level not verified in chart metadata,,2024-09-30,2026-10-08,2026-10-08,index-1970-100,89.91088,"{""ci_high"":""103.06742"",""ci_low"":""80.09464"",""confidenceLevel"":null}",CC-BY-SA-4.0,https://creativecommons.org/licenses/by-sa/4.0/,"ZSL/WWF, Living Planet Index; source edition and retrieval date; Our World in Data processing where applicable.",36b87bf96cf579f6bcf5e9b97157573e897de62e65c7829bb9b3b460017d670c,"[{""datasetId"":""lpi-2024-owid"",""datasetVersion"":""OWID indicator 990513; updated 2024-09-30; snapshot 2026-10-08"",""sourceId"":""owid-lpi-2024"",""sourceUrl"":""https://ourworldindata.org/grapher/global-living-planet-index"",""sourceDate"":""2024-09-30"",""sourceEdition"":""LPR 2024"",""accessedDate"":""2026-10-08"",""inputPath"":""data/raw/public/owid-lpi-2024.csv"",""inputSha256"":""9764f5f4f9c9ff855090a34ba218b02d7878922eec485e7b42d497ce5b8b3f25"",""rowNumber"":261,""jsonPointer"":null,""locator"":""OWID lpi_final, ci_low, ci_high; conversionFactor=100; 2024 source edition"",""originalUnit"":""index-1970-100"",""originalValue"":""89.91088"",""originalUncertainty"":{""ci_high"":""103.06742"",""ci_low"":""80.09464"",""confidenceLevel"":null},""rawRecord"":{""ci_high"":""103.06742"",""ci_low"":""80.09464"",""code"":""OWID_NAM"",""entity"":""North America"",""lpi_final"":""89.91088"",""year"":""1975""},""transformations"":[""Whitespace/NFC normalization; original row retained"",""Divide published 1970=100 index and bounds by 100; explicit metadata scale, not interpolation""]}]"
lpi-2024-owid-north-america-1976-1976,lpi-2024-owid,OWID indicator 990513; updated 2024-09-30; snapshot 2026-10-08,LPR 2024,lpi-2024-owid-north-america,region,North America,All,Monitored vertebrates,relative-index,index-1970-1,1970,1976,1976,0.89314854,source-bounds,0.7898818,1.0292424,,Interval confidence level not verified in chart metadata,,2024-09-30,2026-10-08,2026-10-08,index-1970-100,89.314854,"{""ci_high"":""102.92424"",""ci_low"":""78.98818"",""confidenceLevel"":null}",CC-BY-SA-4.0,https://creativecommons.org/licenses/by-sa/4.0/,"ZSL/WWF, Living Planet Index; source edition and retrieval date; Our World in Data processing where applicable.",36b87bf96cf579f6bcf5e9b97157573e897de62e65c7829bb9b3b460017d670c,"[{""datasetId"":""lpi-2024-owid"",""datasetVersion"":""OWID indicator 990513; updated 2024-09-30; snapshot 2026-10-08"",""sourceId"":""owid-lpi-2024"",""sourceUrl"":""https://ourworldindata.org/grapher/global-living-planet-index"",""sourceDate"":""2024-09-30"",""sourceEdition"":""LPR 2024"",""accessedDate"":""2026-10-08"",""inputPath"":""data/raw/public/owid-lpi-2024.csv"",""inputSha256"":""9764f5f4f9c9ff855090a34ba218b02d7878922eec485e7b42d497ce5b8b3f25"",""rowNumber"":262,""jsonPointer"":null,""locator"":""OWID lpi_final, ci_low, ci_high; conversionFactor=100; 2024 source edition"",""originalUnit"":""index-1970-100"",""originalValue"":""89.314854"",""originalUncertainty"":{""ci_high"":""102.92424"",""ci_low"":""78.98818"",""confidenceLevel"":null},""rawRecord"":{""ci_high"":""102.92424"",""ci_low"":""78.98818"",""code"":""OWID_NAM"",""entity"":""North America"",""lpi_final"":""89.314854"",""year"":""1976""},""transformations"":[""Whitespace/NFC normalization; original row retained"",""Divide published 1970=100 index and bounds by 100; explicit metadata scale, not interpolation""]}]"
lpi-2024-owid-north-america-1977-1977,lpi-2024-owid,OWID indicator 990513; updated 2024-09-30; snapshot 2026-10-08,LPR 2024,lpi-2024-owid-north-america,region,North America,All,Monitored vertebrates,relative-index,index-1970-1,1970,1977,1977,0.899167,source-bounds,0.7871918,1.0446526,,Interval confidence level not verified in chart metadata,,2024-09-30,2026-10-08,2026-10-08,index-1970-100,89.9167,"{""ci_high"":""104.46526"",""ci_low"":""78.71918"",""confidenceLevel"":null}",CC-BY-SA-4.0,https://creativecommons.org/licenses/by-sa/4.0/,"ZSL/WWF, Living Planet Index; source edition and retrieval date; Our World in Data processing where applicable.",36b87bf96cf579f6bcf5e9b97157573e897de62e65c7829bb9b3b460017d670c,"[{""datasetId"":""lpi-2024-owid"",""datasetVersion"":""OWID indicator 990513; updated 2024-09-30; snapshot 2026-10-08"",""sourceId"":""owid-lpi-2024"",""sourceUrl"":""https://ourworldindata.org/grapher/global-living-planet-index"",""sourceDate"":""2024-09-30"",""sourceEdition"":""LPR 2024"",""accessedDate"":""2026-10-08"",""inputPath"":""data/raw/public/owid-lpi-2024.csv"",""inputSha256"":""9764f5f4f9c9ff855090a34ba218b02d7878922eec485e7b42d497ce5b8b3f25"",""rowNumber"":263,""jsonPointer"":null,""locator"":""OWID lpi_final, ci_low, ci_high; conversionFactor=100; 2024 source edition"",""originalUnit"":""index-1970-100"",""originalValue"":""89.9167"",""originalUncertainty"":{""ci_high"":""104.46526"",""ci_low"":""78.71918"",""confidenceLevel"":null},""rawRecord"":{""ci_high"":""104.46526"",""ci_low"":""78.71918"",""code"":""OWID_NAM"",""entity"":""North America"",""lpi_final"":""89.9167"",""year"":""1977""},""transformations"":[""Whitespace/NFC normalization; original row retained"",""Divide published 1970=100 index and bounds by 100; explicit metadata scale, not interpolation""]}]"
lpi-2024-owid-north-america-1978-1978,lpi-2024-owid,OWID indicator 990513; updated 2024-09-30; snapshot 2026-10-08,LPR 2024,lpi-2024-owid-north-america,region,North America,All,Monitored vertebrates,relative-index,index-1970-1,1970,1978,1978,0.90695524,source-bounds,0.783067,1.063675,,Interval confidence level not verified in chart metadata,,2024-09-30,2026-10-08,2026-10-08,index-1970-100,90.695524,"{""ci_high"":""106.36749999999999"",""ci_low"":""78.30669999999999"",""confidenceLevel"":null}",CC-BY-SA-4.0,https://creativecommons.org/licenses/by-sa/4.0/,"ZSL/WWF, Living Planet Index; source edition and retrieval date; Our World in Data processing where applicable.",36b87bf96cf579f6bcf5e9b97157573e897de62e65c7829bb9b3b460017d670c,"[{""datasetId"":""lpi-2024-owid"",""datasetVersion"":""OWID indicator 990513; updated 2024-09-30; snapshot 2026-10-08"",""sourceId"":""owid-lpi-2024"",""sourceUrl"":""https://ourworldindata.org/grapher/global-living-planet-index"",""sourceDate"":""2024-09-30"",""sourceEdition"":""LPR 2024"",""accessedDate"":""2026-10-08"",""inputPath"":""data/raw/public/owid-lpi-2024.csv"",""inputSha256"":""9764f5f4f9c9ff855090a34ba218b02d7878922eec485e7b42d497ce5b8b3f25"",""rowNumber"":264,""jsonPointer"":null,""locator"":""OWID lpi_final, ci_low, ci_high; conversionFactor=100; 2024 source edition"",""originalUnit"":""index-1970-100"",""originalValue"":""90.695524"",""originalUncertainty"":{""ci_high"":""106.36749999999999"",""ci_low"":""78.30669999999999"",""confidenceLevel"":null},""rawRecord"":{""ci_high"":""106.36749999999999"",""ci_low"":""78.30669999999999"",""code"":""OWID_NAM"",""entity"":""North America"",""lpi_final"":""90.695524"",""year"":""1978""},""transformations"":[""Whitespace/NFC normalization; original row retained"",""Divide published 1970=100 index and bounds by 100; explicit metadata scale, not interpolation""]}]"
lpi-2024-owid-north-america-1979-1979,lpi-2024-owid,OWID indicator 990513; updated 2024-09-30; snapshot 2026-10-08,LPR 2024,lpi-2024-owid-north-america,region,North America,All,Monitored vertebrates,relative-index,index-1970-1,1970,1979,1979,0.91205144,source-bounds,0.7785505,1.0790823,,Interval confidence level not verified in chart metadata,,2024-09-30,2026-10-08,2026-10-08,index-1970-100,91.205144,"{""ci_high"":""107.90823"",""ci_low"":""77.85505"",""confidenceLevel"":null}",CC-BY-SA-4.0,https://creativecommons.org/licenses/by-sa/4.0/,"ZSL/WWF, Living Planet Index; source edition and retrieval date; Our World in Data processing where applicable.",36b87bf96cf579f6bcf5e9b97157573e897de62e65c7829bb9b3b460017d670c,"[{""datasetId"":""lpi-2024-owid"",""datasetVersion"":""OWID indicator 990513; updated 2024-09-30; snapshot 2026-10-08"",""sourceId"":""owid-lpi-2024"",""sourceUrl"":""https://ourworldindata.org/grapher/global-living-planet-index"",""sourceDate"":""2024-09-30"",""sourceEdition"":""LPR 2024"",""accessedDate"":""2026-10-08"",""inputPath"":""data/raw/public/owid-lpi-2024.csv"",""inputSha256"":""9764f5f4f9c9ff855090a34ba218b02d7878922eec485e7b42d497ce5b8b3f25"",""rowNumber"":265,""jsonPointer"":null,""locator"":""OWID lpi_final, ci_low, ci_high; conversionFactor=100; 2024 source edition"",""originalUnit"":""index-1970-100"",""originalValue"":""91.205144"",""originalUncertainty"":{""ci_high"":""107.90823"",""ci_low"":""77.85505"",""confidenceLevel"":null},""rawRecord"":{""ci_high"":""107.90823"",""ci_low"":""77.85505"",""code"":""OWID_NAM"",""entity"":""North America"",""lpi_final"":""91.205144"",""year"":""1979""},""transformations"":[""Whitespace/NFC normalization; original row retained"",""Divide published 1970=100 index and bounds by 100; explicit metadata scale, not interpolation""]}]"
lpi-2024-owid-north-america-1980-1980,lpi-2024-owid,OWID indicator 990513; updated 2024-09-30; snapshot 2026-10-08,LPR 2024,lpi-2024-owid-north-america,region,North America,All,Monitored vertebrates,relative-index,index-1970-1,1970,1980,1980,0.91358733,source-bounds,0.77354676,1.0877844,,Interval confidence level not verified in chart metadata,,2024-09-30,2026-10-08,2026-10-08,index-1970-100,91.358733,"{""ci_high"":""108.77844"",""ci_low"":""77.354676"",""confidenceLevel"":null}",CC-BY-SA-4.0,https://creativecommons.org/licenses/by-sa/4.0/,"ZSL/WWF, Living Planet Index; source edition and retrieval date; Our World in Data processing where applicable.",36b87bf96cf579f6bcf5e9b97157573e897de62e65c7829bb9b3b460017d670c,"[{""datasetId"":""lpi-2024-owid"",""datasetVersion"":""OWID indicator 990513; updated 2024-09-30; snapshot 2026-10-08"",""sourceId"":""owid-lpi-2024"",""sourceUrl"":""https://ourworldindata.org/grapher/global-living-planet-index"",""sourceDate"":""2024-09-30"",""sourceEdition"":""LPR 2024"",""accessedDate"":""2026-10-08"",""inputPath"":""data/raw/public/owid-lpi-2024.csv"",""inputSha256"":""9764f5f4f9c9ff855090a34ba218b02d7878922eec485e7b42d497ce5b8b3f25"",""rowNumber"":266,""jsonPointer"":null,""locator"":""OWID lpi_final, ci_low, ci_high; conversionFactor=100; 2024 source edition"",""originalUnit"":""index-1970-100"",""originalValue"":""91.358733"",""originalUncertainty"":{""ci_high"":""108.77844"",""ci_low"":""77.354676"",""confidenceLevel"":null},""rawRecord"":{""ci_high"":""108.77844"",""ci_low"":""77.354676"",""code"":""OWID_NAM"",""entity"":""North America"",""lpi_final"":""91.358733"",""year"":""1980""},""transformations"":[""Whitespace/NFC normalization; original row retained"",""Divide published 1970=100 index and bounds by 100; explicit metadata scale, not interpolation""]}]"
lpi-2024-owid-north-america-1981-1981,lpi-2024-owid,OWID indicator 990513; updated 2024-09-30; snapshot 2026-10-08,LPR 2024,lpi-2024-owid-north-america,region,North America,All,Monitored vertebrates,relative-index,index-1970-1,1970,1981,1981,0.9143845,source-bounds,0.7710903,1.0923765,,Interval confidence level not verified in chart metadata,,2024-09-30,2026-10-08,2026-10-08,index-1970-100,91.43845,"{""ci_high"":""109.23765"",""ci_low"":""77.10903"",""confidenceLevel"":null}",CC-BY-SA-4.0,https://creativecommons.org/licenses/by-sa/4.0/,"ZSL/WWF, Living Planet Index; source edition and retrieval date; Our World in Data processing where applicable.",36b87bf96cf579f6bcf5e9b97157573e897de62e65c7829bb9b3b460017d670c,"[{""datasetId"":""lpi-2024-owid"",""datasetVersion"":""OWID indicator 990513; updated 2024-09-30; snapshot 2026-10-08"",""sourceId"":""owid-lpi-2024"",""sourceUrl"":""https://ourworldindata.org/grapher/global-living-planet-index"",""sourceDate"":""2024-09-30"",""sourceEdition"":""LPR 2024"",""accessedDate"":""2026-10-08"",""inputPath"":""data/raw/public/owid-lpi-2024.csv"",""inputSha256"":""9764f5f4f9c9ff855090a34ba218b02d7878922eec485e7b42d497ce5b8b3f25"",""rowNumber"":267,""jsonPointer"":null,""locator"":""OWID lpi_final, ci_low, ci_high; conversionFactor=100; 2024 source edition"",""originalUnit"":""index-1970-100"",""originalValue"":""91.43845"",""originalUncertainty"":{""ci_high"":""109.23765"",""ci_low"":""77.10903"",""confidenceLevel"":null},""rawRecord"":{""ci_high"":""109.23765"",""ci_low"":""77.10903"",""code"":""OWID_NAM"",""entity"":""North America"",""lpi_final"":""91.43845"",""year"":""1981""},""transformations"":[""Whitespace/NFC normalization; original row retained"",""Divide published 1970=100 index and bounds by 100; explicit metadata scale, not interpolation""]}]"
lpi-2024-owid-north-america-1982-1982,lpi-2024-owid,OWID indicator 990513; updated 2024-09-30; snapshot 2026-10-08,LPR 2024,lpi-2024-owid-north-america,region,North America,All,Monitored vertebrates,relative-index,index-1970-1,1970,1982,1982,0.9113525,source-bounds,0.7658759,1.0928298,,Interval confidence level not verified in chart metadata,,2024-09-30,2026-10-08,2026-10-08,index-1970-100,91.13525,"{""ci_high"":""109.28298000000001"",""ci_low"":""76.58759"",""confidenceLevel"":null}",CC-BY-SA-4.0,https://creativecommons.org/licenses/by-sa/4.0/,"ZSL/WWF, Living Planet Index; source edition and retrieval date; Our World in Data processing where applicable.",36b87bf96cf579f6bcf5e9b97157573e897de62e65c7829bb9b3b460017d670c,"[{""datasetId"":""lpi-2024-owid"",""datasetVersion"":""OWID indicator 990513; updated 2024-09-30; snapshot 2026-10-08"",""sourceId"":""owid-lpi-2024"",""sourceUrl"":""https://ourworldindata.org/grapher/global-living-planet-index"",""sourceDate"":""2024-09-30"",""sourceEdition"":""LPR 2024"",""accessedDate"":""2026-10-08"",""inputPath"":""data/raw/public/owid-lpi-2024.csv"",""inputSha256"":""9764f5f4f9c9ff855090a34ba218b02d7878922eec485e7b42d497ce5b8b3f25"",""rowNumber"":268,""jsonPointer"":null,""locator"":""OWID lpi_final, ci_low, ci_high; conversionFactor=100; 2024 source edition"",""originalUnit"":""index-1970-100"",""originalValue"":""91.13525"",""originalUncertainty"":{""ci_high"":""109.28298000000001"",""ci_low"":""76.58759"",""confidenceLevel"":null},""rawRecord"":{""ci_high"":""109.28298000000001"",""ci_low"":""76.58759"",""code"":""OWID_NAM"",""entity"":""North America"",""lpi_final"":""91.13525"",""year"":""1982""},""transformations"":[""Whitespace/NFC normalization; original row retained"",""Divide published 1970=100 index and bounds by 100; explicit metadata scale, not interpolation""]}]"
lpi-2024-owid-north-america-1983-1983,lpi-2024-owid,OWID indicator 990513; updated 2024-09-30; snapshot 2026-10-08,LPR 2024,lpi-2024-owid-north-america,region,North America,All,Monitored vertebrates,relative-index,index-1970-1,1970,1983,1983,0.90957445,source-bounds,0.7608235000000001,1.0965797,,Interval confidence level not verified in chart metadata,,2024-09-30,2026-10-08,2026-10-08,index-1970-100,90.957445,"{""ci_high"":""109.65796999999999"",""ci_low"":""76.08235"",""confidenceLevel"":null}",CC-BY-SA-4.0,https://creativecommons.org/licenses/by-sa/4.0/,"ZSL/WWF, Living Planet Index; source edition and retrieval date; Our World in Data processing where applicable.",36b87bf96cf579f6bcf5e9b97157573e897de62e65c7829bb9b3b460017d670c,"[{""datasetId"":""lpi-2024-owid"",""datasetVersion"":""OWID indicator 990513; updated 2024-09-30; snapshot 2026-10-08"",""sourceId"":""owid-lpi-2024"",""sourceUrl"":""https://ourworldindata.org/grapher/global-living-planet-index"",""sourceDate"":""2024-09-30"",""sourceEdition"":""LPR 2024"",""accessedDate"":""2026-10-08"",""inputPath"":""data/raw/public/owid-lpi-2024.csv"",""inputSha256"":""9764f5f4f9c9ff855090a34ba218b02d7878922eec485e7b42d497ce5b8b3f25"",""rowNumber"":269,""jsonPointer"":null,""locator"":""OWID lpi_final, ci_low, ci_high; conversionFactor=100; 2024 source edition"",""originalUnit"":""index-1970-100"",""originalValue"":""90.957445"",""originalUncertainty"":{""ci_high"":""109.65796999999999"",""ci_low"":""76.08235"",""confidenceLevel"":null},""rawRecord"":{""ci_high"":""109.65796999999999"",""ci_low"":""76.08235"",""code"":""OWID_NAM"",""entity"":""North America"",""lpi_final"":""90.957445"",""year"":""1983""},""transformations"":[""Whitespace/NFC normalization; original row retained"",""Divide published 1970=100 index and bounds by 100; explicit metadata scale, not interpolation""]}]"
lpi-2024-owid-north-america-1984-1984,lpi-2024-owid,OWID indicator 990513; updated 2024-09-30; snapshot 2026-10-08,LPR 2024,lpi-2024-owid-north-america,region,North America,All,Monitored vertebrates,relative-index,index-1970-1,1970,1984,1984,0.9003016000000001,source-bounds,0.7496255,1.0925882,,Interval confidence level not verified in chart metadata,,2024-09-30,2026-10-08,2026-10-08,index-1970-100,90.03016000000001,"{""ci_high"":""109.25882"",""ci_low"":""74.96255"",""confidenceLevel"":null}",CC-BY-SA-4.0,https://creativecommons.org/licenses/by-sa/4.0/,"ZSL/WWF, Living Planet Index; source edition and retrieval date; Our World in Data processing where applicable.",36b87bf96cf579f6bcf5e9b97157573e897de62e65c7829bb9b3b460017d670c,"[{""datasetId"":""lpi-2024-owid"",""datasetVersion"":""OWID indicator 990513; updated 2024-09-30; snapshot 2026-10-08"",""sourceId"":""owid-lpi-2024"",""sourceUrl"":""https://ourworldindata.org/grapher/global-living-planet-index"",""sourceDate"":""2024-09-30"",""sourceEdition"":""LPR 2024"",""accessedDate"":""2026-10-08"",""inputPath"":""data/raw/public/owid-lpi-2024.csv"",""inputSha256"":""9764f5f4f9c9ff855090a34ba218b02d7878922eec485e7b42d497ce5b8b3f25"",""rowNumber"":270,""jsonPointer"":null,""locator"":""OWID lpi_final, ci_low, ci_high; conversionFactor=100; 2024 source edition"",""originalUnit"":""index-1970-100"",""originalValue"":""90.03016000000001"",""originalUncertainty"":{""ci_high"":""109.25882"",""ci_low"":""74.96255"",""confidenceLevel"":null},""rawRecord"":{""ci_high"":""109.25882"",""ci_low"":""74.96255"",""code"":""OWID_NAM"",""entity"":""North America"",""lpi_final"":""90.03016000000001"",""year"":""1984""},""transformations"":[""Whitespace/NFC normalization; original row retained"",""Divide published 1970=100 index and bounds by 100; explicit metadata scale, not interpolation""]}]"
lpi-2024-owid-north-america-1985-1985,lpi-2024-owid,OWID indicator 990513; updated 2024-09-30; snapshot 2026-10-08,LPR 2024,lpi-2024-owid-north-america,region,North America,All,Monitored vertebrates,relative-index,index-1970-1,1970,1985,1985,0.8989684,source-bounds,0.7444145000000001,1.097022,,Interval confidence level not verified in chart metadata,,2024-09-30,2026-10-08,2026-10-08,index-1970-100,89.89684,"{""ci_high"":""109.70219999999999"",""ci_low"":""74.44145"",""confidenceLevel"":null}",CC-BY-SA-4.0,https://creativecommons.org/licenses/by-sa/4.0/,"ZSL/WWF, Living Planet Index; source edition and retrieval date; Our World in Data processing where applicable.",36b87bf96cf579f6bcf5e9b97157573e897de62e65c7829bb9b3b460017d670c,"[{""datasetId"":""lpi-2024-owid"",""datasetVersion"":""OWID indicator 990513; updated 2024-09-30; snapshot 2026-10-08"",""sourceId"":""owid-lpi-2024"",""sourceUrl"":""https://ourworldindata.org/grapher/global-living-planet-index"",""sourceDate"":""2024-09-30"",""sourceEdition"":""LPR 2024"",""accessedDate"":""2026-10-08"",""inputPath"":""data/raw/public/owid-lpi-2024.csv"",""inputSha256"":""9764f5f4f9c9ff855090a34ba218b02d7878922eec485e7b42d497ce5b8b3f25"",""rowNumber"":271,""jsonPointer"":null,""locator"":""OWID lpi_final, ci_low, ci_high; conversionFactor=100; 2024 source edition"",""originalUnit"":""index-1970-100"",""originalValue"":""89.89684"",""originalUncertainty"":{""ci_high"":""109.70219999999999"",""ci_low"":""74.44145"",""confidenceLevel"":null},""rawRecord"":{""ci_high"":""109.70219999999999"",""ci_low"":""74.44145"",""code"":""OWID_NAM"",""entity"":""North America"",""lpi_final"":""89.89684"",""year"":""1985""},""transformations"":[""Whitespace/NFC normalization; original row retained"",""Divide published 1970=100 index and bounds by 100; explicit metadata scale, not interpolation""]}]"
lpi-2024-owid-north-america-1986-1986,lpi-2024-owid,OWID indicator 990513; updated 2024-09-30; snapshot 2026-10-08,LPR 2024,lpi-2024-owid-north-america,region,North America,All,Monitored vertebrates,relative-index,index-1970-1,1970,1986,1986,0.8944456,source-bounds,0.7372709,1.0962118,,Interval confidence level not verified in chart metadata,,2024-09-30,2026-10-08,2026-10-08,index-1970-100,89.44456,"{""ci_high"":""109.62118000000001"",""ci_low"":""73.72708999999999"",""confidenceLevel"":null}",CC-BY-SA-4.0,https://creativecommons.org/licenses/by-sa/4.0/,"ZSL/WWF, Living Planet Index; source edition and retrieval date; Our World in Data processing where applicable.",36b87bf96cf579f6bcf5e9b97157573e897de62e65c7829bb9b3b460017d670c,"[{""datasetId"":""lpi-2024-owid"",""datasetVersion"":""OWID indicator 990513; updated 2024-09-30; snapshot 2026-10-08"",""sourceId"":""owid-lpi-2024"",""sourceUrl"":""https://ourworldindata.org/grapher/global-living-planet-index"",""sourceDate"":""2024-09-30"",""sourceEdition"":""LPR 2024"",""accessedDate"":""2026-10-08"",""inputPath"":""data/raw/public/owid-lpi-2024.csv"",""inputSha256"":""9764f5f4f9c9ff855090a34ba218b02d7878922eec485e7b42d497ce5b8b3f25"",""rowNumber"":272,""jsonPointer"":null,""locator"":""OWID lpi_final, ci_low, ci_high; conversionFactor=100; 2024 source edition"",""originalUnit"":""index-1970-100"",""originalValue"":""89.44456"",""originalUncertainty"":{""ci_high"":""109.62118000000001"",""ci_low"":""73.72708999999999"",""confidenceLevel"":null},""rawRecord"":{""ci_high"":""109.62118000000001"",""ci_low"":""73.72708999999999"",""code"":""OWID_NAM"",""entity"":""North America"",""lpi_final"":""89.44456"",""year"":""1986""},""transformations"":[""Whitespace/NFC normalization; original row retained"",""Divide published 1970=100 index and bounds by 100; explicit metadata scale, not interpolation""]}]"
lpi-2024-owid-north-america-1987-1987,lpi-2024-owid,OWID indicator 990513; updated 2024-09-30; snapshot 2026-10-08,LPR 2024,lpi-2024-owid-north-america,region,North America,All,Monitored vertebrates,relative-index,index-1970-1,1970,1987,1987,0.8858817000000001,source-bounds,0.7273995,1.089242,,Interval confidence level not verified in chart metadata,,2024-09-30,2026-10-08,2026-10-08,index-1970-100,88.58817,"{""ci_high"":""108.9242"",""ci_low"":""72.73995"",""confidenceLevel"":null}",CC-BY-SA-4.0,https://creativecommons.org/licenses/by-sa/4.0/,"ZSL/WWF, Living Planet Index; source edition and retrieval date; Our World in Data processing where applicable.",36b87bf96cf579f6bcf5e9b97157573e897de62e65c7829bb9b3b460017d670c,"[{""datasetId"":""lpi-2024-owid"",""datasetVersion"":""OWID indicator 990513; updated 2024-09-30; snapshot 2026-10-08"",""sourceId"":""owid-lpi-2024"",""sourceUrl"":""https://ourworldindata.org/grapher/global-living-planet-index"",""sourceDate"":""2024-09-30"",""sourceEdition"":""LPR 2024"",""accessedDate"":""2026-10-08"",""inputPath"":""data/raw/public/owid-lpi-2024.csv"",""inputSha256"":""9764f5f4f9c9ff855090a34ba218b02d7878922eec485e7b42d497ce5b8b3f25"",""rowNumber"":273,""jsonPointer"":null,""locator"":""OWID lpi_final, ci_low, ci_high; conversionFactor=100; 2024 source edition"",""originalUnit"":""index-1970-100"",""originalValue"":""88.58817"",""originalUncertainty"":{""ci_high"":""108.9242"",""ci_low"":""72.73995"",""confidenceLevel"":null},""rawRecord"":{""ci_high"":""108.9242"",""ci_low"":""72.73995"",""code"":""OWID_NAM"",""entity"":""North America"",""lpi_final"":""88.58817"",""year"":""1987""},""transformations"":[""Whitespace/NFC normalization; original row retained"",""Divide published 1970=100 index and bounds by 100; explicit metadata scale, not interpolation""]}]"
lpi-2024-owid-north-america-1988-1988,lpi-2024-owid,OWID indicator 990513; updated 2024-09-30; snapshot 2026-10-08,LPR 2024,lpi-2024-owid-north-america,region,North America,All,Monitored vertebrates,relative-index,index-1970-1,1970,1988,1988,0.876093,source-bounds,0.7168628,1.0802797,,Interval confidence level not verified in chart metadata,,2024-09-30,2026-10-08,2026-10-08,index-1970-100,87.6093,"{""ci_high"":""108.02797"",""ci_low"":""71.68628"",""confidenceLevel"":null}",CC-BY-SA-4.0,https://creativecommons.org/licenses/by-sa/4.0/,"ZSL/WWF, Living Planet Index; source edition and retrieval date; Our World in Data processing where applicable.",36b87bf96cf579f6bcf5e9b97157573e897de62e65c7829bb9b3b460017d670c,"[{""datasetId"":""lpi-2024-owid"",""datasetVersion"":""OWID indicator 990513; updated 2024-09-30; snapshot 2026-10-08"",""sourceId"":""owid-lpi-2024"",""sourceUrl"":""https://ourworldindata.org/grapher/global-living-planet-index"",""sourceDate"":""2024-09-30"",""sourceEdition"":""LPR 2024"",""accessedDate"":""2026-10-08"",""inputPath"":""data/raw/public/owid-lpi-2024.csv"",""inputSha256"":""9764f5f4f9c9ff855090a34ba218b02d7878922eec485e7b42d497ce5b8b3f25"",""rowNumber"":274,""jsonPointer"":null,""locator"":""OWID lpi_final, ci_low, ci_high; conversionFactor=100; 2024 source edition"",""originalUnit"":""index-1970-100"",""originalValue"":""87.6093"",""originalUncertainty"":{""ci_high"":""108.02797"",""ci_low"":""71.68628"",""confidenceLevel"":null},""rawRecord"":{""ci_high"":""108.02797"",""ci_low"":""71.68628"",""code"":""OWID_NAM"",""entity"":""North America"",""lpi_final"":""87.6093"",""year"":""1988""},""transformations"":[""Whitespace/NFC normalization; original row retained"",""Divide published 1970=100 index and bounds by 100; explicit metadata scale, not interpolation""]}]"
lpi-2024-owid-north-america-1989-1989,lpi-2024-owid,OWID indicator 990513; updated 2024-09-30; snapshot 2026-10-08,LPR 2024,lpi-2024-owid-north-america,region,North America,All,Monitored vertebrates,relative-index,index-1970-1,1970,1989,1989,0.85875744,source-bounds,0.6995405,1.0624365,,Interval confidence level not verified in chart metadata,,2024-09-30,2026-10-08,2026-10-08,index-1970-100,85.875744,"{""ci_high"":""106.24365"",""ci_low"":""69.95405"",""confidenceLevel"":null}",CC-BY-SA-4.0,https://creativecommons.org/licenses/by-sa/4.0/,"ZSL/WWF, Living Planet Index; source edition and retrieval date; Our World in Data processing where applicable.",36b87bf96cf579f6bcf5e9b97157573e897de62e65c7829bb9b3b460017d670c,"[{""datasetId"":""lpi-2024-owid"",""datasetVersion"":""OWID indicator 990513; updated 2024-09-30; snapshot 2026-10-08"",""sourceId"":""owid-lpi-2024"",""sourceUrl"":""https://ourworldindata.org/grapher/global-living-planet-index"",""sourceDate"":""2024-09-30"",""sourceEdition"":""LPR 2024"",""accessedDate"":""2026-10-08"",""inputPath"":""data/raw/public/owid-lpi-2024.csv"",""inputSha256"":""9764f5f4f9c9ff855090a34ba218b02d7878922eec485e7b42d497ce5b8b3f25"",""rowNumber"":275,""jsonPointer"":null,""locator"":""OWID lpi_final, ci_low, ci_high; conversionFactor=100; 2024 source edition"",""originalUnit"":""index-1970-100"",""originalValue"":""85.875744"",""originalUncertainty"":{""ci_high"":""106.24365"",""ci_low"":""69.95405"",""confidenceLevel"":null},""rawRecord"":{""ci_high"":""106.24365"",""ci_low"":""69.95405"",""code"":""OWID_NAM"",""entity"":""North America"",""lpi_final"":""85.875744"",""year"":""1989""},""transformations"":[""Whitespace/NFC normalization; original row retained"",""Divide published 1970=100 index and bounds by 100; explicit metadata scale, not interpolation""]}]"
lpi-2024-owid-north-america-1990-1990,lpi-2024-owid,OWID indicator 990513; updated 2024-09-30; snapshot 2026-10-08,LPR 2024,lpi-2024-owid-north-america,region,North America,All,Monitored vertebrates,relative-index,index-1970-1,1970,1990,1990,0.8506336000000001,source-bounds,0.6900129,1.0558866,,Interval confidence level not verified in chart metadata,,2024-09-30,2026-10-08,2026-10-08,index-1970-100,85.06336,"{""ci_high"":""105.58866"",""ci_low"":""69.00129"",""confidenceLevel"":null}",CC-BY-SA-4.0,https://creativecommons.org/licenses/by-sa/4.0/,"ZSL/WWF, Living Planet Index; source edition and retrieval date; Our World in Data processing where applicable.",36b87bf96cf579f6bcf5e9b97157573e897de62e65c7829bb9b3b460017d670c,"[{""datasetId"":""lpi-2024-owid"",""datasetVersion"":""OWID indicator 990513; updated 2024-09-30; snapshot 2026-10-08"",""sourceId"":""owid-lpi-2024"",""sourceUrl"":""https://ourworldindata.org/grapher/global-living-planet-index"",""sourceDate"":""2024-09-30"",""sourceEdition"":""LPR 2024"",""accessedDate"":""2026-10-08"",""inputPath"":""data/raw/public/owid-lpi-2024.csv"",""inputSha256"":""9764f5f4f9c9ff855090a34ba218b02d7878922eec485e7b42d497ce5b8b3f25"",""rowNumber"":276,""jsonPointer"":null,""locator"":""OWID lpi_final, ci_low, ci_high; conversionFactor=100; 2024 source edition"",""originalUnit"":""index-1970-100"",""originalValue"":""85.06336"",""originalUncertainty"":{""ci_high"":""105.58866"",""ci_low"":""69.00129"",""confidenceLevel"":null},""rawRecord"":{""ci_high"":""105.58866"",""ci_low"":""69.00129"",""code"":""OWID_NAM"",""entity"":""North America"",""lpi_final"":""85.06336"",""year"":""1990""},""transformations"":[""Whitespace/NFC normalization; original row retained"",""Divide published 1970=100 index and bounds by 100; explicit metadata scale, not interpolation""]}]"
lpi-2024-owid-north-america-1991-1991,lpi-2024-owid,OWID indicator 990513; updated 2024-09-30; snapshot 2026-10-08,LPR 2024,lpi-2024-owid-north-america,region,North America,All,Monitored vertebrates,relative-index,index-1970-1,1970,1991,1991,0.83289903,source-bounds,0.67312616,1.03738,,Interval confidence level not verified in chart metadata,,2024-09-30,2026-10-08,2026-10-08,index-1970-100,83.289903,"{""ci_high"":""103.738"",""ci_low"":""67.312616"",""confidenceLevel"":null}",CC-BY-SA-4.0,https://creativecommons.org/licenses/by-sa/4.0/,"ZSL/WWF, Living Planet Index; source edition and retrieval date; Our World in Data processing where applicable.",36b87bf96cf579f6bcf5e9b97157573e897de62e65c7829bb9b3b460017d670c,"[{""datasetId"":""lpi-2024-owid"",""datasetVersion"":""OWID indicator 990513; updated 2024-09-30; snapshot 2026-10-08"",""sourceId"":""owid-lpi-2024"",""sourceUrl"":""https://ourworldindata.org/grapher/global-living-planet-index"",""sourceDate"":""2024-09-30"",""sourceEdition"":""LPR 2024"",""accessedDate"":""2026-10-08"",""inputPath"":""data/raw/public/owid-lpi-2024.csv"",""inputSha256"":""9764f5f4f9c9ff855090a34ba218b02d7878922eec485e7b42d497ce5b8b3f25"",""rowNumber"":277,""jsonPointer"":null,""locator"":""OWID lpi_final, ci_low, ci_high; conversionFactor=100; 2024 source edition"",""originalUnit"":""index-1970-100"",""originalValue"":""83.289903"",""originalUncertainty"":{""ci_high"":""103.738"",""ci_low"":""67.312616"",""confidenceLevel"":null},""rawRecord"":{""ci_high"":""103.738"",""ci_low"":""67.312616"",""code"":""OWID_NAM"",""entity"":""North America"",""lpi_final"":""83.289903"",""year"":""1991""},""transformations"":[""Whitespace/NFC normalization; original row retained"",""Divide published 1970=100 index and bounds by 100; explicit metadata scale, not interpolation""]}]"
lpi-2024-owid-north-america-1992-1992,lpi-2024-owid,OWID indicator 990513; updated 2024-09-30; snapshot 2026-10-08,LPR 2024,lpi-2024-owid-north-america,region,North America,All,Monitored vertebrates,relative-index,index-1970-1,1970,1992,1992,0.8301433,source-bounds,0.6689699,1.0374209,,Interval confidence level not verified in chart metadata,,2024-09-30,2026-10-08,2026-10-08,index-1970-100,83.01433,"{""ci_high"":""103.74209"",""ci_low"":""66.89699"",""confidenceLevel"":null}",CC-BY-SA-4.0,https://creativecommons.org/licenses/by-sa/4.0/,"ZSL/WWF, Living Planet Index; source edition and retrieval date; Our World in Data processing where applicable.",36b87bf96cf579f6bcf5e9b97157573e897de62e65c7829bb9b3b460017d670c,"[{""datasetId"":""lpi-2024-owid"",""datasetVersion"":""OWID indicator 990513; updated 2024-09-30; snapshot 2026-10-08"",""sourceId"":""owid-lpi-2024"",""sourceUrl"":""https://ourworldindata.org/grapher/global-living-planet-index"",""sourceDate"":""2024-09-30"",""sourceEdition"":""LPR 2024"",""accessedDate"":""2026-10-08"",""inputPath"":""data/raw/public/owid-lpi-2024.csv"",""inputSha256"":""9764f5f4f9c9ff855090a34ba218b02d7878922eec485e7b42d497ce5b8b3f25"",""rowNumber"":278,""jsonPointer"":null,""locator"":""OWID lpi_final, ci_low, ci_high; conversionFactor=100; 2024 source edition"",""originalUnit"":""index-1970-100"",""originalValue"":""83.01433"",""originalUncertainty"":{""ci_high"":""103.74209"",""ci_low"":""66.89699"",""confidenceLevel"":null},""rawRecord"":{""ci_high"":""103.74209"",""ci_low"":""66.89699"",""code"":""OWID_NAM"",""entity"":""North America"",""lpi_final"":""83.01433"",""year"":""1992""},""transformations"":[""Whitespace/NFC normalization; original row retained"",""Divide published 1970=100 index and bounds by 100; explicit metadata scale, not interpolation""]}]"
lpi-2024-owid-north-america-1993-1993,lpi-2024-owid,OWID indicator 990513; updated 2024-09-30; snapshot 2026-10-08,LPR 2024,lpi-2024-owid-north-america,region,North America,All,Monitored vertebrates,relative-index,index-1970-1,1970,1993,1993,0.83003825,source-bounds,0.6665404000000001,1.0402765,,Interval confidence level not verified in chart metadata,,2024-09-30,2026-10-08,2026-10-08,index-1970-100,83.00382499999999,"{""ci_high"":""104.02765000000001"",""ci_low"":""66.65404000000001"",""confidenceLevel"":null}",CC-BY-SA-4.0,https://creativecommons.org/licenses/by-sa/4.0/,"ZSL/WWF, Living Planet Index; source edition and retrieval date; Our World in Data processing where applicable.",36b87bf96cf579f6bcf5e9b97157573e897de62e65c7829bb9b3b460017d670c,"[{""datasetId"":""lpi-2024-owid"",""datasetVersion"":""OWID indicator 990513; updated 2024-09-30; snapshot 2026-10-08"",""sourceId"":""owid-lpi-2024"",""sourceUrl"":""https://ourworldindata.org/grapher/global-living-planet-index"",""sourceDate"":""2024-09-30"",""sourceEdition"":""LPR 2024"",""accessedDate"":""2026-10-08"",""inputPath"":""data/raw/public/owid-lpi-2024.csv"",""inputSha256"":""9764f5f4f9c9ff855090a34ba218b02d7878922eec485e7b42d497ce5b8b3f25"",""rowNumber"":279,""jsonPointer"":null,""locator"":""OWID lpi_final, ci_low, ci_high; conversionFactor=100; 2024 source edition"",""originalUnit"":""index-1970-100"",""originalValue"":""83.00382499999999"",""originalUncertainty"":{""ci_high"":""104.02765000000001"",""ci_low"":""66.65404000000001"",""confidenceLevel"":null},""rawRecord"":{""ci_high"":""104.02765000000001"",""ci_low"":""66.65404000000001"",""code"":""OWID_NAM"",""entity"":""North America"",""lpi_final"":""83.00382499999999"",""year"":""1993""},""transformations"":[""Whitespace/NFC normalization; original row retained"",""Divide published 1970=100 index and bounds by 100; explicit metadata scale, not interpolation""]}]"
lpi-2024-owid-north-america-1994-1994,lpi-2024-owid,OWID indicator 990513; updated 2024-09-30; snapshot 2026-10-08,LPR 2024,lpi-2024-owid-north-america,region,North America,All,Monitored vertebrates,relative-index,index-1970-1,1970,1994,1994,0.8359228000000001,source-bounds,0.66879445,1.0517985,,Interval confidence level not verified in chart metadata,,2024-09-30,2026-10-08,2026-10-08,index-1970-100,83.59228,"{""ci_high"":""105.17985"",""ci_low"":""66.879445"",""confidenceLevel"":null}",CC-BY-SA-4.0,https://creativecommons.org/licenses/by-sa/4.0/,"ZSL/WWF, Living Planet Index; source edition and retrieval date; Our World in Data processing where applicable.",36b87bf96cf579f6bcf5e9b97157573e897de62e65c7829bb9b3b460017d670c,"[{""datasetId"":""lpi-2024-owid"",""datasetVersion"":""OWID indicator 990513; updated 2024-09-30; snapshot 2026-10-08"",""sourceId"":""owid-lpi-2024"",""sourceUrl"":""https://ourworldindata.org/grapher/global-living-planet-index"",""sourceDate"":""2024-09-30"",""sourceEdition"":""LPR 2024"",""accessedDate"":""2026-10-08"",""inputPath"":""data/raw/public/owid-lpi-2024.csv"",""inputSha256"":""9764f5f4f9c9ff855090a34ba218b02d7878922eec485e7b42d497ce5b8b3f25"",""rowNumber"":280,""jsonPointer"":null,""locator"":""OWID lpi_final, ci_low, ci_high; conversionFactor=100; 2024 source edition"",""originalUnit"":""index-1970-100"",""originalValue"":""83.59228"",""originalUncertainty"":{""ci_high"":""105.17985"",""ci_low"":""66.879445"",""confidenceLevel"":null},""rawRecord"":{""ci_high"":""105.17985"",""ci_low"":""66.879445"",""code"":""OWID_NAM"",""entity"":""North America"",""lpi_final"":""83.59228"",""year"":""1994""},""transformations"":[""Whitespace/NFC normalization; original row retained"",""Divide published 1970=100 index and bounds by 100; explicit metadata scale, not interpolation""]}]"
lpi-2024-owid-north-america-1995-1995,lpi-2024-owid,OWID indicator 990513; updated 2024-09-30; snapshot 2026-10-08,LPR 2024,lpi-2024-owid-north-america,region,North America,All,Monitored vertebrates,relative-index,index-1970-1,1970,1995,1995,0.8187896000000001,source-bounds,0.65228313,1.034384,,Interval confidence level not verified in chart metadata,,2024-09-30,2026-10-08,2026-10-08,index-1970-100,81.87896,"{""ci_high"":""103.4384"",""ci_low"":""65.228313"",""confidenceLevel"":null}",CC-BY-SA-4.0,https://creativecommons.org/licenses/by-sa/4.0/,"ZSL/WWF, Living Planet Index; source edition and retrieval date; Our World in Data processing where applicable.",36b87bf96cf579f6bcf5e9b97157573e897de62e65c7829bb9b3b460017d670c,"[{""datasetId"":""lpi-2024-owid"",""datasetVersion"":""OWID indicator 990513; updated 2024-09-30; snapshot 2026-10-08"",""sourceId"":""owid-lpi-2024"",""sourceUrl"":""https://ourworldindata.org/grapher/global-living-planet-index"",""sourceDate"":""2024-09-30"",""sourceEdition"":""LPR 2024"",""accessedDate"":""2026-10-08"",""inputPath"":""data/raw/public/owid-lpi-2024.csv"",""inputSha256"":""9764f5f4f9c9ff855090a34ba218b02d7878922eec485e7b42d497ce5b8b3f25"",""rowNumber"":281,""jsonPointer"":null,""locator"":""OWID lpi_final, ci_low, ci_high; conversionFactor=100; 2024 source edition"",""originalUnit"":""index-1970-100"",""originalValue"":""81.87896"",""originalUncertainty"":{""ci_high"":""103.4384"",""ci_low"":""65.228313"",""confidenceLevel"":null},""rawRecord"":{""ci_high"":""103.4384"",""ci_low"":""65.228313"",""code"":""OWID_NAM"",""entity"":""North America"",""lpi_final"":""81.87896"",""year"":""1995""},""transformations"":[""Whitespace/NFC normalization; original row retained"",""Divide published 1970=100 index and bounds by 100; explicit metadata scale, not interpolation""]}]"
lpi-2024-owid-north-america-1996-1996,lpi-2024-owid,OWID indicator 990513; updated 2024-09-30; snapshot 2026-10-08,LPR 2024,lpi-2024-owid-north-america,region,North America,All,Monitored vertebrates,relative-index,index-1970-1,1970,1996,1996,0.79808074,source-bounds,0.6327689,1.0137923,,Interval confidence level not verified in chart metadata,,2024-09-30,2026-10-08,2026-10-08,index-1970-100,79.80807399999999,"{""ci_high"":""101.37922999999999"",""ci_low"":""63.276889999999995"",""confidenceLevel"":null}",CC-BY-SA-4.0,https://creativecommons.org/licenses/by-sa/4.0/,"ZSL/WWF, Living Planet Index; source edition and retrieval date; Our World in Data processing where applicable.",36b87bf96cf579f6bcf5e9b97157573e897de62e65c7829bb9b3b460017d670c,"[{""datasetId"":""lpi-2024-owid"",""datasetVersion"":""OWID indicator 990513; updated 2024-09-30; snapshot 2026-10-08"",""sourceId"":""owid-lpi-2024"",""sourceUrl"":""https://ourworldindata.org/grapher/global-living-planet-index"",""sourceDate"":""2024-09-30"",""sourceEdition"":""LPR 2024"",""accessedDate"":""2026-10-08"",""inputPath"":""data/raw/public/owid-lpi-2024.csv"",""inputSha256"":""9764f5f4f9c9ff855090a34ba218b02d7878922eec485e7b42d497ce5b8b3f25"",""rowNumber"":282,""jsonPointer"":null,""locator"":""OWID lpi_final, ci_low, ci_high; conversionFactor=100; 2024 source edition"",""originalUnit"":""index-1970-100"",""originalValue"":""79.80807399999999"",""originalUncertainty"":{""ci_high"":""101.37922999999999"",""ci_low"":""63.276889999999995"",""confidenceLevel"":null},""rawRecord"":{""ci_high"":""101.37922999999999"",""ci_low"":""63.276889999999995"",""code"":""OWID_NAM"",""entity"":""North America"",""lpi_final"":""79.80807399999999"",""year"":""1996""},""transformations"":[""Whitespace/NFC normalization; original row retained"",""Divide published 1970=100 index and bounds by 100; explicit metadata scale, not interpolation""]}]"
lpi-2024-owid-north-america-1997-1997,lpi-2024-owid,OWID indicator 990513; updated 2024-09-30; snapshot 2026-10-08,LPR 2024,lpi-2024-owid-north-america,region,North America,All,Monitored vertebrates,relative-index,index-1970-1,1970,1997,1997,0.77850854,source-bounds,0.61369073,0.9939235400000002,,Interval confidence level not verified in chart metadata,,2024-09-30,2026-10-08,2026-10-08,index-1970-100,77.850854,"{""ci_high"":""99.39235400000001"",""ci_low"":""61.36907299999999"",""confidenceLevel"":null}",CC-BY-SA-4.0,https://creativecommons.org/licenses/by-sa/4.0/,"ZSL/WWF, Living Planet Index; source edition and retrieval date; Our World in Data processing where applicable.",36b87bf96cf579f6bcf5e9b97157573e897de62e65c7829bb9b3b460017d670c,"[{""datasetId"":""lpi-2024-owid"",""datasetVersion"":""OWID indicator 990513; updated 2024-09-30; snapshot 2026-10-08"",""sourceId"":""owid-lpi-2024"",""sourceUrl"":""https://ourworldindata.org/grapher/global-living-planet-index"",""sourceDate"":""2024-09-30"",""sourceEdition"":""LPR 2024"",""accessedDate"":""2026-10-08"",""inputPath"":""data/raw/public/owid-lpi-2024.csv"",""inputSha256"":""9764f5f4f9c9ff855090a34ba218b02d7878922eec485e7b42d497ce5b8b3f25"",""rowNumber"":283,""jsonPointer"":null,""locator"":""OWID lpi_final, ci_low, ci_high; conversionFactor=100; 2024 source edition"",""originalUnit"":""index-1970-100"",""originalValue"":""77.850854"",""originalUncertainty"":{""ci_high"":""99.39235400000001"",""ci_low"":""61.36907299999999"",""confidenceLevel"":null},""rawRecord"":{""ci_high"":""99.39235400000001"",""ci_low"":""61.36907299999999"",""code"":""OWID_NAM"",""entity"":""North America"",""lpi_final"":""77.850854"",""year"":""1997""},""transformations"":[""Whitespace/NFC normalization; original row retained"",""Divide published 1970=100 index and bounds by 100; explicit metadata scale, not interpolation""]}]"
lpi-2024-owid-north-america-1998-1998,lpi-2024-owid,OWID indicator 990513; updated 2024-09-30; snapshot 2026-10-08,LPR 2024,lpi-2024-owid-north-america,region,North America,All,Monitored vertebrates,relative-index,index-1970-1,1970,1998,1998,0.759126,source-bounds,0.5953518,0.9748167,,Interval confidence level not verified in chart metadata,,2024-09-30,2026-10-08,2026-10-08,index-1970-100,75.9126,"{""ci_high"":""97.48167"",""ci_low"":""59.53518"",""confidenceLevel"":null}",CC-BY-SA-4.0,https://creativecommons.org/licenses/by-sa/4.0/,"ZSL/WWF, Living Planet Index; source edition and retrieval date; Our World in Data processing where applicable.",36b87bf96cf579f6bcf5e9b97157573e897de62e65c7829bb9b3b460017d670c,"[{""datasetId"":""lpi-2024-owid"",""datasetVersion"":""OWID indicator 990513; updated 2024-09-30; snapshot 2026-10-08"",""sourceId"":""owid-lpi-2024"",""sourceUrl"":""https://ourworldindata.org/grapher/global-living-planet-index"",""sourceDate"":""2024-09-30"",""sourceEdition"":""LPR 2024"",""accessedDate"":""2026-10-08"",""inputPath"":""data/raw/public/owid-lpi-2024.csv"",""inputSha256"":""9764f5f4f9c9ff855090a34ba218b02d7878922eec485e7b42d497ce5b8b3f25"",""rowNumber"":284,""jsonPointer"":null,""locator"":""OWID lpi_final, ci_low, ci_high; conversionFactor=100; 2024 source edition"",""originalUnit"":""index-1970-100"",""originalValue"":""75.9126"",""originalUncertainty"":{""ci_high"":""97.48167"",""ci_low"":""59.53518"",""confidenceLevel"":null},""rawRecord"":{""ci_high"":""97.48167"",""ci_low"":""59.53518"",""code"":""OWID_NAM"",""entity"":""North America"",""lpi_final"":""75.9126"",""year"":""1998""},""transformations"":[""Whitespace/NFC normalization; original row retained"",""Divide published 1970=100 index and bounds by 100; explicit metadata scale, not interpolation""]}]"
lpi-2024-owid-north-america-1999-1999,lpi-2024-owid,OWID indicator 990513; updated 2024-09-30; snapshot 2026-10-08,LPR 2024,lpi-2024-owid-north-america,region,North America,All,Monitored vertebrates,relative-index,index-1970-1,1970,1999,1999,0.74187624,source-bounds,0.5796633,0.9575059,,Interval confidence level not verified in chart metadata,,2024-09-30,2026-10-08,2026-10-08,index-1970-100,74.187624,"{""ci_high"":""95.75059"",""ci_low"":""57.96633"",""confidenceLevel"":null}",CC-BY-SA-4.0,https://creativecommons.org/licenses/by-sa/4.0/,"ZSL/WWF, Living Planet Index; source edition and retrieval date; Our World in Data processing where applicable.",36b87bf96cf579f6bcf5e9b97157573e897de62e65c7829bb9b3b460017d670c,"[{""datasetId"":""lpi-2024-owid"",""datasetVersion"":""OWID indicator 990513; updated 2024-09-30; snapshot 2026-10-08"",""sourceId"":""owid-lpi-2024"",""sourceUrl"":""https://ourworldindata.org/grapher/global-living-planet-index"",""sourceDate"":""2024-09-30"",""sourceEdition"":""LPR 2024"",""accessedDate"":""2026-10-08"",""inputPath"":""data/raw/public/owid-lpi-2024.csv"",""inputSha256"":""9764f5f4f9c9ff855090a34ba218b02d7878922eec485e7b42d497ce5b8b3f25"",""rowNumber"":285,""jsonPointer"":null,""locator"":""OWID lpi_final, ci_low, ci_high; conversionFactor=100; 2024 source edition"",""originalUnit"":""index-1970-100"",""originalValue"":""74.187624"",""originalUncertainty"":{""ci_high"":""95.75059"",""ci_low"":""57.96633"",""confidenceLevel"":null},""rawRecord"":{""ci_high"":""95.75059"",""ci_low"":""57.96633"",""code"":""OWID_NAM"",""entity"":""North America"",""lpi_final"":""74.187624"",""year"":""1999""},""transformations"":[""Whitespace/NFC normalization; original row retained"",""Divide published 1970=100 index and bounds by 100; explicit metadata scale, not interpolation""]}]"
lpi-2024-owid-north-america-2000-2000,lpi-2024-owid,OWID indicator 990513; updated 2024-09-30; snapshot 2026-10-08,LPR 2024,lpi-2024-owid-north-america,region,North America,All,Monitored vertebrates,relative-index,index-1970-1,1970,2000,2000,0.7271091300000001,source-bounds,0.5655965,0.9435578,,Interval confidence level not verified in chart metadata,,2024-09-30,2026-10-08,2026-10-08,index-1970-100,72.710913,"{""ci_high"":""94.35578"",""ci_low"":""56.55965"",""confidenceLevel"":null}",CC-BY-SA-4.0,https://creativecommons.org/licenses/by-sa/4.0/,"ZSL/WWF, Living Planet Index; source edition and retrieval date; Our World in Data processing where applicable.",36b87bf96cf579f6bcf5e9b97157573e897de62e65c7829bb9b3b460017d670c,"[{""datasetId"":""lpi-2024-owid"",""datasetVersion"":""OWID indicator 990513; updated 2024-09-30; snapshot 2026-10-08"",""sourceId"":""owid-lpi-2024"",""sourceUrl"":""https://ourworldindata.org/grapher/global-living-planet-index"",""sourceDate"":""2024-09-30"",""sourceEdition"":""LPR 2024"",""accessedDate"":""2026-10-08"",""inputPath"":""data/raw/public/owid-lpi-2024.csv"",""inputSha256"":""9764f5f4f9c9ff855090a34ba218b02d7878922eec485e7b42d497ce5b8b3f25"",""rowNumber"":286,""jsonPointer"":null,""locator"":""OWID lpi_final, ci_low, ci_high; conversionFactor=100; 2024 source edition"",""originalUnit"":""index-1970-100"",""originalValue"":""72.710913"",""originalUncertainty"":{""ci_high"":""94.35578"",""ci_low"":""56.55965"",""confidenceLevel"":null},""rawRecord"":{""ci_high"":""94.35578"",""ci_low"":""56.55965"",""code"":""OWID_NAM"",""entity"":""North America"",""lpi_final"":""72.710913"",""year"":""2000""},""transformations"":[""Whitespace/NFC normalization; original row retained"",""Divide published 1970=100 index and bounds by 100; explicit metadata scale, not interpolation""]}]"
lpi-2024-owid-north-america-2001-2001,lpi-2024-owid,OWID indicator 990513; updated 2024-09-30; snapshot 2026-10-08,LPR 2024,lpi-2024-owid-north-america,region,North America,All,Monitored vertebrates,relative-index,index-1970-1,1970,2001,2001,0.7156855000000001,source-bounds,0.55379003,0.9330494400000001,,Interval confidence level not verified in chart metadata,,2024-09-30,2026-10-08,2026-10-08,index-1970-100,71.56855,"{""ci_high"":""93.304944"",""ci_low"":""55.379003000000004"",""confidenceLevel"":null}",CC-BY-SA-4.0,https://creativecommons.org/licenses/by-sa/4.0/,"ZSL/WWF, Living Planet Index; source edition and retrieval date; Our World in Data processing where applicable.",36b87bf96cf579f6bcf5e9b97157573e897de62e65c7829bb9b3b460017d670c,"[{""datasetId"":""lpi-2024-owid"",""datasetVersion"":""OWID indicator 990513; updated 2024-09-30; snapshot 2026-10-08"",""sourceId"":""owid-lpi-2024"",""sourceUrl"":""https://ourworldindata.org/grapher/global-living-planet-index"",""sourceDate"":""2024-09-30"",""sourceEdition"":""LPR 2024"",""accessedDate"":""2026-10-08"",""inputPath"":""data/raw/public/owid-lpi-2024.csv"",""inputSha256"":""9764f5f4f9c9ff855090a34ba218b02d7878922eec485e7b42d497ce5b8b3f25"",""rowNumber"":287,""jsonPointer"":null,""locator"":""OWID lpi_final, ci_low, ci_high; conversionFactor=100; 2024 source edition"",""originalUnit"":""index-1970-100"",""originalValue"":""71.56855"",""originalUncertainty"":{""ci_high"":""93.304944"",""ci_low"":""55.379003000000004"",""confidenceLevel"":null},""rawRecord"":{""ci_high"":""93.304944"",""ci_low"":""55.379003000000004"",""code"":""OWID_NAM"",""entity"":""North America"",""lpi_final"":""71.56855"",""year"":""2001""},""transformations"":[""Whitespace/NFC normalization; original row retained"",""Divide published 1970=100 index and bounds by 100; explicit metadata scale, not interpolation""]}]"
lpi-2024-owid-north-america-2002-2002,lpi-2024-owid,OWID indicator 990513; updated 2024-09-30; snapshot 2026-10-08,LPR 2024,lpi-2024-owid-north-america,region,North America,All,Monitored vertebrates,relative-index,index-1970-1,1970,2002,2002,0.7181048400000001,source-bounds,0.551211,0.9427451000000001,,Interval confidence level not verified in chart metadata,,2024-09-30,2026-10-08,2026-10-08,index-1970-100,71.810484,"{""ci_high"":""94.27451"",""ci_low"":""55.1211"",""confidenceLevel"":null}",CC-BY-SA-4.0,https://creativecommons.org/licenses/by-sa/4.0/,"ZSL/WWF, Living Planet Index; source edition and retrieval date; Our World in Data processing where applicable.",36b87bf96cf579f6bcf5e9b97157573e897de62e65c7829bb9b3b460017d670c,"[{""datasetId"":""lpi-2024-owid"",""datasetVersion"":""OWID indicator 990513; updated 2024-09-30; snapshot 2026-10-08"",""sourceId"":""owid-lpi-2024"",""sourceUrl"":""https://ourworldindata.org/grapher/global-living-planet-index"",""sourceDate"":""2024-09-30"",""sourceEdition"":""LPR 2024"",""accessedDate"":""2026-10-08"",""inputPath"":""data/raw/public/owid-lpi-2024.csv"",""inputSha256"":""9764f5f4f9c9ff855090a34ba218b02d7878922eec485e7b42d497ce5b8b3f25"",""rowNumber"":288,""jsonPointer"":null,""locator"":""OWID lpi_final, ci_low, ci_high; conversionFactor=100; 2024 source edition"",""originalUnit"":""index-1970-100"",""originalValue"":""71.810484"",""originalUncertainty"":{""ci_high"":""94.27451"",""ci_low"":""55.1211"",""confidenceLevel"":null},""rawRecord"":{""ci_high"":""94.27451"",""ci_low"":""55.1211"",""code"":""OWID_NAM"",""entity"":""North America"",""lpi_final"":""71.810484"",""year"":""2002""},""transformations"":[""Whitespace/NFC normalization; original row retained"",""Divide published 1970=100 index and bounds by 100; explicit metadata scale, not interpolation""]}]"
lpi-2024-owid-north-america-2003-2003,lpi-2024-owid,OWID indicator 990513; updated 2024-09-30; snapshot 2026-10-08,LPR 2024,lpi-2024-owid-north-america,region,North America,All,Monitored vertebrates,relative-index,index-1970-1,1970,2003,2003,0.7229515,source-bounds,0.5506054,0.9555068,,Interval confidence level not verified in chart metadata,,2024-09-30,2026-10-08,2026-10-08,index-1970-100,72.29514999999999,"{""ci_high"":""95.55068"",""ci_low"":""55.06054"",""confidenceLevel"":null}",CC-BY-SA-4.0,https://creativecommons.org/licenses/by-sa/4.0/,"ZSL/WWF, Living Planet Index; source edition and retrieval date; Our World in Data processing where applicable.",36b87bf96cf579f6bcf5e9b97157573e897de62e65c7829bb9b3b460017d670c,"[{""datasetId"":""lpi-2024-owid"",""datasetVersion"":""OWID indicator 990513; updated 2024-09-30; snapshot 2026-10-08"",""sourceId"":""owid-lpi-2024"",""sourceUrl"":""https://ourworldindata.org/grapher/global-living-planet-index"",""sourceDate"":""2024-09-30"",""sourceEdition"":""LPR 2024"",""accessedDate"":""2026-10-08"",""inputPath"":""data/raw/public/owid-lpi-2024.csv"",""inputSha256"":""9764f5f4f9c9ff855090a34ba218b02d7878922eec485e7b42d497ce5b8b3f25"",""rowNumber"":289,""jsonPointer"":null,""locator"":""OWID lpi_final, ci_low, ci_high; conversionFactor=100; 2024 source edition"",""originalUnit"":""index-1970-100"",""originalValue"":""72.29514999999999"",""originalUncertainty"":{""ci_high"":""95.55068"",""ci_low"":""55.06054"",""confidenceLevel"":null},""rawRecord"":{""ci_high"":""95.55068"",""ci_low"":""55.06054"",""code"":""OWID_NAM"",""entity"":""North America"",""lpi_final"":""72.29514999999999"",""year"":""2003""},""transformations"":[""Whitespace/NFC normalization; original row retained"",""Divide published 1970=100 index and bounds by 100; explicit metadata scale, not interpolation""]}]"
lpi-2024-owid-north-america-2004-2004,lpi-2024-owid,OWID indicator 990513; updated 2024-09-30; snapshot 2026-10-08,LPR 2024,lpi-2024-owid-north-america,region,North America,All,Monitored vertebrates,relative-index,index-1970-1,1970,2004,2004,0.7393665,source-bounds,0.5592411,0.9828551000000001,,Interval confidence level not verified in chart metadata,,2024-09-30,2026-10-08,2026-10-08,index-1970-100,73.93665,"{""ci_high"":""98.28551"",""ci_low"":""55.924110000000006"",""confidenceLevel"":null}",CC-BY-SA-4.0,https://creativecommons.org/licenses/by-sa/4.0/,"ZSL/WWF, Living Planet Index; source edition and retrieval date; Our World in Data processing where applicable.",36b87bf96cf579f6bcf5e9b97157573e897de62e65c7829bb9b3b460017d670c,"[{""datasetId"":""lpi-2024-owid"",""datasetVersion"":""OWID indicator 990513; updated 2024-09-30; snapshot 2026-10-08"",""sourceId"":""owid-lpi-2024"",""sourceUrl"":""https://ourworldindata.org/grapher/global-living-planet-index"",""sourceDate"":""2024-09-30"",""sourceEdition"":""LPR 2024"",""accessedDate"":""2026-10-08"",""inputPath"":""data/raw/public/owid-lpi-2024.csv"",""inputSha256"":""9764f5f4f9c9ff855090a34ba218b02d7878922eec485e7b42d497ce5b8b3f25"",""rowNumber"":290,""jsonPointer"":null,""locator"":""OWID lpi_final, ci_low, ci_high; conversionFactor=100; 2024 source edition"",""originalUnit"":""index-1970-100"",""originalValue"":""73.93665"",""originalUncertainty"":{""ci_high"":""98.28551"",""ci_low"":""55.924110000000006"",""confidenceLevel"":null},""rawRecord"":{""ci_high"":""98.28551"",""ci_low"":""55.924110000000006"",""code"":""OWID_NAM"",""entity"":""North America"",""lpi_final"":""73.93665"",""year"":""2004""},""transformations"":[""Whitespace/NFC normalization; original row retained"",""Divide published 1970=100 index and bounds by 100; explicit metadata scale, not interpolation""]}]"
lpi-2024-owid-north-america-2005-2005,lpi-2024-owid,OWID indicator 990513; updated 2024-09-30; snapshot 2026-10-08,LPR 2024,lpi-2024-owid-north-america,region,North America,All,Monitored vertebrates,relative-index,index-1970-1,1970,2005,2005,0.7384296,source-bounds,0.5552636,0.9875805400000001,,Interval confidence level not verified in chart metadata,,2024-09-30,2026-10-08,2026-10-08,index-1970-100,73.84296,"{""ci_high"":""98.758054"",""ci_low"":""55.52636"",""confidenceLevel"":null}",CC-BY-SA-4.0,https://creativecommons.org/licenses/by-sa/4.0/,"ZSL/WWF, Living Planet Index; source edition and retrieval date; Our World in Data processing where applicable.",36b87bf96cf579f6bcf5e9b97157573e897de62e65c7829bb9b3b460017d670c,"[{""datasetId"":""lpi-2024-owid"",""datasetVersion"":""OWID indicator 990513; updated 2024-09-30; snapshot 2026-10-08"",""sourceId"":""owid-lpi-2024"",""sourceUrl"":""https://ourworldindata.org/grapher/global-living-planet-index"",""sourceDate"":""2024-09-30"",""sourceEdition"":""LPR 2024"",""accessedDate"":""2026-10-08"",""inputPath"":""data/raw/public/owid-lpi-2024.csv"",""inputSha256"":""9764f5f4f9c9ff855090a34ba218b02d7878922eec485e7b42d497ce5b8b3f25"",""rowNumber"":291,""jsonPointer"":null,""locator"":""OWID lpi_final, ci_low, ci_high; conversionFactor=100; 2024 source edition"",""originalUnit"":""index-1970-100"",""originalValue"":""73.84296"",""originalUncertainty"":{""ci_high"":""98.758054"",""ci_low"":""55.52636"",""confidenceLevel"":null},""rawRecord"":{""ci_high"":""98.758054"",""ci_low"":""55.52636"",""code"":""OWID_NAM"",""entity"":""North America"",""lpi_final"":""73.84296"",""year"":""2005""},""transformations"":[""Whitespace/NFC normalization; original row retained"",""Divide published 1970=100 index and bounds by 100; explicit metadata scale, not interpolation""]}]"
lpi-2024-owid-north-america-2006-2006,lpi-2024-owid,OWID indicator 990513; updated 2024-09-30; snapshot 2026-10-08,LPR 2024,lpi-2024-owid-north-america,region,North America,All,Monitored vertebrates,relative-index,index-1970-1,1970,2006,2006,0.73641163,source-bounds,0.5512054,0.990331,,Interval confidence level not verified in chart metadata,,2024-09-30,2026-10-08,2026-10-08,index-1970-100,73.64116299999999,"{""ci_high"":""99.03309999999999"",""ci_low"":""55.12054"",""confidenceLevel"":null}",CC-BY-SA-4.0,https://creativecommons.org/licenses/by-sa/4.0/,"ZSL/WWF, Living Planet Index; source edition and retrieval date; Our World in Data processing where applicable.",36b87bf96cf579f6bcf5e9b97157573e897de62e65c7829bb9b3b460017d670c,"[{""datasetId"":""lpi-2024-owid"",""datasetVersion"":""OWID indicator 990513; updated 2024-09-30; snapshot 2026-10-08"",""sourceId"":""owid-lpi-2024"",""sourceUrl"":""https://ourworldindata.org/grapher/global-living-planet-index"",""sourceDate"":""2024-09-30"",""sourceEdition"":""LPR 2024"",""accessedDate"":""2026-10-08"",""inputPath"":""data/raw/public/owid-lpi-2024.csv"",""inputSha256"":""9764f5f4f9c9ff855090a34ba218b02d7878922eec485e7b42d497ce5b8b3f25"",""rowNumber"":292,""jsonPointer"":null,""locator"":""OWID lpi_final, ci_low, ci_high; conversionFactor=100; 2024 source edition"",""originalUnit"":""index-1970-100"",""originalValue"":""73.64116299999999"",""originalUncertainty"":{""ci_high"":""99.03309999999999"",""ci_low"":""55.12054"",""confidenceLevel"":null},""rawRecord"":{""ci_high"":""99.03309999999999"",""ci_low"":""55.12054"",""code"":""OWID_NAM"",""entity"":""North America"",""lpi_final"":""73.64116299999999"",""year"":""2006""},""transformations"":[""Whitespace/NFC normalization; original row retained"",""Divide published 1970=100 index and bounds by 100; explicit metadata scale, not interpolation""]}]"
lpi-2024-owid-north-america-2007-2007,lpi-2024-owid,OWID indicator 990513; updated 2024-09-30; snapshot 2026-10-08,LPR 2024,lpi-2024-owid-north-america,region,North America,All,Monitored vertebrates,relative-index,index-1970-1,1970,2007,2007,0.73413026,source-bounds,0.54688394,0.9922538000000001,,Interval confidence level not verified in chart metadata,,2024-09-30,2026-10-08,2026-10-08,index-1970-100,73.413026,"{""ci_high"":""99.22538"",""ci_low"":""54.688393999999995"",""confidenceLevel"":null}",CC-BY-SA-4.0,https://creativecommons.org/licenses/by-sa/4.0/,"ZSL/WWF, Living Planet Index; source edition and retrieval date; Our World in Data processing where applicable.",36b87bf96cf579f6bcf5e9b97157573e897de62e65c7829bb9b3b460017d670c,"[{""datasetId"":""lpi-2024-owid"",""datasetVersion"":""OWID indicator 990513; updated 2024-09-30; snapshot 2026-10-08"",""sourceId"":""owid-lpi-2024"",""sourceUrl"":""https://ourworldindata.org/grapher/global-living-planet-index"",""sourceDate"":""2024-09-30"",""sourceEdition"":""LPR 2024"",""accessedDate"":""2026-10-08"",""inputPath"":""data/raw/public/owid-lpi-2024.csv"",""inputSha256"":""9764f5f4f9c9ff855090a34ba218b02d7878922eec485e7b42d497ce5b8b3f25"",""rowNumber"":293,""jsonPointer"":null,""locator"":""OWID lpi_final, ci_low, ci_high; conversionFactor=100; 2024 source edition"",""originalUnit"":""index-1970-100"",""originalValue"":""73.413026"",""originalUncertainty"":{""ci_high"":""99.22538"",""ci_low"":""54.688393999999995"",""confidenceLevel"":null},""rawRecord"":{""ci_high"":""99.22538"",""ci_low"":""54.688393999999995"",""code"":""OWID_NAM"",""entity"":""North America"",""lpi_final"":""73.413026"",""year"":""2007""},""transformations"":[""Whitespace/NFC normalization; original row retained"",""Divide published 1970=100 index and bounds by 100; explicit metadata scale, not interpolation""]}]"
lpi-2024-owid-north-america-2008-2008,lpi-2024-owid,OWID indicator 990513; updated 2024-09-30; snapshot 2026-10-08,LPR 2024,lpi-2024-owid-north-america,region,North America,All,Monitored vertebrates,relative-index,index-1970-1,1970,2008,2008,0.7319164000000001,source-bounds,0.54342383,0.9924884,,Interval confidence level not verified in chart metadata,,2024-09-30,2026-10-08,2026-10-08,index-1970-100,73.19164,"{""ci_high"":""99.24884"",""ci_low"":""54.342383000000005"",""confidenceLevel"":null}",CC-BY-SA-4.0,https://creativecommons.org/licenses/by-sa/4.0/,"ZSL/WWF, Living Planet Index; source edition and retrieval date; Our World in Data processing where applicable.",36b87bf96cf579f6bcf5e9b97157573e897de62e65c7829bb9b3b460017d670c,"[{""datasetId"":""lpi-2024-owid"",""datasetVersion"":""OWID indicator 990513; updated 2024-09-30; snapshot 2026-10-08"",""sourceId"":""owid-lpi-2024"",""sourceUrl"":""https://ourworldindata.org/grapher/global-living-planet-index"",""sourceDate"":""2024-09-30"",""sourceEdition"":""LPR 2024"",""accessedDate"":""2026-10-08"",""inputPath"":""data/raw/public/owid-lpi-2024.csv"",""inputSha256"":""9764f5f4f9c9ff855090a34ba218b02d7878922eec485e7b42d497ce5b8b3f25"",""rowNumber"":294,""jsonPointer"":null,""locator"":""OWID lpi_final, ci_low, ci_high; conversionFactor=100; 2024 source edition"",""originalUnit"":""index-1970-100"",""originalValue"":""73.19164"",""originalUncertainty"":{""ci_high"":""99.24884"",""ci_low"":""54.342383000000005"",""confidenceLevel"":null},""rawRecord"":{""ci_high"":""99.24884"",""ci_low"":""54.342383000000005"",""code"":""OWID_NAM"",""entity"":""North America"",""lpi_final"":""73.19164"",""year"":""2008""},""transformations"":[""Whitespace/NFC normalization; original row retained"",""Divide published 1970=100 index and bounds by 100; explicit metadata scale, not interpolation""]}]"
lpi-2024-owid-north-america-2009-2009,lpi-2024-owid,OWID indicator 990513; updated 2024-09-30; snapshot 2026-10-08,LPR 2024,lpi-2024-owid-north-america,region,North America,All,Monitored vertebrates,relative-index,index-1970-1,1970,2009,2009,0.7278037,source-bounds,0.5375991,0.9907809000000001,,Interval confidence level not verified in chart metadata,,2024-09-30,2026-10-08,2026-10-08,index-1970-100,72.78037,"{""ci_high"":""99.07809"",""ci_low"":""53.75991"",""confidenceLevel"":null}",CC-BY-SA-4.0,https://creativecommons.org/licenses/by-sa/4.0/,"ZSL/WWF, Living Planet Index; source edition and retrieval date; Our World in Data processing where applicable.",36b87bf96cf579f6bcf5e9b97157573e897de62e65c7829bb9b3b460017d670c,"[{""datasetId"":""lpi-2024-owid"",""datasetVersion"":""OWID indicator 990513; updated 2024-09-30; snapshot 2026-10-08"",""sourceId"":""owid-lpi-2024"",""sourceUrl"":""https://ourworldindata.org/grapher/global-living-planet-index"",""sourceDate"":""2024-09-30"",""sourceEdition"":""LPR 2024"",""accessedDate"":""2026-10-08"",""inputPath"":""data/raw/public/owid-lpi-2024.csv"",""inputSha256"":""9764f5f4f9c9ff855090a34ba218b02d7878922eec485e7b42d497ce5b8b3f25"",""rowNumber"":295,""jsonPointer"":null,""locator"":""OWID lpi_final, ci_low, ci_high; conversionFactor=100; 2024 source edition"",""originalUnit"":""index-1970-100"",""originalValue"":""72.78037"",""originalUncertainty"":{""ci_high"":""99.07809"",""ci_low"":""53.75991"",""confidenceLevel"":null},""rawRecord"":{""ci_high"":""99.07809"",""ci_low"":""53.75991"",""code"":""OWID_NAM"",""entity"":""North America"",""lpi_final"":""72.78037"",""year"":""2009""},""transformations"":[""Whitespace/NFC normalization; original row retained"",""Divide published 1970=100 index and bounds by 100; explicit metadata scale, not interpolation""]}]"
lpi-2024-owid-north-america-2010-2010,lpi-2024-owid,OWID indicator 990513; updated 2024-09-30; snapshot 2026-10-08,LPR 2024,lpi-2024-owid-north-america,region,North America,All,Monitored vertebrates,relative-index,index-1970-1,1970,2010,2010,0.7207213,source-bounds,0.53030676,0.9860414000000001,,Interval confidence level not verified in chart metadata,,2024-09-30,2026-10-08,2026-10-08,index-1970-100,72.07213,"{""ci_high"":""98.60414"",""ci_low"":""53.030676"",""confidenceLevel"":null}",CC-BY-SA-4.0,https://creativecommons.org/licenses/by-sa/4.0/,"ZSL/WWF, Living Planet Index; source edition and retrieval date; Our World in Data processing where applicable.",36b87bf96cf579f6bcf5e9b97157573e897de62e65c7829bb9b3b460017d670c,"[{""datasetId"":""lpi-2024-owid"",""datasetVersion"":""OWID indicator 990513; updated 2024-09-30; snapshot 2026-10-08"",""sourceId"":""owid-lpi-2024"",""sourceUrl"":""https://ourworldindata.org/grapher/global-living-planet-index"",""sourceDate"":""2024-09-30"",""sourceEdition"":""LPR 2024"",""accessedDate"":""2026-10-08"",""inputPath"":""data/raw/public/owid-lpi-2024.csv"",""inputSha256"":""9764f5f4f9c9ff855090a34ba218b02d7878922eec485e7b42d497ce5b8b3f25"",""rowNumber"":296,""jsonPointer"":null,""locator"":""OWID lpi_final, ci_low, ci_high; conversionFactor=100; 2024 source edition"",""originalUnit"":""index-1970-100"",""originalValue"":""72.07213"",""originalUncertainty"":{""ci_high"":""98.60414"",""ci_low"":""53.030676"",""confidenceLevel"":null},""rawRecord"":{""ci_high"":""98.60414"",""ci_low"":""53.030676"",""code"":""OWID_NAM"",""entity"":""North America"",""lpi_final"":""72.07213"",""year"":""2010""},""transformations"":[""Whitespace/NFC normalization; original row retained"",""Divide published 1970=100 index and bounds by 100; explicit metadata scale, not interpolation""]}]"
lpi-2024-owid-north-america-2011-2011,lpi-2024-owid,OWID indicator 990513; updated 2024-09-30; snapshot 2026-10-08,LPR 2024,lpi-2024-owid-north-america,region,North America,All,Monitored vertebrates,relative-index,index-1970-1,1970,2011,2011,0.7183682300000002,source-bounds,0.52636987,0.9856849,,Interval confidence level not verified in chart metadata,,2024-09-30,2026-10-08,2026-10-08,index-1970-100,71.83682300000001,"{""ci_high"":""98.56849"",""ci_low"":""52.636987000000005"",""confidenceLevel"":null}",CC-BY-SA-4.0,https://creativecommons.org/licenses/by-sa/4.0/,"ZSL/WWF, Living Planet Index; source edition and retrieval date; Our World in Data processing where applicable.",36b87bf96cf579f6bcf5e9b97157573e897de62e65c7829bb9b3b460017d670c,"[{""datasetId"":""lpi-2024-owid"",""datasetVersion"":""OWID indicator 990513; updated 2024-09-30; snapshot 2026-10-08"",""sourceId"":""owid-lpi-2024"",""sourceUrl"":""https://ourworldindata.org/grapher/global-living-planet-index"",""sourceDate"":""2024-09-30"",""sourceEdition"":""LPR 2024"",""accessedDate"":""2026-10-08"",""inputPath"":""data/raw/public/owid-lpi-2024.csv"",""inputSha256"":""9764f5f4f9c9ff855090a34ba218b02d7878922eec485e7b42d497ce5b8b3f25"",""rowNumber"":297,""jsonPointer"":null,""locator"":""OWID lpi_final, ci_low, ci_high; conversionFactor=100; 2024 source edition"",""originalUnit"":""index-1970-100"",""originalValue"":""71.83682300000001"",""originalUncertainty"":{""ci_high"":""98.56849"",""ci_low"":""52.636987000000005"",""confidenceLevel"":null},""rawRecord"":{""ci_high"":""98.56849"",""ci_low"":""52.636987000000005"",""code"":""OWID_NAM"",""entity"":""North America"",""lpi_final"":""71.83682300000001"",""year"":""2011""},""transformations"":[""Whitespace/NFC normalization; original row retained"",""Divide published 1970=100 index and bounds by 100; explicit metadata scale, not interpolation""]}]"
lpi-2024-owid-north-america-2012-2012,lpi-2024-owid,OWID indicator 990513; updated 2024-09-30; snapshot 2026-10-08,LPR 2024,lpi-2024-owid-north-america,region,North America,All,Monitored vertebrates,relative-index,index-1970-1,1970,2012,2012,0.7069316000000001,source-bounds,0.51549035,0.9748509,,Interval confidence level not verified in chart metadata,,2024-09-30,2026-10-08,2026-10-08,index-1970-100,70.69316,"{""ci_high"":""97.48509"",""ci_low"":""51.549034999999996"",""confidenceLevel"":null}",CC-BY-SA-4.0,https://creativecommons.org/licenses/by-sa/4.0/,"ZSL/WWF, Living Planet Index; source edition and retrieval date; Our World in Data processing where applicable.",36b87bf96cf579f6bcf5e9b97157573e897de62e65c7829bb9b3b460017d670c,"[{""datasetId"":""lpi-2024-owid"",""datasetVersion"":""OWID indicator 990513; updated 2024-09-30; snapshot 2026-10-08"",""sourceId"":""owid-lpi-2024"",""sourceUrl"":""https://ourworldindata.org/grapher/global-living-planet-index"",""sourceDate"":""2024-09-30"",""sourceEdition"":""LPR 2024"",""accessedDate"":""2026-10-08"",""inputPath"":""data/raw/public/owid-lpi-2024.csv"",""inputSha256"":""9764f5f4f9c9ff855090a34ba218b02d7878922eec485e7b42d497ce5b8b3f25"",""rowNumber"":298,""jsonPointer"":null,""locator"":""OWID lpi_final, ci_low, ci_high; conversionFactor=100; 2024 source edition"",""originalUnit"":""index-1970-100"",""originalValue"":""70.69316"",""originalUncertainty"":{""ci_high"":""97.48509"",""ci_low"":""51.549034999999996"",""confidenceLevel"":null},""rawRecord"":{""ci_high"":""97.48509"",""ci_low"":""51.549034999999996"",""code"":""OWID_NAM"",""entity"":""North America"",""lpi_final"":""70.69316"",""year"":""2012""},""transformations"":[""Whitespace/NFC normalization; original row retained"",""Divide published 1970=100 index and bounds by 100; explicit metadata scale, not interpolation""]}]"
lpi-2024-owid-north-america-2013-2013,lpi-2024-owid,OWID indicator 990513; updated 2024-09-30; snapshot 2026-10-08,LPR 2024,lpi-2024-owid-north-america,region,North America,All,Monitored vertebrates,relative-index,index-1970-1,1970,2013,2013,0.69847405,source-bounds,0.5062183,0.96694535,,Interval confidence level not verified in chart metadata,,2024-09-30,2026-10-08,2026-10-08,index-1970-100,69.847405,"{""ci_high"":""96.694535"",""ci_low"":""50.62183"",""confidenceLevel"":null}",CC-BY-SA-4.0,https://creativecommons.org/licenses/by-sa/4.0/,"ZSL/WWF, Living Planet Index; source edition and retrieval date; Our World in Data processing where applicable.",36b87bf96cf579f6bcf5e9b97157573e897de62e65c7829bb9b3b460017d670c,"[{""datasetId"":""lpi-2024-owid"",""datasetVersion"":""OWID indicator 990513; updated 2024-09-30; snapshot 2026-10-08"",""sourceId"":""owid-lpi-2024"",""sourceUrl"":""https://ourworldindata.org/grapher/global-living-planet-index"",""sourceDate"":""2024-09-30"",""sourceEdition"":""LPR 2024"",""accessedDate"":""2026-10-08"",""inputPath"":""data/raw/public/owid-lpi-2024.csv"",""inputSha256"":""9764f5f4f9c9ff855090a34ba218b02d7878922eec485e7b42d497ce5b8b3f25"",""rowNumber"":299,""jsonPointer"":null,""locator"":""OWID lpi_final, ci_low, ci_high; conversionFactor=100; 2024 source edition"",""originalUnit"":""index-1970-100"",""originalValue"":""69.847405"",""originalUncertainty"":{""ci_high"":""96.694535"",""ci_low"":""50.62183"",""confidenceLevel"":null},""rawRecord"":{""ci_high"":""96.694535"",""ci_low"":""50.62183"",""code"":""OWID_NAM"",""entity"":""North America"",""lpi_final"":""69.847405"",""year"":""2013""},""transformations"":[""Whitespace/NFC normalization; original row retained"",""Divide published 1970=100 index and bounds by 100; explicit metadata scale, not interpolation""]}]"
lpi-2024-owid-north-america-2014-2014,lpi-2024-owid,OWID indicator 990513; updated 2024-09-30; snapshot 2026-10-08,LPR 2024,lpi-2024-owid-north-america,region,North America,All,Monitored vertebrates,relative-index,index-1970-1,1970,2014,2014,0.69223803,source-bounds,0.49837613,0.96270025,,Interval confidence level not verified in chart metadata,,2024-09-30,2026-10-08,2026-10-08,index-1970-100,69.22380299999999,"{""ci_high"":""96.270025"",""ci_low"":""49.837613"",""confidenceLevel"":null}",CC-BY-SA-4.0,https://creativecommons.org/licenses/by-sa/4.0/,"ZSL/WWF, Living Planet Index; source edition and retrieval date; Our World in Data processing where applicable.",36b87bf96cf579f6bcf5e9b97157573e897de62e65c7829bb9b3b460017d670c,"[{""datasetId"":""lpi-2024-owid"",""datasetVersion"":""OWID indicator 990513; updated 2024-09-30; snapshot 2026-10-08"",""sourceId"":""owid-lpi-2024"",""sourceUrl"":""https://ourworldindata.org/grapher/global-living-planet-index"",""sourceDate"":""2024-09-30"",""sourceEdition"":""LPR 2024"",""accessedDate"":""2026-10-08"",""inputPath"":""data/raw/public/owid-lpi-2024.csv"",""inputSha256"":""9764f5f4f9c9ff855090a34ba218b02d7878922eec485e7b42d497ce5b8b3f25"",""rowNumber"":300,""jsonPointer"":null,""locator"":""OWID lpi_final, ci_low, ci_high; conversionFactor=100; 2024 source edition"",""originalUnit"":""index-1970-100"",""originalValue"":""69.22380299999999"",""originalUncertainty"":{""ci_high"":""96.270025"",""ci_low"":""49.837613"",""confidenceLevel"":null},""rawRecord"":{""ci_high"":""96.270025"",""ci_low"":""49.837613"",""code"":""OWID_NAM"",""entity"":""North America"",""lpi_final"":""69.22380299999999"",""year"":""2014""},""transformations"":[""Whitespace/NFC normalization; original row retained"",""Divide published 1970=100 index and bounds by 100; explicit metadata scale, not interpolation""]}]"
lpi-2024-owid-north-america-2015-2015,lpi-2024-owid,OWID indicator 990513; updated 2024-09-30; snapshot 2026-10-08,LPR 2024,lpi-2024-owid-north-america,region,North America,All,Monitored vertebrates,relative-index,index-1970-1,1970,2015,2015,0.6980753000000001,source-bounds,0.5008576,0.97210073,,Interval confidence level not verified in chart metadata,,2024-09-30,2026-10-08,2026-10-08,index-1970-100,69.80753,"{""ci_high"":""97.210073"",""ci_low"":""50.08576"",""confidenceLevel"":null}",CC-BY-SA-4.0,https://creativecommons.org/licenses/by-sa/4.0/,"ZSL/WWF, Living Planet Index; source edition and retrieval date; Our World in Data processing where applicable.",36b87bf96cf579f6bcf5e9b97157573e897de62e65c7829bb9b3b460017d670c,"[{""datasetId"":""lpi-2024-owid"",""datasetVersion"":""OWID indicator 990513; updated 2024-09-30; snapshot 2026-10-08"",""sourceId"":""owid-lpi-2024"",""sourceUrl"":""https://ourworldindata.org/grapher/global-living-planet-index"",""sourceDate"":""2024-09-30"",""sourceEdition"":""LPR 2024"",""accessedDate"":""2026-10-08"",""inputPath"":""data/raw/public/owid-lpi-2024.csv"",""inputSha256"":""9764f5f4f9c9ff855090a34ba218b02d7878922eec485e7b42d497ce5b8b3f25"",""rowNumber"":301,""jsonPointer"":null,""locator"":""OWID lpi_final, ci_low, ci_high; conversionFactor=100; 2024 source edition"",""originalUnit"":""index-1970-100"",""originalValue"":""69.80753"",""originalUncertainty"":{""ci_high"":""97.210073"",""ci_low"":""50.08576"",""confidenceLevel"":null},""rawRecord"":{""ci_high"":""97.210073"",""ci_low"":""50.08576"",""code"":""OWID_NAM"",""entity"":""North America"",""lpi_final"":""69.80753"",""year"":""2015""},""transformations"":[""Whitespace/NFC normalization; original row retained"",""Divide published 1970=100 index and bounds by 100; explicit metadata scale, not interpolation""]}]"
lpi-2024-owid-north-america-2016-2016,lpi-2024-owid,OWID indicator 990513; updated 2024-09-30; snapshot 2026-10-08,LPR 2024,lpi-2024-owid-north-america,region,North America,All,Monitored vertebrates,relative-index,index-1970-1,1970,2016,2016,0.6936165,source-bounds,0.49605286,0.9684109,,Interval confidence level not verified in chart metadata,,2024-09-30,2026-10-08,2026-10-08,index-1970-100,69.36165,"{""ci_high"":""96.84109"",""ci_low"":""49.605286"",""confidenceLevel"":null}",CC-BY-SA-4.0,https://creativecommons.org/licenses/by-sa/4.0/,"ZSL/WWF, Living Planet Index; source edition and retrieval date; Our World in Data processing where applicable.",36b87bf96cf579f6bcf5e9b97157573e897de62e65c7829bb9b3b460017d670c,"[{""datasetId"":""lpi-2024-owid"",""datasetVersion"":""OWID indicator 990513; updated 2024-09-30; snapshot 2026-10-08"",""sourceId"":""owid-lpi-2024"",""sourceUrl"":""https://ourworldindata.org/grapher/global-living-planet-index"",""sourceDate"":""2024-09-30"",""sourceEdition"":""LPR 2024"",""accessedDate"":""2026-10-08"",""inputPath"":""data/raw/public/owid-lpi-2024.csv"",""inputSha256"":""9764f5f4f9c9ff855090a34ba218b02d7878922eec485e7b42d497ce5b8b3f25"",""rowNumber"":302,""jsonPointer"":null,""locator"":""OWID lpi_final, ci_low, ci_high; conversionFactor=100; 2024 source edition"",""originalUnit"":""index-1970-100"",""originalValue"":""69.36165"",""originalUncertainty"":{""ci_high"":""96.84109"",""ci_low"":""49.605286"",""confidenceLevel"":null},""rawRecord"":{""ci_high"":""96.84109"",""ci_low"":""49.605286"",""code"":""OWID_NAM"",""entity"":""North America"",""lpi_final"":""69.36165"",""year"":""2016""},""transformations"":[""Whitespace/NFC normalization; original row retained"",""Divide published 1970=100 index and bounds by 100; explicit metadata scale, not interpolation""]}]"
lpi-2024-owid-north-america-2017-2017,lpi-2024-owid,OWID indicator 990513; updated 2024-09-30; snapshot 2026-10-08,LPR 2024,lpi-2024-owid-north-america,region,North America,All,Monitored vertebrates,relative-index,index-1970-1,1970,2017,2017,0.6866212,source-bounds,0.48981172,0.9621347,,Interval confidence level not verified in chart metadata,,2024-09-30,2026-10-08,2026-10-08,index-1970-100,68.66212,"{""ci_high"":""96.21347"",""ci_low"":""48.981172"",""confidenceLevel"":null}",CC-BY-SA-4.0,https://creativecommons.org/licenses/by-sa/4.0/,"ZSL/WWF, Living Planet Index; source edition and retrieval date; Our World in Data processing where applicable.",36b87bf96cf579f6bcf5e9b97157573e897de62e65c7829bb9b3b460017d670c,"[{""datasetId"":""lpi-2024-owid"",""datasetVersion"":""OWID indicator 990513; updated 2024-09-30; snapshot 2026-10-08"",""sourceId"":""owid-lpi-2024"",""sourceUrl"":""https://ourworldindata.org/grapher/global-living-planet-index"",""sourceDate"":""2024-09-30"",""sourceEdition"":""LPR 2024"",""accessedDate"":""2026-10-08"",""inputPath"":""data/raw/public/owid-lpi-2024.csv"",""inputSha256"":""9764f5f4f9c9ff855090a34ba218b02d7878922eec485e7b42d497ce5b8b3f25"",""rowNumber"":303,""jsonPointer"":null,""locator"":""OWID lpi_final, ci_low, ci_high; conversionFactor=100; 2024 source edition"",""originalUnit"":""index-1970-100"",""originalValue"":""68.66212"",""originalUncertainty"":{""ci_high"":""96.21347"",""ci_low"":""48.981172"",""confidenceLevel"":null},""rawRecord"":{""ci_high"":""96.21347"",""ci_low"":""48.981172"",""code"":""OWID_NAM"",""entity"":""North America"",""lpi_final"":""68.66212"",""year"":""2017""},""transformations"":[""Whitespace/NFC normalization; original row retained"",""Divide published 1970=100 index and bounds by 100; explicit metadata scale, not interpolation""]}]"
lpi-2024-owid-north-america-2018-2018,lpi-2024-owid,OWID indicator 990513; updated 2024-09-30; snapshot 2026-10-08,LPR 2024,lpi-2024-owid-north-america,region,North America,All,Monitored vertebrates,relative-index,index-1970-1,1970,2018,2018,0.6651272,source-bounds,0.47361547000000004,0.93616486,,Interval confidence level not verified in chart metadata,,2024-09-30,2026-10-08,2026-10-08,index-1970-100,66.51272,"{""ci_high"":""93.616486"",""ci_low"":""47.361547"",""confidenceLevel"":null}",CC-BY-SA-4.0,https://creativecommons.org/licenses/by-sa/4.0/,"ZSL/WWF, Living Planet Index; source edition and retrieval date; Our World in Data processing where applicable.",36b87bf96cf579f6bcf5e9b97157573e897de62e65c7829bb9b3b460017d670c,"[{""datasetId"":""lpi-2024-owid"",""datasetVersion"":""OWID indicator 990513; updated 2024-09-30; snapshot 2026-10-08"",""sourceId"":""owid-lpi-2024"",""sourceUrl"":""https://ourworldindata.org/grapher/global-living-planet-index"",""sourceDate"":""2024-09-30"",""sourceEdition"":""LPR 2024"",""accessedDate"":""2026-10-08"",""inputPath"":""data/raw/public/owid-lpi-2024.csv"",""inputSha256"":""9764f5f4f9c9ff855090a34ba218b02d7878922eec485e7b42d497ce5b8b3f25"",""rowNumber"":304,""jsonPointer"":null,""locator"":""OWID lpi_final, ci_low, ci_high; conversionFactor=100; 2024 source edition"",""originalUnit"":""index-1970-100"",""originalValue"":""66.51272"",""originalUncertainty"":{""ci_high"":""93.616486"",""ci_low"":""47.361547"",""confidenceLevel"":null},""rawRecord"":{""ci_high"":""93.616486"",""ci_low"":""47.361547"",""code"":""OWID_NAM"",""entity"":""North America"",""lpi_final"":""66.51272"",""year"":""2018""},""transformations"":[""Whitespace/NFC normalization; original row retained"",""Divide published 1970=100 index and bounds by 100; explicit metadata scale, not interpolation""]}]"
lpi-2024-owid-north-america-2019-2019,lpi-2024-owid,OWID indicator 990513; updated 2024-09-30; snapshot 2026-10-08,LPR 2024,lpi-2024-owid-north-america,region,North America,All,Monitored vertebrates,relative-index,index-1970-1,1970,2019,2019,0.6422505,source-bounds,0.45685416000000006,0.9066618,,Interval confidence level not verified in chart metadata,,2024-09-30,2026-10-08,2026-10-08,index-1970-100,64.22505,"{""ci_high"":""90.66618"",""ci_low"":""45.685416000000004"",""confidenceLevel"":null}",CC-BY-SA-4.0,https://creativecommons.org/licenses/by-sa/4.0/,"ZSL/WWF, Living Planet Index; source edition and retrieval date; Our World in Data processing where applicable.",36b87bf96cf579f6bcf5e9b97157573e897de62e65c7829bb9b3b460017d670c,"[{""datasetId"":""lpi-2024-owid"",""datasetVersion"":""OWID indicator 990513; updated 2024-09-30; snapshot 2026-10-08"",""sourceId"":""owid-lpi-2024"",""sourceUrl"":""https://ourworldindata.org/grapher/global-living-planet-index"",""sourceDate"":""2024-09-30"",""sourceEdition"":""LPR 2024"",""accessedDate"":""2026-10-08"",""inputPath"":""data/raw/public/owid-lpi-2024.csv"",""inputSha256"":""9764f5f4f9c9ff855090a34ba218b02d7878922eec485e7b42d497ce5b8b3f25"",""rowNumber"":305,""jsonPointer"":null,""locator"":""OWID lpi_final, ci_low, ci_high; conversionFactor=100; 2024 source edition"",""originalUnit"":""index-1970-100"",""originalValue"":""64.22505"",""originalUncertainty"":{""ci_high"":""90.66618"",""ci_low"":""45.685416000000004"",""confidenceLevel"":null},""rawRecord"":{""ci_high"":""90.66618"",""ci_low"":""45.685416000000004"",""code"":""OWID_NAM"",""entity"":""North America"",""lpi_final"":""64.22505"",""year"":""2019""},""transformations"":[""Whitespace/NFC normalization; original row retained"",""Divide published 1970=100 index and bounds by 100; explicit metadata scale, not interpolation""]}]"
lpi-2024-owid-north-america-2020-2020,lpi-2024-owid,OWID indicator 990513; updated 2024-09-30; snapshot 2026-10-08,LPR 2024,lpi-2024-owid-north-america,region,North America,All,Monitored vertebrates,relative-index,index-1970-1,1970,2020,2020,0.6095505,source-bounds,0.43291467,0.8624542,,Interval confidence level not verified in chart metadata,,2024-09-30,2026-10-08,2026-10-08,index-1970-100,60.95505,"{""ci_high"":""86.24542"",""ci_low"":""43.291467"",""confidenceLevel"":null}",CC-BY-SA-4.0,https://creativecommons.org/licenses/by-sa/4.0/,"ZSL/WWF, Living Planet Index; source edition and retrieval date; Our World in Data processing where applicable.",36b87bf96cf579f6bcf5e9b97157573e897de62e65c7829bb9b3b460017d670c,"[{""datasetId"":""lpi-2024-owid"",""datasetVersion"":""OWID indicator 990513; updated 2024-09-30; snapshot 2026-10-08"",""sourceId"":""owid-lpi-2024"",""sourceUrl"":""https://ourworldindata.org/grapher/global-living-planet-index"",""sourceDate"":""2024-09-30"",""sourceEdition"":""LPR 2024"",""accessedDate"":""2026-10-08"",""inputPath"":""data/raw/public/owid-lpi-2024.csv"",""inputSha256"":""9764f5f4f9c9ff855090a34ba218b02d7878922eec485e7b42d497ce5b8b3f25"",""rowNumber"":306,""jsonPointer"":null,""locator"":""OWID lpi_final, ci_low, ci_high; conversionFactor=100; 2024 source edition"",""originalUnit"":""index-1970-100"",""originalValue"":""60.95505"",""originalUncertainty"":{""ci_high"":""86.24542"",""ci_low"":""43.291467"",""confidenceLevel"":null},""rawRecord"":{""ci_high"":""86.24542"",""ci_low"":""43.291467"",""code"":""OWID_NAM"",""entity"":""North America"",""lpi_final"":""60.95505"",""year"":""2020""},""transformations"":[""Whitespace/NFC normalization; original row retained"",""Divide published 1970=100 index and bounds by 100; explicit metadata scale, not interpolation""]}]"
lpi-2024-owid-world-1970-1970,lpi-2024-owid,OWID indicator 990513; updated 2024-09-30; snapshot 2026-10-08,LPR 2024,lpi-2024-owid-world,global,Global,All,Monitored vertebrates,relative-index,index-1970-1,1970,1970,1970,1,source-bounds,1,1,,Interval confidence level not verified in chart metadata,,2024-09-30,2026-10-08,2026-10-08,index-1970-100,100,"{""ci_high"":""100"",""ci_low"":""100"",""confidenceLevel"":null}",CC-BY-SA-4.0,https://creativecommons.org/licenses/by-sa/4.0/,"ZSL/WWF, Living Planet Index; source edition and retrieval date; Our World in Data processing where applicable.",36b87bf96cf579f6bcf5e9b97157573e897de62e65c7829bb9b3b460017d670c,"[{""datasetId"":""lpi-2024-owid"",""datasetVersion"":""OWID indicator 990513; updated 2024-09-30; snapshot 2026-10-08"",""sourceId"":""owid-lpi-2024"",""sourceUrl"":""https://ourworldindata.org/grapher/global-living-planet-index"",""sourceDate"":""2024-09-30"",""sourceEdition"":""LPR 2024"",""accessedDate"":""2026-10-08"",""inputPath"":""data/raw/public/owid-lpi-2024.csv"",""inputSha256"":""9764f5f4f9c9ff855090a34ba218b02d7878922eec485e7b42d497ce5b8b3f25"",""rowNumber"":307,""jsonPointer"":null,""locator"":""OWID lpi_final, ci_low, ci_high; conversionFactor=100; 2024 source edition"",""originalUnit"":""index-1970-100"",""originalValue"":""100"",""originalUncertainty"":{""ci_high"":""100"",""ci_low"":""100"",""confidenceLevel"":null},""rawRecord"":{""ci_high"":""100"",""ci_low"":""100"",""code"":""OWID_WRL"",""entity"":""World"",""lpi_final"":""100"",""year"":""1970""},""transformations"":[""Whitespace/NFC normalization; original row retained"",""Divide published 1970=100 index and bounds by 100; explicit metadata scale, not interpolation""]}]"
lpi-2024-owid-world-1971-1971,lpi-2024-owid,OWID indicator 990513; updated 2024-09-30; snapshot 2026-10-08,LPR 2024,lpi-2024-owid-world,global,Global,All,Monitored vertebrates,relative-index,index-1970-1,1970,1971,1971,0.99406844,source-bounds,0.97358286,1.0159934,,Interval confidence level not verified in chart metadata,,2024-09-30,2026-10-08,2026-10-08,index-1970-100,99.406844,"{""ci_high"":""101.59934"",""ci_low"":""97.358286"",""confidenceLevel"":null}",CC-BY-SA-4.0,https://creativecommons.org/licenses/by-sa/4.0/,"ZSL/WWF, Living Planet Index; source edition and retrieval date; Our World in Data processing where applicable.",36b87bf96cf579f6bcf5e9b97157573e897de62e65c7829bb9b3b460017d670c,"[{""datasetId"":""lpi-2024-owid"",""datasetVersion"":""OWID indicator 990513; updated 2024-09-30; snapshot 2026-10-08"",""sourceId"":""owid-lpi-2024"",""sourceUrl"":""https://ourworldindata.org/grapher/global-living-planet-index"",""sourceDate"":""2024-09-30"",""sourceEdition"":""LPR 2024"",""accessedDate"":""2026-10-08"",""inputPath"":""data/raw/public/owid-lpi-2024.csv"",""inputSha256"":""9764f5f4f9c9ff855090a34ba218b02d7878922eec485e7b42d497ce5b8b3f25"",""rowNumber"":308,""jsonPointer"":null,""locator"":""OWID lpi_final, ci_low, ci_high; conversionFactor=100; 2024 source edition"",""originalUnit"":""index-1970-100"",""originalValue"":""99.406844"",""originalUncertainty"":{""ci_high"":""101.59934"",""ci_low"":""97.358286"",""confidenceLevel"":null},""rawRecord"":{""ci_high"":""101.59934"",""ci_low"":""97.358286"",""code"":""OWID_WRL"",""entity"":""World"",""lpi_final"":""99.406844"",""year"":""1971""},""transformations"":[""Whitespace/NFC normalization; original row retained"",""Divide published 1970=100 index and bounds by 100; explicit metadata scale, not interpolation""]}]"
lpi-2024-owid-world-1972-1972,lpi-2024-owid,OWID indicator 990513; updated 2024-09-30; snapshot 2026-10-08,LPR 2024,lpi-2024-owid-world,global,Global,All,Monitored vertebrates,relative-index,index-1970-1,1970,1972,1972,0.9814285000000001,source-bounds,0.9461055,1.0183257,,Interval confidence level not verified in chart metadata,,2024-09-30,2026-10-08,2026-10-08,index-1970-100,98.14285000000001,"{""ci_high"":""101.83256999999999"",""ci_low"":""94.61055"",""confidenceLevel"":null}",CC-BY-SA-4.0,https://creativecommons.org/licenses/by-sa/4.0/,"ZSL/WWF, Living Planet Index; source edition and retrieval date; Our World in Data processing where applicable.",36b87bf96cf579f6bcf5e9b97157573e897de62e65c7829bb9b3b460017d670c,"[{""datasetId"":""lpi-2024-owid"",""datasetVersion"":""OWID indicator 990513; updated 2024-09-30; snapshot 2026-10-08"",""sourceId"":""owid-lpi-2024"",""sourceUrl"":""https://ourworldindata.org/grapher/global-living-planet-index"",""sourceDate"":""2024-09-30"",""sourceEdition"":""LPR 2024"",""accessedDate"":""2026-10-08"",""inputPath"":""data/raw/public/owid-lpi-2024.csv"",""inputSha256"":""9764f5f4f9c9ff855090a34ba218b02d7878922eec485e7b42d497ce5b8b3f25"",""rowNumber"":309,""jsonPointer"":null,""locator"":""OWID lpi_final, ci_low, ci_high; conversionFactor=100; 2024 source edition"",""originalUnit"":""index-1970-100"",""originalValue"":""98.14285000000001"",""originalUncertainty"":{""ci_high"":""101.83256999999999"",""ci_low"":""94.61055"",""confidenceLevel"":null},""rawRecord"":{""ci_high"":""101.83256999999999"",""ci_low"":""94.61055"",""code"":""OWID_WRL"",""entity"":""World"",""lpi_final"":""98.14285000000001"",""year"":""1972""},""transformations"":[""Whitespace/NFC normalization; original row retained"",""Divide published 1970=100 index and bounds by 100; explicit metadata scale, not interpolation""]}]"
lpi-2024-owid-world-1973-1973,lpi-2024-owid,OWID indicator 990513; updated 2024-09-30; snapshot 2026-10-08,LPR 2024,lpi-2024-owid-world,global,Global,All,Monitored vertebrates,relative-index,index-1970-1,1970,1973,1973,0.9661677000000001,source-bounds,0.92208695,1.0114101,,Interval confidence level not verified in chart metadata,,2024-09-30,2026-10-08,2026-10-08,index-1970-100,96.61677,"{""ci_high"":""101.14101"",""ci_low"":""92.20869499999999"",""confidenceLevel"":null}",CC-BY-SA-4.0,https://creativecommons.org/licenses/by-sa/4.0/,"ZSL/WWF, Living Planet Index; source edition and retrieval date; Our World in Data processing where applicable.",36b87bf96cf579f6bcf5e9b97157573e897de62e65c7829bb9b3b460017d670c,"[{""datasetId"":""lpi-2024-owid"",""datasetVersion"":""OWID indicator 990513; updated 2024-09-30; snapshot 2026-10-08"",""sourceId"":""owid-lpi-2024"",""sourceUrl"":""https://ourworldindata.org/grapher/global-living-planet-index"",""sourceDate"":""2024-09-30"",""sourceEdition"":""LPR 2024"",""accessedDate"":""2026-10-08"",""inputPath"":""data/raw/public/owid-lpi-2024.csv"",""inputSha256"":""9764f5f4f9c9ff855090a34ba218b02d7878922eec485e7b42d497ce5b8b3f25"",""rowNumber"":310,""jsonPointer"":null,""locator"":""OWID lpi_final, ci_low, ci_high; conversionFactor=100; 2024 source edition"",""originalUnit"":""index-1970-100"",""originalValue"":""96.61677"",""originalUncertainty"":{""ci_high"":""101.14101"",""ci_low"":""92.20869499999999"",""confidenceLevel"":null},""rawRecord"":{""ci_high"":""101.14101"",""ci_low"":""92.20869499999999"",""code"":""OWID_WRL"",""entity"":""World"",""lpi_final"":""96.61677"",""year"":""1973""},""transformations"":[""Whitespace/NFC normalization; original row retained"",""Divide published 1970=100 index and bounds by 100; explicit metadata scale, not interpolation""]}]"
lpi-2024-owid-world-1974-1974,lpi-2024-owid,OWID indicator 990513; updated 2024-09-30; snapshot 2026-10-08,LPR 2024,lpi-2024-owid-world,global,Global,All,Monitored vertebrates,relative-index,index-1970-1,1970,1974,1974,0.94809854,source-bounds,0.8958938,1.0025399,,Interval confidence level not verified in chart metadata,,2024-09-30,2026-10-08,2026-10-08,index-1970-100,94.809854,"{""ci_high"":""100.25398999999999"",""ci_low"":""89.58937999999999"",""confidenceLevel"":null}",CC-BY-SA-4.0,https://creativecommons.org/licenses/by-sa/4.0/,"ZSL/WWF, Living Planet Index; source edition and retrieval date; Our World in Data processing where applicable.",36b87bf96cf579f6bcf5e9b97157573e897de62e65c7829bb9b3b460017d670c,"[{""datasetId"":""lpi-2024-owid"",""datasetVersion"":""OWID indicator 990513; updated 2024-09-30; snapshot 2026-10-08"",""sourceId"":""owid-lpi-2024"",""sourceUrl"":""https://ourworldindata.org/grapher/global-living-planet-index"",""sourceDate"":""2024-09-30"",""sourceEdition"":""LPR 2024"",""accessedDate"":""2026-10-08"",""inputPath"":""data/raw/public/owid-lpi-2024.csv"",""inputSha256"":""9764f5f4f9c9ff855090a34ba218b02d7878922eec485e7b42d497ce5b8b3f25"",""rowNumber"":311,""jsonPointer"":null,""locator"":""OWID lpi_final, ci_low, ci_high; conversionFactor=100; 2024 source edition"",""originalUnit"":""index-1970-100"",""originalValue"":""94.809854"",""originalUncertainty"":{""ci_high"":""100.25398999999999"",""ci_low"":""89.58937999999999"",""confidenceLevel"":null},""rawRecord"":{""ci_high"":""100.25398999999999"",""ci_low"":""89.58937999999999"",""code"":""OWID_WRL"",""entity"":""World"",""lpi_final"":""94.809854"",""year"":""1974""},""transformations"":[""Whitespace/NFC normalization; original row retained"",""Divide published 1970=100 index and bounds by 100; explicit metadata scale, not interpolation""]}]"
lpi-2024-owid-world-1975-1975,lpi-2024-owid,OWID indicator 990513; updated 2024-09-30; snapshot 2026-10-08,LPR 2024,lpi-2024-owid-world,global,Global,All,Monitored vertebrates,relative-index,index-1970-1,1970,1975,1975,0.92655015,source-bounds,0.8678831500000002,0.98937094,,Interval confidence level not verified in chart metadata,,2024-09-30,2026-10-08,2026-10-08,index-1970-100,92.65501499999999,"{""ci_high"":""98.937094"",""ci_low"":""86.78831500000001"",""confidenceLevel"":null}",CC-BY-SA-4.0,https://creativecommons.org/licenses/by-sa/4.0/,"ZSL/WWF, Living Planet Index; source edition and retrieval date; Our World in Data processing where applicable.",36b87bf96cf579f6bcf5e9b97157573e897de62e65c7829bb9b3b460017d670c,"[{""datasetId"":""lpi-2024-owid"",""datasetVersion"":""OWID indicator 990513; updated 2024-09-30; snapshot 2026-10-08"",""sourceId"":""owid-lpi-2024"",""sourceUrl"":""https://ourworldindata.org/grapher/global-living-planet-index"",""sourceDate"":""2024-09-30"",""sourceEdition"":""LPR 2024"",""accessedDate"":""2026-10-08"",""inputPath"":""data/raw/public/owid-lpi-2024.csv"",""inputSha256"":""9764f5f4f9c9ff855090a34ba218b02d7878922eec485e7b42d497ce5b8b3f25"",""rowNumber"":312,""jsonPointer"":null,""locator"":""OWID lpi_final, ci_low, ci_high; conversionFactor=100; 2024 source edition"",""originalUnit"":""index-1970-100"",""originalValue"":""92.65501499999999"",""originalUncertainty"":{""ci_high"":""98.937094"",""ci_low"":""86.78831500000001"",""confidenceLevel"":null},""rawRecord"":{""ci_high"":""98.937094"",""ci_low"":""86.78831500000001"",""code"":""OWID_WRL"",""entity"":""World"",""lpi_final"":""92.65501499999999"",""year"":""1975""},""transformations"":[""Whitespace/NFC normalization; original row retained"",""Divide published 1970=100 index and bounds by 100; explicit metadata scale, not interpolation""]}]"
lpi-2024-owid-world-1976-1976,lpi-2024-owid,OWID indicator 990513; updated 2024-09-30; snapshot 2026-10-08,LPR 2024,lpi-2024-owid-world,global,Global,All,Monitored vertebrates,relative-index,index-1970-1,1970,1976,1976,0.89991647,source-bounds,0.8368637,0.9691421,,Interval confidence level not verified in chart metadata,,2024-09-30,2026-10-08,2026-10-08,index-1970-100,89.991647,"{""ci_high"":""96.91421"",""ci_low"":""83.68637"",""confidenceLevel"":null}",CC-BY-SA-4.0,https://creativecommons.org/licenses/by-sa/4.0/,"ZSL/WWF, Living Planet Index; source edition and retrieval date; Our World in Data processing where applicable.",36b87bf96cf579f6bcf5e9b97157573e897de62e65c7829bb9b3b460017d670c,"[{""datasetId"":""lpi-2024-owid"",""datasetVersion"":""OWID indicator 990513; updated 2024-09-30; snapshot 2026-10-08"",""sourceId"":""owid-lpi-2024"",""sourceUrl"":""https://ourworldindata.org/grapher/global-living-planet-index"",""sourceDate"":""2024-09-30"",""sourceEdition"":""LPR 2024"",""accessedDate"":""2026-10-08"",""inputPath"":""data/raw/public/owid-lpi-2024.csv"",""inputSha256"":""9764f5f4f9c9ff855090a34ba218b02d7878922eec485e7b42d497ce5b8b3f25"",""rowNumber"":313,""jsonPointer"":null,""locator"":""OWID lpi_final, ci_low, ci_high; conversionFactor=100; 2024 source edition"",""originalUnit"":""index-1970-100"",""originalValue"":""89.991647"",""originalUncertainty"":{""ci_high"":""96.91421"",""ci_low"":""83.68637"",""confidenceLevel"":null},""rawRecord"":{""ci_high"":""96.91421"",""ci_low"":""83.68637"",""code"":""OWID_WRL"",""entity"":""World"",""lpi_final"":""89.991647"",""year"":""1976""},""transformations"":[""Whitespace/NFC normalization; original row retained"",""Divide published 1970=100 index and bounds by 100; explicit metadata scale, not interpolation""]}]"
lpi-2024-owid-world-1977-1977,lpi-2024-owid,OWID indicator 990513; updated 2024-09-30; snapshot 2026-10-08,LPR 2024,lpi-2024-owid-world,global,Global,All,Monitored vertebrates,relative-index,index-1970-1,1970,1977,1977,0.86367744,source-bounds,0.7997391,0.93390256,,Interval confidence level not verified in chart metadata,,2024-09-30,2026-10-08,2026-10-08,index-1970-100,86.367744,"{""ci_high"":""93.39025600000001"",""ci_low"":""79.97391"",""confidenceLevel"":null}",CC-BY-SA-4.0,https://creativecommons.org/licenses/by-sa/4.0/,"ZSL/WWF, Living Planet Index; source edition and retrieval date; Our World in Data processing where applicable.",36b87bf96cf579f6bcf5e9b97157573e897de62e65c7829bb9b3b460017d670c,"[{""datasetId"":""lpi-2024-owid"",""datasetVersion"":""OWID indicator 990513; updated 2024-09-30; snapshot 2026-10-08"",""sourceId"":""owid-lpi-2024"",""sourceUrl"":""https://ourworldindata.org/grapher/global-living-planet-index"",""sourceDate"":""2024-09-30"",""sourceEdition"":""LPR 2024"",""accessedDate"":""2026-10-08"",""inputPath"":""data/raw/public/owid-lpi-2024.csv"",""inputSha256"":""9764f5f4f9c9ff855090a34ba218b02d7878922eec485e7b42d497ce5b8b3f25"",""rowNumber"":314,""jsonPointer"":null,""locator"":""OWID lpi_final, ci_low, ci_high; conversionFactor=100; 2024 source edition"",""originalUnit"":""index-1970-100"",""originalValue"":""86.367744"",""originalUncertainty"":{""ci_high"":""93.39025600000001"",""ci_low"":""79.97391"",""confidenceLevel"":null},""rawRecord"":{""ci_high"":""93.39025600000001"",""ci_low"":""79.97391"",""code"":""OWID_WRL"",""entity"":""World"",""lpi_final"":""86.367744"",""year"":""1977""},""transformations"":[""Whitespace/NFC normalization; original row retained"",""Divide published 1970=100 index and bounds by 100; explicit metadata scale, not interpolation""]}]"
lpi-2024-owid-world-1978-1978,lpi-2024-owid,OWID indicator 990513; updated 2024-09-30; snapshot 2026-10-08,LPR 2024,lpi-2024-owid-world,global,Global,All,Monitored vertebrates,relative-index,index-1970-1,1970,1978,1978,0.8286782000000001,source-bounds,0.7646518000000001,0.89899683,,Interval confidence level not verified in chart metadata,,2024-09-30,2026-10-08,2026-10-08,index-1970-100,82.86782000000001,"{""ci_high"":""89.899683"",""ci_low"":""76.46518"",""confidenceLevel"":null}",CC-BY-SA-4.0,https://creativecommons.org/licenses/by-sa/4.0/,"ZSL/WWF, Living Planet Index; source edition and retrieval date; Our World in Data processing where applicable.",36b87bf96cf579f6bcf5e9b97157573e897de62e65c7829bb9b3b460017d670c,"[{""datasetId"":""lpi-2024-owid"",""datasetVersion"":""OWID indicator 990513; updated 2024-09-30; snapshot 2026-10-08"",""sourceId"":""owid-lpi-2024"",""sourceUrl"":""https://ourworldindata.org/grapher/global-living-planet-index"",""sourceDate"":""2024-09-30"",""sourceEdition"":""LPR 2024"",""accessedDate"":""2026-10-08"",""inputPath"":""data/raw/public/owid-lpi-2024.csv"",""inputSha256"":""9764f5f4f9c9ff855090a34ba218b02d7878922eec485e7b42d497ce5b8b3f25"",""rowNumber"":315,""jsonPointer"":null,""locator"":""OWID lpi_final, ci_low, ci_high; conversionFactor=100; 2024 source edition"",""originalUnit"":""index-1970-100"",""originalValue"":""82.86782000000001"",""originalUncertainty"":{""ci_high"":""89.899683"",""ci_low"":""76.46518"",""confidenceLevel"":null},""rawRecord"":{""ci_high"":""89.899683"",""ci_low"":""76.46518"",""code"":""OWID_WRL"",""entity"":""World"",""lpi_final"":""82.86782000000001"",""year"":""1978""},""transformations"":[""Whitespace/NFC normalization; original row retained"",""Divide published 1970=100 index and bounds by 100; explicit metadata scale, not interpolation""]}]"
lpi-2024-owid-world-1979-1979,lpi-2024-owid,OWID indicator 990513; updated 2024-09-30; snapshot 2026-10-08,LPR 2024,lpi-2024-owid-world,global,Global,All,Monitored vertebrates,relative-index,index-1970-1,1970,1979,1979,0.8025996700000001,source-bounds,0.73666024,0.8747364000000001,,Interval confidence level not verified in chart metadata,,2024-09-30,2026-10-08,2026-10-08,index-1970-100,80.259967,"{""ci_high"":""87.47364"",""ci_low"":""73.666024"",""confidenceLevel"":null}",CC-BY-SA-4.0,https://creativecommons.org/licenses/by-sa/4.0/,"ZSL/WWF, Living Planet Index; source edition and retrieval date; Our World in Data processing where applicable.",36b87bf96cf579f6bcf5e9b97157573e897de62e65c7829bb9b3b460017d670c,"[{""datasetId"":""lpi-2024-owid"",""datasetVersion"":""OWID indicator 990513; updated 2024-09-30; snapshot 2026-10-08"",""sourceId"":""owid-lpi-2024"",""sourceUrl"":""https://ourworldindata.org/grapher/global-living-planet-index"",""sourceDate"":""2024-09-30"",""sourceEdition"":""LPR 2024"",""accessedDate"":""2026-10-08"",""inputPath"":""data/raw/public/owid-lpi-2024.csv"",""inputSha256"":""9764f5f4f9c9ff855090a34ba218b02d7878922eec485e7b42d497ce5b8b3f25"",""rowNumber"":316,""jsonPointer"":null,""locator"":""OWID lpi_final, ci_low, ci_high; conversionFactor=100; 2024 source edition"",""originalUnit"":""index-1970-100"",""originalValue"":""80.259967"",""originalUncertainty"":{""ci_high"":""87.47364"",""ci_low"":""73.666024"",""confidenceLevel"":null},""rawRecord"":{""ci_high"":""87.47364"",""ci_low"":""73.666024"",""code"":""OWID_WRL"",""entity"":""World"",""lpi_final"":""80.259967"",""year"":""1979""},""transformations"":[""Whitespace/NFC normalization; original row retained"",""Divide published 1970=100 index and bounds by 100; explicit metadata scale, not interpolation""]}]"
lpi-2024-owid-world-1980-1980,lpi-2024-owid,OWID indicator 990513; updated 2024-09-30; snapshot 2026-10-08,LPR 2024,lpi-2024-owid-world,global,Global,All,Monitored vertebrates,relative-index,index-1970-1,1970,1980,1980,0.7843339,source-bounds,0.7154619700000001,0.859839,,Interval confidence level not verified in chart metadata,,2024-09-30,2026-10-08,2026-10-08,index-1970-100,78.43339,"{""ci_high"":""85.9839"",""ci_low"":""71.546197"",""confidenceLevel"":null}",CC-BY-SA-4.0,https://creativecommons.org/licenses/by-sa/4.0/,"ZSL/WWF, Living Planet Index; source edition and retrieval date; Our World in Data processing where applicable.",36b87bf96cf579f6bcf5e9b97157573e897de62e65c7829bb9b3b460017d670c,"[{""datasetId"":""lpi-2024-owid"",""datasetVersion"":""OWID indicator 990513; updated 2024-09-30; snapshot 2026-10-08"",""sourceId"":""owid-lpi-2024"",""sourceUrl"":""https://ourworldindata.org/grapher/global-living-planet-index"",""sourceDate"":""2024-09-30"",""sourceEdition"":""LPR 2024"",""accessedDate"":""2026-10-08"",""inputPath"":""data/raw/public/owid-lpi-2024.csv"",""inputSha256"":""9764f5f4f9c9ff855090a34ba218b02d7878922eec485e7b42d497ce5b8b3f25"",""rowNumber"":317,""jsonPointer"":null,""locator"":""OWID lpi_final, ci_low, ci_high; conversionFactor=100; 2024 source edition"",""originalUnit"":""index-1970-100"",""originalValue"":""78.43339"",""originalUncertainty"":{""ci_high"":""85.9839"",""ci_low"":""71.546197"",""confidenceLevel"":null},""rawRecord"":{""ci_high"":""85.9839"",""ci_low"":""71.546197"",""code"":""OWID_WRL"",""entity"":""World"",""lpi_final"":""78.43339"",""year"":""1980""},""transformations"":[""Whitespace/NFC normalization; original row retained"",""Divide published 1970=100 index and bounds by 100; explicit metadata scale, not interpolation""]}]"
lpi-2024-owid-world-1981-1981,lpi-2024-owid,OWID indicator 990513; updated 2024-09-30; snapshot 2026-10-08,LPR 2024,lpi-2024-owid-world,global,Global,All,Monitored vertebrates,relative-index,index-1970-1,1970,1981,1981,0.77014565,source-bounds,0.69877255,0.8486694700000001,,Interval confidence level not verified in chart metadata,,2024-09-30,2026-10-08,2026-10-08,index-1970-100,77.014565,"{""ci_high"":""84.86694700000001"",""ci_low"":""69.877255"",""confidenceLevel"":null}",CC-BY-SA-4.0,https://creativecommons.org/licenses/by-sa/4.0/,"ZSL/WWF, Living Planet Index; source edition and retrieval date; Our World in Data processing where applicable.",36b87bf96cf579f6bcf5e9b97157573e897de62e65c7829bb9b3b460017d670c,"[{""datasetId"":""lpi-2024-owid"",""datasetVersion"":""OWID indicator 990513; updated 2024-09-30; snapshot 2026-10-08"",""sourceId"":""owid-lpi-2024"",""sourceUrl"":""https://ourworldindata.org/grapher/global-living-planet-index"",""sourceDate"":""2024-09-30"",""sourceEdition"":""LPR 2024"",""accessedDate"":""2026-10-08"",""inputPath"":""data/raw/public/owid-lpi-2024.csv"",""inputSha256"":""9764f5f4f9c9ff855090a34ba218b02d7878922eec485e7b42d497ce5b8b3f25"",""rowNumber"":318,""jsonPointer"":null,""locator"":""OWID lpi_final, ci_low, ci_high; conversionFactor=100; 2024 source edition"",""originalUnit"":""index-1970-100"",""originalValue"":""77.014565"",""originalUncertainty"":{""ci_high"":""84.86694700000001"",""ci_low"":""69.877255"",""confidenceLevel"":null},""rawRecord"":{""ci_high"":""84.86694700000001"",""ci_low"":""69.877255"",""code"":""OWID_WRL"",""entity"":""World"",""lpi_final"":""77.014565"",""year"":""1981""},""transformations"":[""Whitespace/NFC normalization; original row retained"",""Divide published 1970=100 index and bounds by 100; explicit metadata scale, not interpolation""]}]"
lpi-2024-owid-world-1982-1982,lpi-2024-owid,OWID indicator 990513; updated 2024-09-30; snapshot 2026-10-08,LPR 2024,lpi-2024-owid-world,global,Global,All,Monitored vertebrates,relative-index,index-1970-1,1970,1982,1982,0.7473171400000002,source-bounds,0.6760402,0.8262672,,Interval confidence level not verified in chart metadata,,2024-09-30,2026-10-08,2026-10-08,index-1970-100,74.73171400000001,"{""ci_high"":""82.62671999999999"",""ci_low"":""67.60401999999999"",""confidenceLevel"":null}",CC-BY-SA-4.0,https://creativecommons.org/licenses/by-sa/4.0/,"ZSL/WWF, Living Planet Index; source edition and retrieval date; Our World in Data processing where applicable.",36b87bf96cf579f6bcf5e9b97157573e897de62e65c7829bb9b3b460017d670c,"[{""datasetId"":""lpi-2024-owid"",""datasetVersion"":""OWID indicator 990513; updated 2024-09-30; snapshot 2026-10-08"",""sourceId"":""owid-lpi-2024"",""sourceUrl"":""https://ourworldindata.org/grapher/global-living-planet-index"",""sourceDate"":""2024-09-30"",""sourceEdition"":""LPR 2024"",""accessedDate"":""2026-10-08"",""inputPath"":""data/raw/public/owid-lpi-2024.csv"",""inputSha256"":""9764f5f4f9c9ff855090a34ba218b02d7878922eec485e7b42d497ce5b8b3f25"",""rowNumber"":319,""jsonPointer"":null,""locator"":""OWID lpi_final, ci_low, ci_high; conversionFactor=100; 2024 source edition"",""originalUnit"":""index-1970-100"",""originalValue"":""74.73171400000001"",""originalUncertainty"":{""ci_high"":""82.62671999999999"",""ci_low"":""67.60401999999999"",""confidenceLevel"":null},""rawRecord"":{""ci_high"":""82.62671999999999"",""ci_low"":""67.60401999999999"",""code"":""OWID_WRL"",""entity"":""World"",""lpi_final"":""74.73171400000001"",""year"":""1982""},""transformations"":[""Whitespace/NFC normalization; original row retained"",""Divide published 1970=100 index and bounds by 100; explicit metadata scale, not interpolation""]}]"
lpi-2024-owid-world-1983-1983,lpi-2024-owid,OWID indicator 990513; updated 2024-09-30; snapshot 2026-10-08,LPR 2024,lpi-2024-owid-world,global,Global,All,Monitored vertebrates,relative-index,index-1970-1,1970,1983,1983,0.7217754,source-bounds,0.6515689,0.8002931,,Interval confidence level not verified in chart metadata,,2024-09-30,2026-10-08,2026-10-08,index-1970-100,72.17754,"{""ci_high"":""80.02931"",""ci_low"":""65.15689"",""confidenceLevel"":null}",CC-BY-SA-4.0,https://creativecommons.org/licenses/by-sa/4.0/,"ZSL/WWF, Living Planet Index; source edition and retrieval date; Our World in Data processing where applicable.",36b87bf96cf579f6bcf5e9b97157573e897de62e65c7829bb9b3b460017d670c,"[{""datasetId"":""lpi-2024-owid"",""datasetVersion"":""OWID indicator 990513; updated 2024-09-30; snapshot 2026-10-08"",""sourceId"":""owid-lpi-2024"",""sourceUrl"":""https://ourworldindata.org/grapher/global-living-planet-index"",""sourceDate"":""2024-09-30"",""sourceEdition"":""LPR 2024"",""accessedDate"":""2026-10-08"",""inputPath"":""data/raw/public/owid-lpi-2024.csv"",""inputSha256"":""9764f5f4f9c9ff855090a34ba218b02d7878922eec485e7b42d497ce5b8b3f25"",""rowNumber"":320,""jsonPointer"":null,""locator"":""OWID lpi_final, ci_low, ci_high; conversionFactor=100; 2024 source edition"",""originalUnit"":""index-1970-100"",""originalValue"":""72.17754"",""originalUncertainty"":{""ci_high"":""80.02931"",""ci_low"":""65.15689"",""confidenceLevel"":null},""rawRecord"":{""ci_high"":""80.02931"",""ci_low"":""65.15689"",""code"":""OWID_WRL"",""entity"":""World"",""lpi_final"":""72.17754"",""year"":""1983""},""transformations"":[""Whitespace/NFC normalization; original row retained"",""Divide published 1970=100 index and bounds by 100; explicit metadata scale, not interpolation""]}]"
lpi-2024-owid-world-1984-1984,lpi-2024-owid,OWID indicator 990513; updated 2024-09-30; snapshot 2026-10-08,LPR 2024,lpi-2024-owid-world,global,Global,All,Monitored vertebrates,relative-index,index-1970-1,1970,1984,1984,0.69707686,source-bounds,0.6277902,0.7748042000000002,,Interval confidence level not verified in chart metadata,,2024-09-30,2026-10-08,2026-10-08,index-1970-100,69.707686,"{""ci_high"":""77.48042000000001"",""ci_low"":""62.779019999999996"",""confidenceLevel"":null}",CC-BY-SA-4.0,https://creativecommons.org/licenses/by-sa/4.0/,"ZSL/WWF, Living Planet Index; source edition and retrieval date; Our World in Data processing where applicable.",36b87bf96cf579f6bcf5e9b97157573e897de62e65c7829bb9b3b460017d670c,"[{""datasetId"":""lpi-2024-owid"",""datasetVersion"":""OWID indicator 990513; updated 2024-09-30; snapshot 2026-10-08"",""sourceId"":""owid-lpi-2024"",""sourceUrl"":""https://ourworldindata.org/grapher/global-living-planet-index"",""sourceDate"":""2024-09-30"",""sourceEdition"":""LPR 2024"",""accessedDate"":""2026-10-08"",""inputPath"":""data/raw/public/owid-lpi-2024.csv"",""inputSha256"":""9764f5f4f9c9ff855090a34ba218b02d7878922eec485e7b42d497ce5b8b3f25"",""rowNumber"":321,""jsonPointer"":null,""locator"":""OWID lpi_final, ci_low, ci_high; conversionFactor=100; 2024 source edition"",""originalUnit"":""index-1970-100"",""originalValue"":""69.707686"",""originalUncertainty"":{""ci_high"":""77.48042000000001"",""ci_low"":""62.779019999999996"",""confidenceLevel"":null},""rawRecord"":{""ci_high"":""77.48042000000001"",""ci_low"":""62.779019999999996"",""code"":""OWID_WRL"",""entity"":""World"",""lpi_final"":""69.707686"",""year"":""1984""},""transformations"":[""Whitespace/NFC normalization; original row retained"",""Divide published 1970=100 index and bounds by 100; explicit metadata scale, not interpolation""]}]"
lpi-2024-owid-world-1985-1985,lpi-2024-owid,OWID indicator 990513; updated 2024-09-30; snapshot 2026-10-08,LPR 2024,lpi-2024-owid-world,global,Global,All,Monitored vertebrates,relative-index,index-1970-1,1970,1985,1985,0.6767479000000001,source-bounds,0.60769224,0.7547232000000001,,Interval confidence level not verified in chart metadata,,2024-09-30,2026-10-08,2026-10-08,index-1970-100,67.67479,"{""ci_high"":""75.47232000000001"",""ci_low"":""60.769224"",""confidenceLevel"":null}",CC-BY-SA-4.0,https://creativecommons.org/licenses/by-sa/4.0/,"ZSL/WWF, Living Planet Index; source edition and retrieval date; Our World in Data processing where applicable.",36b87bf96cf579f6bcf5e9b97157573e897de62e65c7829bb9b3b460017d670c,"[{""datasetId"":""lpi-2024-owid"",""datasetVersion"":""OWID indicator 990513; updated 2024-09-30; snapshot 2026-10-08"",""sourceId"":""owid-lpi-2024"",""sourceUrl"":""https://ourworldindata.org/grapher/global-living-planet-index"",""sourceDate"":""2024-09-30"",""sourceEdition"":""LPR 2024"",""accessedDate"":""2026-10-08"",""inputPath"":""data/raw/public/owid-lpi-2024.csv"",""inputSha256"":""9764f5f4f9c9ff855090a34ba218b02d7878922eec485e7b42d497ce5b8b3f25"",""rowNumber"":322,""jsonPointer"":null,""locator"":""OWID lpi_final, ci_low, ci_high; conversionFactor=100; 2024 source edition"",""originalUnit"":""index-1970-100"",""originalValue"":""67.67479"",""originalUncertainty"":{""ci_high"":""75.47232000000001"",""ci_low"":""60.769224"",""confidenceLevel"":null},""rawRecord"":{""ci_high"":""75.47232000000001"",""ci_low"":""60.769224"",""code"":""OWID_WRL"",""entity"":""World"",""lpi_final"":""67.67479"",""year"":""1985""},""transformations"":[""Whitespace/NFC normalization; original row retained"",""Divide published 1970=100 index and bounds by 100; explicit metadata scale, not interpolation""]}]"
lpi-2024-owid-world-1986-1986,lpi-2024-owid,OWID indicator 990513; updated 2024-09-30; snapshot 2026-10-08,LPR 2024,lpi-2024-owid-world,global,Global,All,Monitored vertebrates,relative-index,index-1970-1,1970,1986,1986,0.661693,source-bounds,0.59270376,0.7398204,,Interval confidence level not verified in chart metadata,,2024-09-30,2026-10-08,2026-10-08,index-1970-100,66.16929999999999,"{""ci_high"":""73.98204"",""ci_low"":""59.270376"",""confidenceLevel"":null}",CC-BY-SA-4.0,https://creativecommons.org/licenses/by-sa/4.0/,"ZSL/WWF, Living Planet Index; source edition and retrieval date; Our World in Data processing where applicable.",36b87bf96cf579f6bcf5e9b97157573e897de62e65c7829bb9b3b460017d670c,"[{""datasetId"":""lpi-2024-owid"",""datasetVersion"":""OWID indicator 990513; updated 2024-09-30; snapshot 2026-10-08"",""sourceId"":""owid-lpi-2024"",""sourceUrl"":""https://ourworldindata.org/grapher/global-living-planet-index"",""sourceDate"":""2024-09-30"",""sourceEdition"":""LPR 2024"",""accessedDate"":""2026-10-08"",""inputPath"":""data/raw/public/owid-lpi-2024.csv"",""inputSha256"":""9764f5f4f9c9ff855090a34ba218b02d7878922eec485e7b42d497ce5b8b3f25"",""rowNumber"":323,""jsonPointer"":null,""locator"":""OWID lpi_final, ci_low, ci_high; conversionFactor=100; 2024 source edition"",""originalUnit"":""index-1970-100"",""originalValue"":""66.16929999999999"",""originalUncertainty"":{""ci_high"":""73.98204"",""ci_low"":""59.270376"",""confidenceLevel"":null},""rawRecord"":{""ci_high"":""73.98204"",""ci_low"":""59.270376"",""code"":""OWID_WRL"",""entity"":""World"",""lpi_final"":""66.16929999999999"",""year"":""1986""},""transformations"":[""Whitespace/NFC normalization; original row retained"",""Divide published 1970=100 index and bounds by 100; explicit metadata scale, not interpolation""]}]"
lpi-2024-owid-world-1987-1987,lpi-2024-owid,OWID indicator 990513; updated 2024-09-30; snapshot 2026-10-08,LPR 2024,lpi-2024-owid-world,global,Global,All,Monitored vertebrates,relative-index,index-1970-1,1970,1987,1987,0.6442259,source-bounds,0.5755896,0.72228897,,Interval confidence level not verified in chart metadata,,2024-09-30,2026-10-08,2026-10-08,index-1970-100,64.42259,"{""ci_high"":""72.228897"",""ci_low"":""57.558960000000006"",""confidenceLevel"":null}",CC-BY-SA-4.0,https://creativecommons.org/licenses/by-sa/4.0/,"ZSL/WWF, Living Planet Index; source edition and retrieval date; Our World in Data processing where applicable.",36b87bf96cf579f6bcf5e9b97157573e897de62e65c7829bb9b3b460017d670c,"[{""datasetId"":""lpi-2024-owid"",""datasetVersion"":""OWID indicator 990513; updated 2024-09-30; snapshot 2026-10-08"",""sourceId"":""owid-lpi-2024"",""sourceUrl"":""https://ourworldindata.org/grapher/global-living-planet-index"",""sourceDate"":""2024-09-30"",""sourceEdition"":""LPR 2024"",""accessedDate"":""2026-10-08"",""inputPath"":""data/raw/public/owid-lpi-2024.csv"",""inputSha256"":""9764f5f4f9c9ff855090a34ba218b02d7878922eec485e7b42d497ce5b8b3f25"",""rowNumber"":324,""jsonPointer"":null,""locator"":""OWID lpi_final, ci_low, ci_high; conversionFactor=100; 2024 source edition"",""originalUnit"":""index-1970-100"",""originalValue"":""64.42259"",""originalUncertainty"":{""ci_high"":""72.228897"",""ci_low"":""57.558960000000006"",""confidenceLevel"":null},""rawRecord"":{""ci_high"":""72.228897"",""ci_low"":""57.558960000000006"",""code"":""OWID_WRL"",""entity"":""World"",""lpi_final"":""64.42259"",""year"":""1987""},""transformations"":[""Whitespace/NFC normalization; original row retained"",""Divide published 1970=100 index and bounds by 100; explicit metadata scale, not interpolation""]}]"
lpi-2024-owid-world-1988-1988,lpi-2024-owid,OWID indicator 990513; updated 2024-09-30; snapshot 2026-10-08,LPR 2024,lpi-2024-owid-world,global,Global,All,Monitored vertebrates,relative-index,index-1970-1,1970,1988,1988,0.6267535,source-bounds,0.5585408,0.70365506,,Interval confidence level not verified in chart metadata,,2024-09-30,2026-10-08,2026-10-08,index-1970-100,62.675349999999995,"{""ci_high"":""70.365506"",""ci_low"":""55.854079999999996"",""confidenceLevel"":null}",CC-BY-SA-4.0,https://creativecommons.org/licenses/by-sa/4.0/,"ZSL/WWF, Living Planet Index; source edition and retrieval date; Our World in Data processing where applicable.",36b87bf96cf579f6bcf5e9b97157573e897de62e65c7829bb9b3b460017d670c,"[{""datasetId"":""lpi-2024-owid"",""datasetVersion"":""OWID indicator 990513; updated 2024-09-30; snapshot 2026-10-08"",""sourceId"":""owid-lpi-2024"",""sourceUrl"":""https://ourworldindata.org/grapher/global-living-planet-index"",""sourceDate"":""2024-09-30"",""sourceEdition"":""LPR 2024"",""accessedDate"":""2026-10-08"",""inputPath"":""data/raw/public/owid-lpi-2024.csv"",""inputSha256"":""9764f5f4f9c9ff855090a34ba218b02d7878922eec485e7b42d497ce5b8b3f25"",""rowNumber"":325,""jsonPointer"":null,""locator"":""OWID lpi_final, ci_low, ci_high; conversionFactor=100; 2024 source edition"",""originalUnit"":""index-1970-100"",""originalValue"":""62.675349999999995"",""originalUncertainty"":{""ci_high"":""70.365506"",""ci_low"":""55.854079999999996"",""confidenceLevel"":null},""rawRecord"":{""ci_high"":""70.365506"",""ci_low"":""55.854079999999996"",""code"":""OWID_WRL"",""entity"":""World"",""lpi_final"":""62.675349999999995"",""year"":""1988""},""transformations"":[""Whitespace/NFC normalization; original row retained"",""Divide published 1970=100 index and bounds by 100; explicit metadata scale, not interpolation""]}]"
lpi-2024-owid-world-1989-1989,lpi-2024-owid,OWID indicator 990513; updated 2024-09-30; snapshot 2026-10-08,LPR 2024,lpi-2024-owid-world,global,Global,All,Monitored vertebrates,relative-index,index-1970-1,1970,1989,1989,0.61357963,source-bounds,0.54568404,0.6898211,,Interval confidence level not verified in chart metadata,,2024-09-30,2026-10-08,2026-10-08,index-1970-100,61.357963000000005,"{""ci_high"":""68.98210999999999"",""ci_low"":""54.568404"",""confidenceLevel"":null}",CC-BY-SA-4.0,https://creativecommons.org/licenses/by-sa/4.0/,"ZSL/WWF, Living Planet Index; source edition and retrieval date; Our World in Data processing where applicable.",36b87bf96cf579f6bcf5e9b97157573e897de62e65c7829bb9b3b460017d670c,"[{""datasetId"":""lpi-2024-owid"",""datasetVersion"":""OWID indicator 990513; updated 2024-09-30; snapshot 2026-10-08"",""sourceId"":""owid-lpi-2024"",""sourceUrl"":""https://ourworldindata.org/grapher/global-living-planet-index"",""sourceDate"":""2024-09-30"",""sourceEdition"":""LPR 2024"",""accessedDate"":""2026-10-08"",""inputPath"":""data/raw/public/owid-lpi-2024.csv"",""inputSha256"":""9764f5f4f9c9ff855090a34ba218b02d7878922eec485e7b42d497ce5b8b3f25"",""rowNumber"":326,""jsonPointer"":null,""locator"":""OWID lpi_final, ci_low, ci_high; conversionFactor=100; 2024 source edition"",""originalUnit"":""index-1970-100"",""originalValue"":""61.357963000000005"",""originalUncertainty"":{""ci_high"":""68.98210999999999"",""ci_low"":""54.568404"",""confidenceLevel"":null},""rawRecord"":{""ci_high"":""68.98210999999999"",""ci_low"":""54.568404"",""code"":""OWID_WRL"",""entity"":""World"",""lpi_final"":""61.357963000000005"",""year"":""1989""},""transformations"":[""Whitespace/NFC normalization; original row retained"",""Divide published 1970=100 index and bounds by 100; explicit metadata scale, not interpolation""]}]"
lpi-2024-owid-world-1990-1990,lpi-2024-owid,OWID indicator 990513; updated 2024-09-30; snapshot 2026-10-08,LPR 2024,lpi-2024-owid-world,global,Global,All,Monitored vertebrates,relative-index,index-1970-1,1970,1990,1990,0.6009213,source-bounds,0.532966,0.67741543,,Interval confidence level not verified in chart metadata,,2024-09-30,2026-10-08,2026-10-08,index-1970-100,60.09213,"{""ci_high"":""67.74154300000001"",""ci_low"":""53.296600000000005"",""confidenceLevel"":null}",CC-BY-SA-4.0,https://creativecommons.org/licenses/by-sa/4.0/,"ZSL/WWF, Living Planet Index; source edition and retrieval date; Our World in Data processing where applicable.",36b87bf96cf579f6bcf5e9b97157573e897de62e65c7829bb9b3b460017d670c,"[{""datasetId"":""lpi-2024-owid"",""datasetVersion"":""OWID indicator 990513; updated 2024-09-30; snapshot 2026-10-08"",""sourceId"":""owid-lpi-2024"",""sourceUrl"":""https://ourworldindata.org/grapher/global-living-planet-index"",""sourceDate"":""2024-09-30"",""sourceEdition"":""LPR 2024"",""accessedDate"":""2026-10-08"",""inputPath"":""data/raw/public/owid-lpi-2024.csv"",""inputSha256"":""9764f5f4f9c9ff855090a34ba218b02d7878922eec485e7b42d497ce5b8b3f25"",""rowNumber"":327,""jsonPointer"":null,""locator"":""OWID lpi_final, ci_low, ci_high; conversionFactor=100; 2024 source edition"",""originalUnit"":""index-1970-100"",""originalValue"":""60.09213"",""originalUncertainty"":{""ci_high"":""67.74154300000001"",""ci_low"":""53.296600000000005"",""confidenceLevel"":null},""rawRecord"":{""ci_high"":""67.74154300000001"",""ci_low"":""53.296600000000005"",""code"":""OWID_WRL"",""entity"":""World"",""lpi_final"":""60.09213"",""year"":""1990""},""transformations"":[""Whitespace/NFC normalization; original row retained"",""Divide published 1970=100 index and bounds by 100; explicit metadata scale, not interpolation""]}]"
lpi-2024-owid-world-1991-1991,lpi-2024-owid,OWID indicator 990513; updated 2024-09-30; snapshot 2026-10-08,LPR 2024,lpi-2024-owid-world,global,Global,All,Monitored vertebrates,relative-index,index-1970-1,1970,1991,1991,0.58816165,source-bounds,0.5200585,0.66497713,,Interval confidence level not verified in chart metadata,,2024-09-30,2026-10-08,2026-10-08,index-1970-100,58.816165,"{""ci_high"":""66.497713"",""ci_low"":""52.005849999999995"",""confidenceLevel"":null}",CC-BY-SA-4.0,https://creativecommons.org/licenses/by-sa/4.0/,"ZSL/WWF, Living Planet Index; source edition and retrieval date; Our World in Data processing where applicable.",36b87bf96cf579f6bcf5e9b97157573e897de62e65c7829bb9b3b460017d670c,"[{""datasetId"":""lpi-2024-owid"",""datasetVersion"":""OWID indicator 990513; updated 2024-09-30; snapshot 2026-10-08"",""sourceId"":""owid-lpi-2024"",""sourceUrl"":""https://ourworldindata.org/grapher/global-living-planet-index"",""sourceDate"":""2024-09-30"",""sourceEdition"":""LPR 2024"",""accessedDate"":""2026-10-08"",""inputPath"":""data/raw/public/owid-lpi-2024.csv"",""inputSha256"":""9764f5f4f9c9ff855090a34ba218b02d7878922eec485e7b42d497ce5b8b3f25"",""rowNumber"":328,""jsonPointer"":null,""locator"":""OWID lpi_final, ci_low, ci_high; conversionFactor=100; 2024 source edition"",""originalUnit"":""index-1970-100"",""originalValue"":""58.816165"",""originalUncertainty"":{""ci_high"":""66.497713"",""ci_low"":""52.005849999999995"",""confidenceLevel"":null},""rawRecord"":{""ci_high"":""66.497713"",""ci_low"":""52.005849999999995"",""code"":""OWID_WRL"",""entity"":""World"",""lpi_final"":""58.816165"",""year"":""1991""},""transformations"":[""Whitespace/NFC normalization; original row retained"",""Divide published 1970=100 index and bounds by 100; explicit metadata scale, not interpolation""]}]"
lpi-2024-owid-world-1992-1992,lpi-2024-owid,OWID indicator 990513; updated 2024-09-30; snapshot 2026-10-08,LPR 2024,lpi-2024-owid-world,global,Global,All,Monitored vertebrates,relative-index,index-1970-1,1970,1992,1992,0.5728322,source-bounds,0.505043,0.6497869000000001,,Interval confidence level not verified in chart metadata,,2024-09-30,2026-10-08,2026-10-08,index-1970-100,57.28322,"{""ci_high"":""64.97869"",""ci_low"":""50.5043"",""confidenceLevel"":null}",CC-BY-SA-4.0,https://creativecommons.org/licenses/by-sa/4.0/,"ZSL/WWF, Living Planet Index; source edition and retrieval date; Our World in Data processing where applicable.",36b87bf96cf579f6bcf5e9b97157573e897de62e65c7829bb9b3b460017d670c,"[{""datasetId"":""lpi-2024-owid"",""datasetVersion"":""OWID indicator 990513; updated 2024-09-30; snapshot 2026-10-08"",""sourceId"":""owid-lpi-2024"",""sourceUrl"":""https://ourworldindata.org/grapher/global-living-planet-index"",""sourceDate"":""2024-09-30"",""sourceEdition"":""LPR 2024"",""accessedDate"":""2026-10-08"",""inputPath"":""data/raw/public/owid-lpi-2024.csv"",""inputSha256"":""9764f5f4f9c9ff855090a34ba218b02d7878922eec485e7b42d497ce5b8b3f25"",""rowNumber"":329,""jsonPointer"":null,""locator"":""OWID lpi_final, ci_low, ci_high; conversionFactor=100; 2024 source edition"",""originalUnit"":""index-1970-100"",""originalValue"":""57.28322"",""originalUncertainty"":{""ci_high"":""64.97869"",""ci_low"":""50.5043"",""confidenceLevel"":null},""rawRecord"":{""ci_high"":""64.97869"",""ci_low"":""50.5043"",""code"":""OWID_WRL"",""entity"":""World"",""lpi_final"":""57.28322"",""year"":""1992""},""transformations"":[""Whitespace/NFC normalization; original row retained"",""Divide published 1970=100 index and bounds by 100; explicit metadata scale, not interpolation""]}]"
lpi-2024-owid-world-1993-1993,lpi-2024-owid,OWID indicator 990513; updated 2024-09-30; snapshot 2026-10-08,LPR 2024,lpi-2024-owid-world,global,Global,All,Monitored vertebrates,relative-index,index-1970-1,1970,1993,1993,0.55241954,source-bounds,0.48570102,0.62799525,,Interval confidence level not verified in chart metadata,,2024-09-30,2026-10-08,2026-10-08,index-1970-100,55.24195400000001,"{""ci_high"":""62.799525"",""ci_low"":""48.570102"",""confidenceLevel"":null}",CC-BY-SA-4.0,https://creativecommons.org/licenses/by-sa/4.0/,"ZSL/WWF, Living Planet Index; source edition and retrieval date; Our World in Data processing where applicable.",36b87bf96cf579f6bcf5e9b97157573e897de62e65c7829bb9b3b460017d670c,"[{""datasetId"":""lpi-2024-owid"",""datasetVersion"":""OWID indicator 990513; updated 2024-09-30; snapshot 2026-10-08"",""sourceId"":""owid-lpi-2024"",""sourceUrl"":""https://ourworldindata.org/grapher/global-living-planet-index"",""sourceDate"":""2024-09-30"",""sourceEdition"":""LPR 2024"",""accessedDate"":""2026-10-08"",""inputPath"":""data/raw/public/owid-lpi-2024.csv"",""inputSha256"":""9764f5f4f9c9ff855090a34ba218b02d7878922eec485e7b42d497ce5b8b3f25"",""rowNumber"":330,""jsonPointer"":null,""locator"":""OWID lpi_final, ci_low, ci_high; conversionFactor=100; 2024 source edition"",""originalUnit"":""index-1970-100"",""originalValue"":""55.24195400000001"",""originalUncertainty"":{""ci_high"":""62.799525"",""ci_low"":""48.570102"",""confidenceLevel"":null},""rawRecord"":{""ci_high"":""62.799525"",""ci_low"":""48.570102"",""code"":""OWID_WRL"",""entity"":""World"",""lpi_final"":""55.24195400000001"",""year"":""1993""},""transformations"":[""Whitespace/NFC normalization; original row retained"",""Divide published 1970=100 index and bounds by 100; explicit metadata scale, not interpolation""]}]"
lpi-2024-owid-world-1994-1994,lpi-2024-owid,OWID indicator 990513; updated 2024-09-30; snapshot 2026-10-08,LPR 2024,lpi-2024-owid-world,global,Global,All,Monitored vertebrates,relative-index,index-1970-1,1970,1994,1994,0.53247344,source-bounds,0.4672641,0.60675395,,Interval confidence level not verified in chart metadata,,2024-09-30,2026-10-08,2026-10-08,index-1970-100,53.247344,"{""ci_high"":""60.675395"",""ci_low"":""46.72641"",""confidenceLevel"":null}",CC-BY-SA-4.0,https://creativecommons.org/licenses/by-sa/4.0/,"ZSL/WWF, Living Planet Index; source edition and retrieval date; Our World in Data processing where applicable.",36b87bf96cf579f6bcf5e9b97157573e897de62e65c7829bb9b3b460017d670c,"[{""datasetId"":""lpi-2024-owid"",""datasetVersion"":""OWID indicator 990513; updated 2024-09-30; snapshot 2026-10-08"",""sourceId"":""owid-lpi-2024"",""sourceUrl"":""https://ourworldindata.org/grapher/global-living-planet-index"",""sourceDate"":""2024-09-30"",""sourceEdition"":""LPR 2024"",""accessedDate"":""2026-10-08"",""inputPath"":""data/raw/public/owid-lpi-2024.csv"",""inputSha256"":""9764f5f4f9c9ff855090a34ba218b02d7878922eec485e7b42d497ce5b8b3f25"",""rowNumber"":331,""jsonPointer"":null,""locator"":""OWID lpi_final, ci_low, ci_high; conversionFactor=100; 2024 source edition"",""originalUnit"":""index-1970-100"",""originalValue"":""53.247344"",""originalUncertainty"":{""ci_high"":""60.675395"",""ci_low"":""46.72641"",""confidenceLevel"":null},""rawRecord"":{""ci_high"":""60.675395"",""ci_low"":""46.72641"",""code"":""OWID_WRL"",""entity"":""World"",""lpi_final"":""53.247344"",""year"":""1994""},""transformations"":[""Whitespace/NFC normalization; original row retained"",""Divide published 1970=100 index and bounds by 100; explicit metadata scale, not interpolation""]}]"
lpi-2024-owid-world-1995-1995,lpi-2024-owid,OWID indicator 990513; updated 2024-09-30; snapshot 2026-10-08,LPR 2024,lpi-2024-owid-world,global,Global,All,Monitored vertebrates,relative-index,index-1970-1,1970,1995,1995,0.51149136,source-bounds,0.4477669,0.58432174,,Interval confidence level not verified in chart metadata,,2024-09-30,2026-10-08,2026-10-08,index-1970-100,51.149136,"{""ci_high"":""58.432174"",""ci_low"":""44.77669"",""confidenceLevel"":null}",CC-BY-SA-4.0,https://creativecommons.org/licenses/by-sa/4.0/,"ZSL/WWF, Living Planet Index; source edition and retrieval date; Our World in Data processing where applicable.",36b87bf96cf579f6bcf5e9b97157573e897de62e65c7829bb9b3b460017d670c,"[{""datasetId"":""lpi-2024-owid"",""datasetVersion"":""OWID indicator 990513; updated 2024-09-30; snapshot 2026-10-08"",""sourceId"":""owid-lpi-2024"",""sourceUrl"":""https://ourworldindata.org/grapher/global-living-planet-index"",""sourceDate"":""2024-09-30"",""sourceEdition"":""LPR 2024"",""accessedDate"":""2026-10-08"",""inputPath"":""data/raw/public/owid-lpi-2024.csv"",""inputSha256"":""9764f5f4f9c9ff855090a34ba218b02d7878922eec485e7b42d497ce5b8b3f25"",""rowNumber"":332,""jsonPointer"":null,""locator"":""OWID lpi_final, ci_low, ci_high; conversionFactor=100; 2024 source edition"",""originalUnit"":""index-1970-100"",""originalValue"":""51.149136"",""originalUncertainty"":{""ci_high"":""58.432174"",""ci_low"":""44.77669"",""confidenceLevel"":null},""rawRecord"":{""ci_high"":""58.432174"",""ci_low"":""44.77669"",""code"":""OWID_WRL"",""entity"":""World"",""lpi_final"":""51.149136"",""year"":""1995""},""transformations"":[""Whitespace/NFC normalization; original row retained"",""Divide published 1970=100 index and bounds by 100; explicit metadata scale, not interpolation""]}]"
lpi-2024-owid-world-1996-1996,lpi-2024-owid,OWID indicator 990513; updated 2024-09-30; snapshot 2026-10-08,LPR 2024,lpi-2024-owid-world,global,Global,All,Monitored vertebrates,relative-index,index-1970-1,1970,1996,1996,0.5024958,source-bounds,0.4390801,0.5751728,,Interval confidence level not verified in chart metadata,,2024-09-30,2026-10-08,2026-10-08,index-1970-100,50.24958,"{""ci_high"":""57.51728000000001"",""ci_low"":""43.90801"",""confidenceLevel"":null}",CC-BY-SA-4.0,https://creativecommons.org/licenses/by-sa/4.0/,"ZSL/WWF, Living Planet Index; source edition and retrieval date; Our World in Data processing where applicable.",36b87bf96cf579f6bcf5e9b97157573e897de62e65c7829bb9b3b460017d670c,"[{""datasetId"":""lpi-2024-owid"",""datasetVersion"":""OWID indicator 990513; updated 2024-09-30; snapshot 2026-10-08"",""sourceId"":""owid-lpi-2024"",""sourceUrl"":""https://ourworldindata.org/grapher/global-living-planet-index"",""sourceDate"":""2024-09-30"",""sourceEdition"":""LPR 2024"",""accessedDate"":""2026-10-08"",""inputPath"":""data/raw/public/owid-lpi-2024.csv"",""inputSha256"":""9764f5f4f9c9ff855090a34ba218b02d7878922eec485e7b42d497ce5b8b3f25"",""rowNumber"":333,""jsonPointer"":null,""locator"":""OWID lpi_final, ci_low, ci_high; conversionFactor=100; 2024 source edition"",""originalUnit"":""index-1970-100"",""originalValue"":""50.24958"",""originalUncertainty"":{""ci_high"":""57.51728000000001"",""ci_low"":""43.90801"",""confidenceLevel"":null},""rawRecord"":{""ci_high"":""57.51728000000001"",""ci_low"":""43.90801"",""code"":""OWID_WRL"",""entity"":""World"",""lpi_final"":""50.24958"",""year"":""1996""},""transformations"":[""Whitespace/NFC normalization; original row retained"",""Divide published 1970=100 index and bounds by 100; explicit metadata scale, not interpolation""]}]"
lpi-2024-owid-world-1997-1997,lpi-2024-owid,OWID indicator 990513; updated 2024-09-30; snapshot 2026-10-08,LPR 2024,lpi-2024-owid-world,global,Global,All,Monitored vertebrates,relative-index,index-1970-1,1970,1997,1997,0.4892235,source-bounds,0.42653722000000005,0.5610058,,Interval confidence level not verified in chart metadata,,2024-09-30,2026-10-08,2026-10-08,index-1970-100,48.922349999999994,"{""ci_high"":""56.10058"",""ci_low"":""42.653722"",""confidenceLevel"":null}",CC-BY-SA-4.0,https://creativecommons.org/licenses/by-sa/4.0/,"ZSL/WWF, Living Planet Index; source edition and retrieval date; Our World in Data processing where applicable.",36b87bf96cf579f6bcf5e9b97157573e897de62e65c7829bb9b3b460017d670c,"[{""datasetId"":""lpi-2024-owid"",""datasetVersion"":""OWID indicator 990513; updated 2024-09-30; snapshot 2026-10-08"",""sourceId"":""owid-lpi-2024"",""sourceUrl"":""https://ourworldindata.org/grapher/global-living-planet-index"",""sourceDate"":""2024-09-30"",""sourceEdition"":""LPR 2024"",""accessedDate"":""2026-10-08"",""inputPath"":""data/raw/public/owid-lpi-2024.csv"",""inputSha256"":""9764f5f4f9c9ff855090a34ba218b02d7878922eec485e7b42d497ce5b8b3f25"",""rowNumber"":334,""jsonPointer"":null,""locator"":""OWID lpi_final, ci_low, ci_high; conversionFactor=100; 2024 source edition"",""originalUnit"":""index-1970-100"",""originalValue"":""48.922349999999994"",""originalUncertainty"":{""ci_high"":""56.10058"",""ci_low"":""42.653722"",""confidenceLevel"":null},""rawRecord"":{""ci_high"":""56.10058"",""ci_low"":""42.653722"",""code"":""OWID_WRL"",""entity"":""World"",""lpi_final"":""48.922349999999994"",""year"":""1997""},""transformations"":[""Whitespace/NFC normalization; original row retained"",""Divide published 1970=100 index and bounds by 100; explicit metadata scale, not interpolation""]}]"
lpi-2024-owid-world-1998-1998,lpi-2024-owid,OWID indicator 990513; updated 2024-09-30; snapshot 2026-10-08,LPR 2024,lpi-2024-owid-world,global,Global,All,Monitored vertebrates,relative-index,index-1970-1,1970,1998,1998,0.47500777,source-bounds,0.41331363,0.5456759,,Interval confidence level not verified in chart metadata,,2024-09-30,2026-10-08,2026-10-08,index-1970-100,47.500777,"{""ci_high"":""54.567589999999996"",""ci_low"":""41.331362999999996"",""confidenceLevel"":null}",CC-BY-SA-4.0,https://creativecommons.org/licenses/by-sa/4.0/,"ZSL/WWF, Living Planet Index; source edition and retrieval date; Our World in Data processing where applicable.",36b87bf96cf579f6bcf5e9b97157573e897de62e65c7829bb9b3b460017d670c,"[{""datasetId"":""lpi-2024-owid"",""datasetVersion"":""OWID indicator 990513; updated 2024-09-30; snapshot 2026-10-08"",""sourceId"":""owid-lpi-2024"",""sourceUrl"":""https://ourworldindata.org/grapher/global-living-planet-index"",""sourceDate"":""2024-09-30"",""sourceEdition"":""LPR 2024"",""accessedDate"":""2026-10-08"",""inputPath"":""data/raw/public/owid-lpi-2024.csv"",""inputSha256"":""9764f5f4f9c9ff855090a34ba218b02d7878922eec485e7b42d497ce5b8b3f25"",""rowNumber"":335,""jsonPointer"":null,""locator"":""OWID lpi_final, ci_low, ci_high; conversionFactor=100; 2024 source edition"",""originalUnit"":""index-1970-100"",""originalValue"":""47.500777"",""originalUncertainty"":{""ci_high"":""54.567589999999996"",""ci_low"":""41.331362999999996"",""confidenceLevel"":null},""rawRecord"":{""ci_high"":""54.567589999999996"",""ci_low"":""41.331362999999996"",""code"":""OWID_WRL"",""entity"":""World"",""lpi_final"":""47.500777"",""year"":""1998""},""transformations"":[""Whitespace/NFC normalization; original row retained"",""Divide published 1970=100 index and bounds by 100; explicit metadata scale, not interpolation""]}]"
lpi-2024-owid-world-1999-1999,lpi-2024-owid,OWID indicator 990513; updated 2024-09-30; snapshot 2026-10-08,LPR 2024,lpi-2024-owid-world,global,Global,All,Monitored vertebrates,relative-index,index-1970-1,1970,1999,1999,0.4567586,source-bounds,0.39681676,0.5253559,,Interval confidence level not verified in chart metadata,,2024-09-30,2026-10-08,2026-10-08,index-1970-100,45.67586,"{""ci_high"":""52.53559"",""ci_low"":""39.681675999999996"",""confidenceLevel"":null}",CC-BY-SA-4.0,https://creativecommons.org/licenses/by-sa/4.0/,"ZSL/WWF, Living Planet Index; source edition and retrieval date; Our World in Data processing where applicable.",36b87bf96cf579f6bcf5e9b97157573e897de62e65c7829bb9b3b460017d670c,"[{""datasetId"":""lpi-2024-owid"",""datasetVersion"":""OWID indicator 990513; updated 2024-09-30; snapshot 2026-10-08"",""sourceId"":""owid-lpi-2024"",""sourceUrl"":""https://ourworldindata.org/grapher/global-living-planet-index"",""sourceDate"":""2024-09-30"",""sourceEdition"":""LPR 2024"",""accessedDate"":""2026-10-08"",""inputPath"":""data/raw/public/owid-lpi-2024.csv"",""inputSha256"":""9764f5f4f9c9ff855090a34ba218b02d7878922eec485e7b42d497ce5b8b3f25"",""rowNumber"":336,""jsonPointer"":null,""locator"":""OWID lpi_final, ci_low, ci_high; conversionFactor=100; 2024 source edition"",""originalUnit"":""index-1970-100"",""originalValue"":""45.67586"",""originalUncertainty"":{""ci_high"":""52.53559"",""ci_low"":""39.681675999999996"",""confidenceLevel"":null},""rawRecord"":{""ci_high"":""52.53559"",""ci_low"":""39.681675999999996"",""code"":""OWID_WRL"",""entity"":""World"",""lpi_final"":""45.67586"",""year"":""1999""},""transformations"":[""Whitespace/NFC normalization; original row retained"",""Divide published 1970=100 index and bounds by 100; explicit metadata scale, not interpolation""]}]"
lpi-2024-owid-world-2000-2000,lpi-2024-owid,OWID indicator 990513; updated 2024-09-30; snapshot 2026-10-08,LPR 2024,lpi-2024-owid-world,global,Global,All,Monitored vertebrates,relative-index,index-1970-1,1970,2000,2000,0.44373488000000005,source-bounds,0.38475000000000004,0.5108871,,Interval confidence level not verified in chart metadata,,2024-09-30,2026-10-08,2026-10-08,index-1970-100,44.373488,"{""ci_high"":""51.088710000000006"",""ci_low"":""38.475"",""confidenceLevel"":null}",CC-BY-SA-4.0,https://creativecommons.org/licenses/by-sa/4.0/,"ZSL/WWF, Living Planet Index; source edition and retrieval date; Our World in Data processing where applicable.",36b87bf96cf579f6bcf5e9b97157573e897de62e65c7829bb9b3b460017d670c,"[{""datasetId"":""lpi-2024-owid"",""datasetVersion"":""OWID indicator 990513; updated 2024-09-30; snapshot 2026-10-08"",""sourceId"":""owid-lpi-2024"",""sourceUrl"":""https://ourworldindata.org/grapher/global-living-planet-index"",""sourceDate"":""2024-09-30"",""sourceEdition"":""LPR 2024"",""accessedDate"":""2026-10-08"",""inputPath"":""data/raw/public/owid-lpi-2024.csv"",""inputSha256"":""9764f5f4f9c9ff855090a34ba218b02d7878922eec485e7b42d497ce5b8b3f25"",""rowNumber"":337,""jsonPointer"":null,""locator"":""OWID lpi_final, ci_low, ci_high; conversionFactor=100; 2024 source edition"",""originalUnit"":""index-1970-100"",""originalValue"":""44.373488"",""originalUncertainty"":{""ci_high"":""51.088710000000006"",""ci_low"":""38.475"",""confidenceLevel"":null},""rawRecord"":{""ci_high"":""51.088710000000006"",""ci_low"":""38.475"",""code"":""OWID_WRL"",""entity"":""World"",""lpi_final"":""44.373488"",""year"":""2000""},""transformations"":[""Whitespace/NFC normalization; original row retained"",""Divide published 1970=100 index and bounds by 100; explicit metadata scale, not interpolation""]}]"
lpi-2024-owid-world-2001-2001,lpi-2024-owid,OWID indicator 990513; updated 2024-09-30; snapshot 2026-10-08,LPR 2024,lpi-2024-owid-world,global,Global,All,Monitored vertebrates,relative-index,index-1970-1,1970,2001,2001,0.43125597,source-bounds,0.3724875,0.49715665000000003,,Interval confidence level not verified in chart metadata,,2024-09-30,2026-10-08,2026-10-08,index-1970-100,43.125597,"{""ci_high"":""49.715665"",""ci_low"":""37.24875"",""confidenceLevel"":null}",CC-BY-SA-4.0,https://creativecommons.org/licenses/by-sa/4.0/,"ZSL/WWF, Living Planet Index; source edition and retrieval date; Our World in Data processing where applicable.",36b87bf96cf579f6bcf5e9b97157573e897de62e65c7829bb9b3b460017d670c,"[{""datasetId"":""lpi-2024-owid"",""datasetVersion"":""OWID indicator 990513; updated 2024-09-30; snapshot 2026-10-08"",""sourceId"":""owid-lpi-2024"",""sourceUrl"":""https://ourworldindata.org/grapher/global-living-planet-index"",""sourceDate"":""2024-09-30"",""sourceEdition"":""LPR 2024"",""accessedDate"":""2026-10-08"",""inputPath"":""data/raw/public/owid-lpi-2024.csv"",""inputSha256"":""9764f5f4f9c9ff855090a34ba218b02d7878922eec485e7b42d497ce5b8b3f25"",""rowNumber"":338,""jsonPointer"":null,""locator"":""OWID lpi_final, ci_low, ci_high; conversionFactor=100; 2024 source edition"",""originalUnit"":""index-1970-100"",""originalValue"":""43.125597"",""originalUncertainty"":{""ci_high"":""49.715665"",""ci_low"":""37.24875"",""confidenceLevel"":null},""rawRecord"":{""ci_high"":""49.715665"",""ci_low"":""37.24875"",""code"":""OWID_WRL"",""entity"":""World"",""lpi_final"":""43.125597"",""year"":""2001""},""transformations"":[""Whitespace/NFC normalization; original row retained"",""Divide published 1970=100 index and bounds by 100; explicit metadata scale, not interpolation""]}]"
lpi-2024-owid-world-2002-2002,lpi-2024-owid,OWID indicator 990513; updated 2024-09-30; snapshot 2026-10-08,LPR 2024,lpi-2024-owid-world,global,Global,All,Monitored vertebrates,relative-index,index-1970-1,1970,2002,2002,0.42013386,source-bounds,0.36136833,0.48545527,,Interval confidence level not verified in chart metadata,,2024-09-30,2026-10-08,2026-10-08,index-1970-100,42.013386000000004,"{""ci_high"":""48.545527"",""ci_low"":""36.136833"",""confidenceLevel"":null}",CC-BY-SA-4.0,https://creativecommons.org/licenses/by-sa/4.0/,"ZSL/WWF, Living Planet Index; source edition and retrieval date; Our World in Data processing where applicable.",36b87bf96cf579f6bcf5e9b97157573e897de62e65c7829bb9b3b460017d670c,"[{""datasetId"":""lpi-2024-owid"",""datasetVersion"":""OWID indicator 990513; updated 2024-09-30; snapshot 2026-10-08"",""sourceId"":""owid-lpi-2024"",""sourceUrl"":""https://ourworldindata.org/grapher/global-living-planet-index"",""sourceDate"":""2024-09-30"",""sourceEdition"":""LPR 2024"",""accessedDate"":""2026-10-08"",""inputPath"":""data/raw/public/owid-lpi-2024.csv"",""inputSha256"":""9764f5f4f9c9ff855090a34ba218b02d7878922eec485e7b42d497ce5b8b3f25"",""rowNumber"":339,""jsonPointer"":null,""locator"":""OWID lpi_final, ci_low, ci_high; conversionFactor=100; 2024 source edition"",""originalUnit"":""index-1970-100"",""originalValue"":""42.013386000000004"",""originalUncertainty"":{""ci_high"":""48.545527"",""ci_low"":""36.136833"",""confidenceLevel"":null},""rawRecord"":{""ci_high"":""48.545527"",""ci_low"":""36.136833"",""code"":""OWID_WRL"",""entity"":""World"",""lpi_final"":""42.013386000000004"",""year"":""2002""},""transformations"":[""Whitespace/NFC normalization; original row retained"",""Divide published 1970=100 index and bounds by 100; explicit metadata scale, not interpolation""]}]"
lpi-2024-owid-world-2003-2003,lpi-2024-owid,OWID indicator 990513; updated 2024-09-30; snapshot 2026-10-08,LPR 2024,lpi-2024-owid-world,global,Global,All,Monitored vertebrates,relative-index,index-1970-1,1970,2003,2003,0.40928477,source-bounds,0.35077903,0.47428122,,Interval confidence level not verified in chart metadata,,2024-09-30,2026-10-08,2026-10-08,index-1970-100,40.928477,"{""ci_high"":""47.428122"",""ci_low"":""35.077903"",""confidenceLevel"":null}",CC-BY-SA-4.0,https://creativecommons.org/licenses/by-sa/4.0/,"ZSL/WWF, Living Planet Index; source edition and retrieval date; Our World in Data processing where applicable.",36b87bf96cf579f6bcf5e9b97157573e897de62e65c7829bb9b3b460017d670c,"[{""datasetId"":""lpi-2024-owid"",""datasetVersion"":""OWID indicator 990513; updated 2024-09-30; snapshot 2026-10-08"",""sourceId"":""owid-lpi-2024"",""sourceUrl"":""https://ourworldindata.org/grapher/global-living-planet-index"",""sourceDate"":""2024-09-30"",""sourceEdition"":""LPR 2024"",""accessedDate"":""2026-10-08"",""inputPath"":""data/raw/public/owid-lpi-2024.csv"",""inputSha256"":""9764f5f4f9c9ff855090a34ba218b02d7878922eec485e7b42d497ce5b8b3f25"",""rowNumber"":340,""jsonPointer"":null,""locator"":""OWID lpi_final, ci_low, ci_high; conversionFactor=100; 2024 source edition"",""originalUnit"":""index-1970-100"",""originalValue"":""40.928477"",""originalUncertainty"":{""ci_high"":""47.428122"",""ci_low"":""35.077903"",""confidenceLevel"":null},""rawRecord"":{""ci_high"":""47.428122"",""ci_low"":""35.077903"",""code"":""OWID_WRL"",""entity"":""World"",""lpi_final"":""40.928477"",""year"":""2003""},""transformations"":[""Whitespace/NFC normalization; original row retained"",""Divide published 1970=100 index and bounds by 100; explicit metadata scale, not interpolation""]}]"
lpi-2024-owid-world-2004-2004,lpi-2024-owid,OWID indicator 990513; updated 2024-09-30; snapshot 2026-10-08,LPR 2024,lpi-2024-owid-world,global,Global,All,Monitored vertebrates,relative-index,index-1970-1,1970,2004,2004,0.39984033,source-bounds,0.34198290000000003,0.46452475,,Interval confidence level not verified in chart metadata,,2024-09-30,2026-10-08,2026-10-08,index-1970-100,39.984033000000004,"{""ci_high"":""46.452475"",""ci_low"":""34.19829"",""confidenceLevel"":null}",CC-BY-SA-4.0,https://creativecommons.org/licenses/by-sa/4.0/,"ZSL/WWF, Living Planet Index; source edition and retrieval date; Our World in Data processing where applicable.",36b87bf96cf579f6bcf5e9b97157573e897de62e65c7829bb9b3b460017d670c,"[{""datasetId"":""lpi-2024-owid"",""datasetVersion"":""OWID indicator 990513; updated 2024-09-30; snapshot 2026-10-08"",""sourceId"":""owid-lpi-2024"",""sourceUrl"":""https://ourworldindata.org/grapher/global-living-planet-index"",""sourceDate"":""2024-09-30"",""sourceEdition"":""LPR 2024"",""accessedDate"":""2026-10-08"",""inputPath"":""data/raw/public/owid-lpi-2024.csv"",""inputSha256"":""9764f5f4f9c9ff855090a34ba218b02d7878922eec485e7b42d497ce5b8b3f25"",""rowNumber"":341,""jsonPointer"":null,""locator"":""OWID lpi_final, ci_low, ci_high; conversionFactor=100; 2024 source edition"",""originalUnit"":""index-1970-100"",""originalValue"":""39.984033000000004"",""originalUncertainty"":{""ci_high"":""46.452475"",""ci_low"":""34.19829"",""confidenceLevel"":null},""rawRecord"":{""ci_high"":""46.452475"",""ci_low"":""34.19829"",""code"":""OWID_WRL"",""entity"":""World"",""lpi_final"":""39.984033000000004"",""year"":""2004""},""transformations"":[""Whitespace/NFC normalization; original row retained"",""Divide published 1970=100 index and bounds by 100; explicit metadata scale, not interpolation""]}]"
lpi-2024-owid-world-2005-2005,lpi-2024-owid,OWID indicator 990513; updated 2024-09-30; snapshot 2026-10-08,LPR 2024,lpi-2024-owid-world,global,Global,All,Monitored vertebrates,relative-index,index-1970-1,1970,2005,2005,0.3886755,source-bounds,0.33149043,0.4530568,,Interval confidence level not verified in chart metadata,,2024-09-30,2026-10-08,2026-10-08,index-1970-100,38.86755,"{""ci_high"":""45.305679999999995"",""ci_low"":""33.149043"",""confidenceLevel"":null}",CC-BY-SA-4.0,https://creativecommons.org/licenses/by-sa/4.0/,"ZSL/WWF, Living Planet Index; source edition and retrieval date; Our World in Data processing where applicable.",36b87bf96cf579f6bcf5e9b97157573e897de62e65c7829bb9b3b460017d670c,"[{""datasetId"":""lpi-2024-owid"",""datasetVersion"":""OWID indicator 990513; updated 2024-09-30; snapshot 2026-10-08"",""sourceId"":""owid-lpi-2024"",""sourceUrl"":""https://ourworldindata.org/grapher/global-living-planet-index"",""sourceDate"":""2024-09-30"",""sourceEdition"":""LPR 2024"",""accessedDate"":""2026-10-08"",""inputPath"":""data/raw/public/owid-lpi-2024.csv"",""inputSha256"":""9764f5f4f9c9ff855090a34ba218b02d7878922eec485e7b42d497ce5b8b3f25"",""rowNumber"":342,""jsonPointer"":null,""locator"":""OWID lpi_final, ci_low, ci_high; conversionFactor=100; 2024 source edition"",""originalUnit"":""index-1970-100"",""originalValue"":""38.86755"",""originalUncertainty"":{""ci_high"":""45.305679999999995"",""ci_low"":""33.149043"",""confidenceLevel"":null},""rawRecord"":{""ci_high"":""45.305679999999995"",""ci_low"":""33.149043"",""code"":""OWID_WRL"",""entity"":""World"",""lpi_final"":""38.86755"",""year"":""2005""},""transformations"":[""Whitespace/NFC normalization; original row retained"",""Divide published 1970=100 index and bounds by 100; explicit metadata scale, not interpolation""]}]"
lpi-2024-owid-world-2006-2006,lpi-2024-owid,OWID indicator 990513; updated 2024-09-30; snapshot 2026-10-08,LPR 2024,lpi-2024-owid-world,global,Global,All,Monitored vertebrates,relative-index,index-1970-1,1970,2006,2006,0.37449524000000006,source-bounds,0.3181733,0.43797645,,Interval confidence level not verified in chart metadata,,2024-09-30,2026-10-08,2026-10-08,index-1970-100,37.449524000000004,"{""ci_high"":""43.797645"",""ci_low"":""31.81733"",""confidenceLevel"":null}",CC-BY-SA-4.0,https://creativecommons.org/licenses/by-sa/4.0/,"ZSL/WWF, Living Planet Index; source edition and retrieval date; Our World in Data processing where applicable.",36b87bf96cf579f6bcf5e9b97157573e897de62e65c7829bb9b3b460017d670c,"[{""datasetId"":""lpi-2024-owid"",""datasetVersion"":""OWID indicator 990513; updated 2024-09-30; snapshot 2026-10-08"",""sourceId"":""owid-lpi-2024"",""sourceUrl"":""https://ourworldindata.org/grapher/global-living-planet-index"",""sourceDate"":""2024-09-30"",""sourceEdition"":""LPR 2024"",""accessedDate"":""2026-10-08"",""inputPath"":""data/raw/public/owid-lpi-2024.csv"",""inputSha256"":""9764f5f4f9c9ff855090a34ba218b02d7878922eec485e7b42d497ce5b8b3f25"",""rowNumber"":343,""jsonPointer"":null,""locator"":""OWID lpi_final, ci_low, ci_high; conversionFactor=100; 2024 source edition"",""originalUnit"":""index-1970-100"",""originalValue"":""37.449524000000004"",""originalUncertainty"":{""ci_high"":""43.797645"",""ci_low"":""31.81733"",""confidenceLevel"":null},""rawRecord"":{""ci_high"":""43.797645"",""ci_low"":""31.81733"",""code"":""OWID_WRL"",""entity"":""World"",""lpi_final"":""37.449524000000004"",""year"":""2006""},""transformations"":[""Whitespace/NFC normalization; original row retained"",""Divide published 1970=100 index and bounds by 100; explicit metadata scale, not interpolation""]}]"
lpi-2024-owid-world-2007-2007,lpi-2024-owid,OWID indicator 990513; updated 2024-09-30; snapshot 2026-10-08,LPR 2024,lpi-2024-owid-world,global,Global,All,Monitored vertebrates,relative-index,index-1970-1,1970,2007,2007,0.35952893,source-bounds,0.30440766,0.42204708,,Interval confidence level not verified in chart metadata,,2024-09-30,2026-10-08,2026-10-08,index-1970-100,35.952893,"{""ci_high"":""42.204708000000004"",""ci_low"":""30.440766000000004"",""confidenceLevel"":null}",CC-BY-SA-4.0,https://creativecommons.org/licenses/by-sa/4.0/,"ZSL/WWF, Living Planet Index; source edition and retrieval date; Our World in Data processing where applicable.",36b87bf96cf579f6bcf5e9b97157573e897de62e65c7829bb9b3b460017d670c,"[{""datasetId"":""lpi-2024-owid"",""datasetVersion"":""OWID indicator 990513; updated 2024-09-30; snapshot 2026-10-08"",""sourceId"":""owid-lpi-2024"",""sourceUrl"":""https://ourworldindata.org/grapher/global-living-planet-index"",""sourceDate"":""2024-09-30"",""sourceEdition"":""LPR 2024"",""accessedDate"":""2026-10-08"",""inputPath"":""data/raw/public/owid-lpi-2024.csv"",""inputSha256"":""9764f5f4f9c9ff855090a34ba218b02d7878922eec485e7b42d497ce5b8b3f25"",""rowNumber"":344,""jsonPointer"":null,""locator"":""OWID lpi_final, ci_low, ci_high; conversionFactor=100; 2024 source edition"",""originalUnit"":""index-1970-100"",""originalValue"":""35.952893"",""originalUncertainty"":{""ci_high"":""42.204708000000004"",""ci_low"":""30.440766000000004"",""confidenceLevel"":null},""rawRecord"":{""ci_high"":""42.204708000000004"",""ci_low"":""30.440766000000004"",""code"":""OWID_WRL"",""entity"":""World"",""lpi_final"":""35.952893"",""year"":""2007""},""transformations"":[""Whitespace/NFC normalization; original row retained"",""Divide published 1970=100 index and bounds by 100; explicit metadata scale, not interpolation""]}]"
lpi-2024-owid-world-2008-2008,lpi-2024-owid,OWID indicator 990513; updated 2024-09-30; snapshot 2026-10-08,LPR 2024,lpi-2024-owid-world,global,Global,All,Monitored vertebrates,relative-index,index-1970-1,1970,2008,2008,0.3435525300000001,source-bounds,0.2900488,0.40417475,,Interval confidence level not verified in chart metadata,,2024-09-30,2026-10-08,2026-10-08,index-1970-100,34.355253000000005,"{""ci_high"":""40.417475"",""ci_low"":""29.00488"",""confidenceLevel"":null}",CC-BY-SA-4.0,https://creativecommons.org/licenses/by-sa/4.0/,"ZSL/WWF, Living Planet Index; source edition and retrieval date; Our World in Data processing where applicable.",36b87bf96cf579f6bcf5e9b97157573e897de62e65c7829bb9b3b460017d670c,"[{""datasetId"":""lpi-2024-owid"",""datasetVersion"":""OWID indicator 990513; updated 2024-09-30; snapshot 2026-10-08"",""sourceId"":""owid-lpi-2024"",""sourceUrl"":""https://ourworldindata.org/grapher/global-living-planet-index"",""sourceDate"":""2024-09-30"",""sourceEdition"":""LPR 2024"",""accessedDate"":""2026-10-08"",""inputPath"":""data/raw/public/owid-lpi-2024.csv"",""inputSha256"":""9764f5f4f9c9ff855090a34ba218b02d7878922eec485e7b42d497ce5b8b3f25"",""rowNumber"":345,""jsonPointer"":null,""locator"":""OWID lpi_final, ci_low, ci_high; conversionFactor=100; 2024 source edition"",""originalUnit"":""index-1970-100"",""originalValue"":""34.355253000000005"",""originalUncertainty"":{""ci_high"":""40.417475"",""ci_low"":""29.00488"",""confidenceLevel"":null},""rawRecord"":{""ci_high"":""40.417475"",""ci_low"":""29.00488"",""code"":""OWID_WRL"",""entity"":""World"",""lpi_final"":""34.355253000000005"",""year"":""2008""},""transformations"":[""Whitespace/NFC normalization; original row retained"",""Divide published 1970=100 index and bounds by 100; explicit metadata scale, not interpolation""]}]"
lpi-2024-owid-world-2009-2009,lpi-2024-owid,OWID indicator 990513; updated 2024-09-30; snapshot 2026-10-08,LPR 2024,lpi-2024-owid-world,global,Global,All,Monitored vertebrates,relative-index,index-1970-1,1970,2009,2009,0.32711408,source-bounds,0.2755194,0.3858463,,Interval confidence level not verified in chart metadata,,2024-09-30,2026-10-08,2026-10-08,index-1970-100,32.711408,"{""ci_high"":""38.58463"",""ci_low"":""27.551940000000002"",""confidenceLevel"":null}",CC-BY-SA-4.0,https://creativecommons.org/licenses/by-sa/4.0/,"ZSL/WWF, Living Planet Index; source edition and retrieval date; Our World in Data processing where applicable.",36b87bf96cf579f6bcf5e9b97157573e897de62e65c7829bb9b3b460017d670c,"[{""datasetId"":""lpi-2024-owid"",""datasetVersion"":""OWID indicator 990513; updated 2024-09-30; snapshot 2026-10-08"",""sourceId"":""owid-lpi-2024"",""sourceUrl"":""https://ourworldindata.org/grapher/global-living-planet-index"",""sourceDate"":""2024-09-30"",""sourceEdition"":""LPR 2024"",""accessedDate"":""2026-10-08"",""inputPath"":""data/raw/public/owid-lpi-2024.csv"",""inputSha256"":""9764f5f4f9c9ff855090a34ba218b02d7878922eec485e7b42d497ce5b8b3f25"",""rowNumber"":346,""jsonPointer"":null,""locator"":""OWID lpi_final, ci_low, ci_high; conversionFactor=100; 2024 source edition"",""originalUnit"":""index-1970-100"",""originalValue"":""32.711408"",""originalUncertainty"":{""ci_high"":""38.58463"",""ci_low"":""27.551940000000002"",""confidenceLevel"":null},""rawRecord"":{""ci_high"":""38.58463"",""ci_low"":""27.551940000000002"",""code"":""OWID_WRL"",""entity"":""World"",""lpi_final"":""32.711408"",""year"":""2009""},""transformations"":[""Whitespace/NFC normalization; original row retained"",""Divide published 1970=100 index and bounds by 100; explicit metadata scale, not interpolation""]}]"
lpi-2024-owid-world-2010-2010,lpi-2024-owid,OWID indicator 990513; updated 2024-09-30; snapshot 2026-10-08,LPR 2024,lpi-2024-owid-world,global,Global,All,Monitored vertebrates,relative-index,index-1970-1,1970,2010,2010,0.3109998,source-bounds,0.2610503,0.36781594,,Interval confidence level not verified in chart metadata,,2024-09-30,2026-10-08,2026-10-08,index-1970-100,31.09998,"{""ci_high"":""36.781594"",""ci_low"":""26.105030000000003"",""confidenceLevel"":null}",CC-BY-SA-4.0,https://creativecommons.org/licenses/by-sa/4.0/,"ZSL/WWF, Living Planet Index; source edition and retrieval date; Our World in Data processing where applicable.",36b87bf96cf579f6bcf5e9b97157573e897de62e65c7829bb9b3b460017d670c,"[{""datasetId"":""lpi-2024-owid"",""datasetVersion"":""OWID indicator 990513; updated 2024-09-30; snapshot 2026-10-08"",""sourceId"":""owid-lpi-2024"",""sourceUrl"":""https://ourworldindata.org/grapher/global-living-planet-index"",""sourceDate"":""2024-09-30"",""sourceEdition"":""LPR 2024"",""accessedDate"":""2026-10-08"",""inputPath"":""data/raw/public/owid-lpi-2024.csv"",""inputSha256"":""9764f5f4f9c9ff855090a34ba218b02d7878922eec485e7b42d497ce5b8b3f25"",""rowNumber"":347,""jsonPointer"":null,""locator"":""OWID lpi_final, ci_low, ci_high; conversionFactor=100; 2024 source edition"",""originalUnit"":""index-1970-100"",""originalValue"":""31.09998"",""originalUncertainty"":{""ci_high"":""36.781594"",""ci_low"":""26.105030000000003"",""confidenceLevel"":null},""rawRecord"":{""ci_high"":""36.781594"",""ci_low"":""26.105030000000003"",""code"":""OWID_WRL"",""entity"":""World"",""lpi_final"":""31.09998"",""year"":""2010""},""transformations"":[""Whitespace/NFC normalization; original row retained"",""Divide published 1970=100 index and bounds by 100; explicit metadata scale, not interpolation""]}]"
lpi-2024-owid-world-2011-2011,lpi-2024-owid,OWID indicator 990513; updated 2024-09-30; snapshot 2026-10-08,LPR 2024,lpi-2024-owid-world,global,Global,All,Monitored vertebrates,relative-index,index-1970-1,1970,2011,2011,0.296028,source-bounds,0.24766229,0.35115495,,Interval confidence level not verified in chart metadata,,2024-09-30,2026-10-08,2026-10-08,index-1970-100,29.602800000000002,"{""ci_high"":""35.115495"",""ci_low"":""24.766229"",""confidenceLevel"":null}",CC-BY-SA-4.0,https://creativecommons.org/licenses/by-sa/4.0/,"ZSL/WWF, Living Planet Index; source edition and retrieval date; Our World in Data processing where applicable.",36b87bf96cf579f6bcf5e9b97157573e897de62e65c7829bb9b3b460017d670c,"[{""datasetId"":""lpi-2024-owid"",""datasetVersion"":""OWID indicator 990513; updated 2024-09-30; snapshot 2026-10-08"",""sourceId"":""owid-lpi-2024"",""sourceUrl"":""https://ourworldindata.org/grapher/global-living-planet-index"",""sourceDate"":""2024-09-30"",""sourceEdition"":""LPR 2024"",""accessedDate"":""2026-10-08"",""inputPath"":""data/raw/public/owid-lpi-2024.csv"",""inputSha256"":""9764f5f4f9c9ff855090a34ba218b02d7878922eec485e7b42d497ce5b8b3f25"",""rowNumber"":348,""jsonPointer"":null,""locator"":""OWID lpi_final, ci_low, ci_high; conversionFactor=100; 2024 source edition"",""originalUnit"":""index-1970-100"",""originalValue"":""29.602800000000002"",""originalUncertainty"":{""ci_high"":""35.115495"",""ci_low"":""24.766229"",""confidenceLevel"":null},""rawRecord"":{""ci_high"":""35.115495"",""ci_low"":""24.766229"",""code"":""OWID_WRL"",""entity"":""World"",""lpi_final"":""29.602800000000002"",""year"":""2011""},""transformations"":[""Whitespace/NFC normalization; original row retained"",""Divide published 1970=100 index and bounds by 100; explicit metadata scale, not interpolation""]}]"
lpi-2024-owid-world-2012-2012,lpi-2024-owid,OWID indicator 990513; updated 2024-09-30; snapshot 2026-10-08,LPR 2024,lpi-2024-owid-world,global,Global,All,Monitored vertebrates,relative-index,index-1970-1,1970,2012,2012,0.28667074,source-bounds,0.23899113,0.34080818,,Interval confidence level not verified in chart metadata,,2024-09-30,2026-10-08,2026-10-08,index-1970-100,28.667074,"{""ci_high"":""34.080818"",""ci_low"":""23.899113"",""confidenceLevel"":null}",CC-BY-SA-4.0,https://creativecommons.org/licenses/by-sa/4.0/,"ZSL/WWF, Living Planet Index; source edition and retrieval date; Our World in Data processing where applicable.",36b87bf96cf579f6bcf5e9b97157573e897de62e65c7829bb9b3b460017d670c,"[{""datasetId"":""lpi-2024-owid"",""datasetVersion"":""OWID indicator 990513; updated 2024-09-30; snapshot 2026-10-08"",""sourceId"":""owid-lpi-2024"",""sourceUrl"":""https://ourworldindata.org/grapher/global-living-planet-index"",""sourceDate"":""2024-09-30"",""sourceEdition"":""LPR 2024"",""accessedDate"":""2026-10-08"",""inputPath"":""data/raw/public/owid-lpi-2024.csv"",""inputSha256"":""9764f5f4f9c9ff855090a34ba218b02d7878922eec485e7b42d497ce5b8b3f25"",""rowNumber"":349,""jsonPointer"":null,""locator"":""OWID lpi_final, ci_low, ci_high; conversionFactor=100; 2024 source edition"",""originalUnit"":""index-1970-100"",""originalValue"":""28.667074"",""originalUncertainty"":{""ci_high"":""34.080818"",""ci_low"":""23.899113"",""confidenceLevel"":null},""rawRecord"":{""ci_high"":""34.080818"",""ci_low"":""23.899113"",""code"":""OWID_WRL"",""entity"":""World"",""lpi_final"":""28.667074"",""year"":""2012""},""transformations"":[""Whitespace/NFC normalization; original row retained"",""Divide published 1970=100 index and bounds by 100; explicit metadata scale, not interpolation""]}]"
lpi-2024-owid-world-2013-2013,lpi-2024-owid,OWID indicator 990513; updated 2024-09-30; snapshot 2026-10-08,LPR 2024,lpi-2024-owid-world,global,Global,All,Monitored vertebrates,relative-index,index-1970-1,1970,2013,2013,0.28413123,source-bounds,0.23625319,0.33846164,,Interval confidence level not verified in chart metadata,,2024-09-30,2026-10-08,2026-10-08,index-1970-100,28.413123000000002,"{""ci_high"":""33.846164"",""ci_low"":""23.625319"",""confidenceLevel"":null}",CC-BY-SA-4.0,https://creativecommons.org/licenses/by-sa/4.0/,"ZSL/WWF, Living Planet Index; source edition and retrieval date; Our World in Data processing where applicable.",36b87bf96cf579f6bcf5e9b97157573e897de62e65c7829bb9b3b460017d670c,"[{""datasetId"":""lpi-2024-owid"",""datasetVersion"":""OWID indicator 990513; updated 2024-09-30; snapshot 2026-10-08"",""sourceId"":""owid-lpi-2024"",""sourceUrl"":""https://ourworldindata.org/grapher/global-living-planet-index"",""sourceDate"":""2024-09-30"",""sourceEdition"":""LPR 2024"",""accessedDate"":""2026-10-08"",""inputPath"":""data/raw/public/owid-lpi-2024.csv"",""inputSha256"":""9764f5f4f9c9ff855090a34ba218b02d7878922eec485e7b42d497ce5b8b3f25"",""rowNumber"":350,""jsonPointer"":null,""locator"":""OWID lpi_final, ci_low, ci_high; conversionFactor=100; 2024 source edition"",""originalUnit"":""index-1970-100"",""originalValue"":""28.413123000000002"",""originalUncertainty"":{""ci_high"":""33.846164"",""ci_low"":""23.625319"",""confidenceLevel"":null},""rawRecord"":{""ci_high"":""33.846164"",""ci_low"":""23.625319"",""code"":""OWID_WRL"",""entity"":""World"",""lpi_final"":""28.413123000000002"",""year"":""2013""},""transformations"":[""Whitespace/NFC normalization; original row retained"",""Divide published 1970=100 index and bounds by 100; explicit metadata scale, not interpolation""]}]"
lpi-2024-owid-world-2014-2014,lpi-2024-owid,OWID indicator 990513; updated 2024-09-30; snapshot 2026-10-08,LPR 2024,lpi-2024-owid-world,global,Global,All,Monitored vertebrates,relative-index,index-1970-1,1970,2014,2014,0.28503707,source-bounds,0.23654816,0.34032404,,Interval confidence level not verified in chart metadata,,2024-09-30,2026-10-08,2026-10-08,index-1970-100,28.503707,"{""ci_high"":""34.032404"",""ci_low"":""23.654816"",""confidenceLevel"":null}",CC-BY-SA-4.0,https://creativecommons.org/licenses/by-sa/4.0/,"ZSL/WWF, Living Planet Index; source edition and retrieval date; Our World in Data processing where applicable.",36b87bf96cf579f6bcf5e9b97157573e897de62e65c7829bb9b3b460017d670c,"[{""datasetId"":""lpi-2024-owid"",""datasetVersion"":""OWID indicator 990513; updated 2024-09-30; snapshot 2026-10-08"",""sourceId"":""owid-lpi-2024"",""sourceUrl"":""https://ourworldindata.org/grapher/global-living-planet-index"",""sourceDate"":""2024-09-30"",""sourceEdition"":""LPR 2024"",""accessedDate"":""2026-10-08"",""inputPath"":""data/raw/public/owid-lpi-2024.csv"",""inputSha256"":""9764f5f4f9c9ff855090a34ba218b02d7878922eec485e7b42d497ce5b8b3f25"",""rowNumber"":351,""jsonPointer"":null,""locator"":""OWID lpi_final, ci_low, ci_high; conversionFactor=100; 2024 source edition"",""originalUnit"":""index-1970-100"",""originalValue"":""28.503707"",""originalUncertainty"":{""ci_high"":""34.032404"",""ci_low"":""23.654816"",""confidenceLevel"":null},""rawRecord"":{""ci_high"":""34.032404"",""ci_low"":""23.654816"",""code"":""OWID_WRL"",""entity"":""World"",""lpi_final"":""28.503707"",""year"":""2014""},""transformations"":[""Whitespace/NFC normalization; original row retained"",""Divide published 1970=100 index and bounds by 100; explicit metadata scale, not interpolation""]}]"
lpi-2024-owid-world-2015-2015,lpi-2024-owid,OWID indicator 990513; updated 2024-09-30; snapshot 2026-10-08,LPR 2024,lpi-2024-owid-world,global,Global,All,Monitored vertebrates,relative-index,index-1970-1,1970,2015,2015,0.28567332,source-bounds,0.23687129000000004,0.34192625,,Interval confidence level not verified in chart metadata,,2024-09-30,2026-10-08,2026-10-08,index-1970-100,28.567332,"{""ci_high"":""34.192625"",""ci_low"":""23.687129000000002"",""confidenceLevel"":null}",CC-BY-SA-4.0,https://creativecommons.org/licenses/by-sa/4.0/,"ZSL/WWF, Living Planet Index; source edition and retrieval date; Our World in Data processing where applicable.",36b87bf96cf579f6bcf5e9b97157573e897de62e65c7829bb9b3b460017d670c,"[{""datasetId"":""lpi-2024-owid"",""datasetVersion"":""OWID indicator 990513; updated 2024-09-30; snapshot 2026-10-08"",""sourceId"":""owid-lpi-2024"",""sourceUrl"":""https://ourworldindata.org/grapher/global-living-planet-index"",""sourceDate"":""2024-09-30"",""sourceEdition"":""LPR 2024"",""accessedDate"":""2026-10-08"",""inputPath"":""data/raw/public/owid-lpi-2024.csv"",""inputSha256"":""9764f5f4f9c9ff855090a34ba218b02d7878922eec485e7b42d497ce5b8b3f25"",""rowNumber"":352,""jsonPointer"":null,""locator"":""OWID lpi_final, ci_low, ci_high; conversionFactor=100; 2024 source edition"",""originalUnit"":""index-1970-100"",""originalValue"":""28.567332"",""originalUncertainty"":{""ci_high"":""34.192625"",""ci_low"":""23.687129000000002"",""confidenceLevel"":null},""rawRecord"":{""ci_high"":""34.192625"",""ci_low"":""23.687129000000002"",""code"":""OWID_WRL"",""entity"":""World"",""lpi_final"":""28.567332"",""year"":""2015""},""transformations"":[""Whitespace/NFC normalization; original row retained"",""Divide published 1970=100 index and bounds by 100; explicit metadata scale, not interpolation""]}]"
lpi-2024-owid-world-2016-2016,lpi-2024-owid,OWID indicator 990513; updated 2024-09-30; snapshot 2026-10-08,LPR 2024,lpi-2024-owid-world,global,Global,All,Monitored vertebrates,relative-index,index-1970-1,1970,2016,2016,0.2778848,source-bounds,0.22978655,0.33389944,,Interval confidence level not verified in chart metadata,,2024-09-30,2026-10-08,2026-10-08,index-1970-100,27.78848,"{""ci_high"":""33.389944"",""ci_low"":""22.978655"",""confidenceLevel"":null}",CC-BY-SA-4.0,https://creativecommons.org/licenses/by-sa/4.0/,"ZSL/WWF, Living Planet Index; source edition and retrieval date; Our World in Data processing where applicable.",36b87bf96cf579f6bcf5e9b97157573e897de62e65c7829bb9b3b460017d670c,"[{""datasetId"":""lpi-2024-owid"",""datasetVersion"":""OWID indicator 990513; updated 2024-09-30; snapshot 2026-10-08"",""sourceId"":""owid-lpi-2024"",""sourceUrl"":""https://ourworldindata.org/grapher/global-living-planet-index"",""sourceDate"":""2024-09-30"",""sourceEdition"":""LPR 2024"",""accessedDate"":""2026-10-08"",""inputPath"":""data/raw/public/owid-lpi-2024.csv"",""inputSha256"":""9764f5f4f9c9ff855090a34ba218b02d7878922eec485e7b42d497ce5b8b3f25"",""rowNumber"":353,""jsonPointer"":null,""locator"":""OWID lpi_final, ci_low, ci_high; conversionFactor=100; 2024 source edition"",""originalUnit"":""index-1970-100"",""originalValue"":""27.78848"",""originalUncertainty"":{""ci_high"":""33.389944"",""ci_low"":""22.978655"",""confidenceLevel"":null},""rawRecord"":{""ci_high"":""33.389944"",""ci_low"":""22.978655"",""code"":""OWID_WRL"",""entity"":""World"",""lpi_final"":""27.78848"",""year"":""2016""},""transformations"":[""Whitespace/NFC normalization; original row retained"",""Divide published 1970=100 index and bounds by 100; explicit metadata scale, not interpolation""]}]"
lpi-2024-owid-world-2017-2017,lpi-2024-owid,OWID indicator 990513; updated 2024-09-30; snapshot 2026-10-08,LPR 2024,lpi-2024-owid-world,global,Global,All,Monitored vertebrates,relative-index,index-1970-1,1970,2017,2017,0.2736987,source-bounds,0.22494209,0.330709,,Interval confidence level not verified in chart metadata,,2024-09-30,2026-10-08,2026-10-08,index-1970-100,27.369870000000002,"{""ci_high"":""33.070899999999995"",""ci_low"":""22.494209"",""confidenceLevel"":null}",CC-BY-SA-4.0,https://creativecommons.org/licenses/by-sa/4.0/,"ZSL/WWF, Living Planet Index; source edition and retrieval date; Our World in Data processing where applicable.",36b87bf96cf579f6bcf5e9b97157573e897de62e65c7829bb9b3b460017d670c,"[{""datasetId"":""lpi-2024-owid"",""datasetVersion"":""OWID indicator 990513; updated 2024-09-30; snapshot 2026-10-08"",""sourceId"":""owid-lpi-2024"",""sourceUrl"":""https://ourworldindata.org/grapher/global-living-planet-index"",""sourceDate"":""2024-09-30"",""sourceEdition"":""LPR 2024"",""accessedDate"":""2026-10-08"",""inputPath"":""data/raw/public/owid-lpi-2024.csv"",""inputSha256"":""9764f5f4f9c9ff855090a34ba218b02d7878922eec485e7b42d497ce5b8b3f25"",""rowNumber"":354,""jsonPointer"":null,""locator"":""OWID lpi_final, ci_low, ci_high; conversionFactor=100; 2024 source edition"",""originalUnit"":""index-1970-100"",""originalValue"":""27.369870000000002"",""originalUncertainty"":{""ci_high"":""33.070899999999995"",""ci_low"":""22.494209"",""confidenceLevel"":null},""rawRecord"":{""ci_high"":""33.070899999999995"",""ci_low"":""22.494209"",""code"":""OWID_WRL"",""entity"":""World"",""lpi_final"":""27.369870000000002"",""year"":""2017""},""transformations"":[""Whitespace/NFC normalization; original row retained"",""Divide published 1970=100 index and bounds by 100; explicit metadata scale, not interpolation""]}]"
lpi-2024-owid-world-2018-2018,lpi-2024-owid,OWID indicator 990513; updated 2024-09-30; snapshot 2026-10-08,LPR 2024,lpi-2024-owid-world,global,Global,All,Monitored vertebrates,relative-index,index-1970-1,1970,2018,2018,0.27097133,source-bounds,0.22094297,0.3297694,,Interval confidence level not verified in chart metadata,,2024-09-30,2026-10-08,2026-10-08,index-1970-100,27.097133,"{""ci_high"":""32.97694"",""ci_low"":""22.094296999999997"",""confidenceLevel"":null}",CC-BY-SA-4.0,https://creativecommons.org/licenses/by-sa/4.0/,"ZSL/WWF, Living Planet Index; source edition and retrieval date; Our World in Data processing where applicable.",36b87bf96cf579f6bcf5e9b97157573e897de62e65c7829bb9b3b460017d670c,"[{""datasetId"":""lpi-2024-owid"",""datasetVersion"":""OWID indicator 990513; updated 2024-09-30; snapshot 2026-10-08"",""sourceId"":""owid-lpi-2024"",""sourceUrl"":""https://ourworldindata.org/grapher/global-living-planet-index"",""sourceDate"":""2024-09-30"",""sourceEdition"":""LPR 2024"",""accessedDate"":""2026-10-08"",""inputPath"":""data/raw/public/owid-lpi-2024.csv"",""inputSha256"":""9764f5f4f9c9ff855090a34ba218b02d7878922eec485e7b42d497ce5b8b3f25"",""rowNumber"":355,""jsonPointer"":null,""locator"":""OWID lpi_final, ci_low, ci_high; conversionFactor=100; 2024 source edition"",""originalUnit"":""index-1970-100"",""originalValue"":""27.097133"",""originalUncertainty"":{""ci_high"":""32.97694"",""ci_low"":""22.094296999999997"",""confidenceLevel"":null},""rawRecord"":{""ci_high"":""32.97694"",""ci_low"":""22.094296999999997"",""code"":""OWID_WRL"",""entity"":""World"",""lpi_final"":""27.097133"",""year"":""2018""},""transformations"":[""Whitespace/NFC normalization; original row retained"",""Divide published 1970=100 index and bounds by 100; explicit metadata scale, not interpolation""]}]"
lpi-2024-owid-world-2019-2019,lpi-2024-owid,OWID indicator 990513; updated 2024-09-30; snapshot 2026-10-08,LPR 2024,lpi-2024-owid-world,global,Global,All,Monitored vertebrates,relative-index,index-1970-1,1970,2019,2019,0.27327448,source-bounds,0.22170989,0.33411340000000006,,Interval confidence level not verified in chart metadata,,2024-09-30,2026-10-08,2026-10-08,index-1970-100,27.327447999999997,"{""ci_high"":""33.41134"",""ci_low"":""22.170989"",""confidenceLevel"":null}",CC-BY-SA-4.0,https://creativecommons.org/licenses/by-sa/4.0/,"ZSL/WWF, Living Planet Index; source edition and retrieval date; Our World in Data processing where applicable.",36b87bf96cf579f6bcf5e9b97157573e897de62e65c7829bb9b3b460017d670c,"[{""datasetId"":""lpi-2024-owid"",""datasetVersion"":""OWID indicator 990513; updated 2024-09-30; snapshot 2026-10-08"",""sourceId"":""owid-lpi-2024"",""sourceUrl"":""https://ourworldindata.org/grapher/global-living-planet-index"",""sourceDate"":""2024-09-30"",""sourceEdition"":""LPR 2024"",""accessedDate"":""2026-10-08"",""inputPath"":""data/raw/public/owid-lpi-2024.csv"",""inputSha256"":""9764f5f4f9c9ff855090a34ba218b02d7878922eec485e7b42d497ce5b8b3f25"",""rowNumber"":356,""jsonPointer"":null,""locator"":""OWID lpi_final, ci_low, ci_high; conversionFactor=100; 2024 source edition"",""originalUnit"":""index-1970-100"",""originalValue"":""27.327447999999997"",""originalUncertainty"":{""ci_high"":""33.41134"",""ci_low"":""22.170989"",""confidenceLevel"":null},""rawRecord"":{""ci_high"":""33.41134"",""ci_low"":""22.170989"",""code"":""OWID_WRL"",""entity"":""World"",""lpi_final"":""27.327447999999997"",""year"":""2019""},""transformations"":[""Whitespace/NFC normalization; original row retained"",""Divide published 1970=100 index and bounds by 100; explicit metadata scale, not interpolation""]}]"
lpi-2024-owid-world-2020-2020,lpi-2024-owid,OWID indicator 990513; updated 2024-09-30; snapshot 2026-10-08,LPR 2024,lpi-2024-owid-world,global,Global,All,Monitored vertebrates,relative-index,index-1970-1,1970,2020,2020,0.27134067,source-bounds,0.21972492,0.3327644,,Interval confidence level not verified in chart metadata,,2024-09-30,2026-10-08,2026-10-08,index-1970-100,27.134067,"{""ci_high"":""33.27644"",""ci_low"":""21.972492"",""confidenceLevel"":null}",CC-BY-SA-4.0,https://creativecommons.org/licenses/by-sa/4.0/,"ZSL/WWF, Living Planet Index; source edition and retrieval date; Our World in Data processing where applicable.",36b87bf96cf579f6bcf5e9b97157573e897de62e65c7829bb9b3b460017d670c,"[{""datasetId"":""lpi-2024-owid"",""datasetVersion"":""OWID indicator 990513; updated 2024-09-30; snapshot 2026-10-08"",""sourceId"":""owid-lpi-2024"",""sourceUrl"":""https://ourworldindata.org/grapher/global-living-planet-index"",""sourceDate"":""2024-09-30"",""sourceEdition"":""LPR 2024"",""accessedDate"":""2026-10-08"",""inputPath"":""data/raw/public/owid-lpi-2024.csv"",""inputSha256"":""9764f5f4f9c9ff855090a34ba218b02d7878922eec485e7b42d497ce5b8b3f25"",""rowNumber"":357,""jsonPointer"":null,""locator"":""OWID lpi_final, ci_low, ci_high; conversionFactor=100; 2024 source edition"",""originalUnit"":""index-1970-100"",""originalValue"":""27.134067"",""originalUncertainty"":{""ci_high"":""33.27644"",""ci_low"":""21.972492"",""confidenceLevel"":null},""rawRecord"":{""ci_high"":""33.27644"",""ci_low"":""21.972492"",""code"":""OWID_WRL"",""entity"":""World"",""lpi_final"":""27.134067"",""year"":""2020""},""transformations"":[""Whitespace/NFC normalization; original row retained"",""Divide published 1970=100 index and bounds by 100; explicit metadata scale, not interpolation""]}]"
